WARNING: A terminally deprecated method in sun.misc.Unsafe has been called
WARNING: sun.misc.Unsafe::staticFieldBase has been called by com.google.inject.internal.aop.HiddenClassDefiner (file:/C:/Users/Youcode/.m2/wrapper/dists/apache-maven-3.9.11/03d7e36a140982eea48e22c1dcac01d8862b2550b2939e09a0809bbc5182a5bc/lib/guice-5.1.0-classes.jar)
WARNING: Please consider reporting this to the maintainers of class com.google.inject.internal.aop.HiddenClassDefiner
WARNING: sun.misc.Unsafe::staticFieldBase will be removed in a future release
[INFO] Scanning for projects...
Downloading from central: https://repo.maven.apache.org/maven2/org/springframework/boot/spring-boot-starter-parent/3.4.2/spring-boot-starter-parent-3.4.2.pom
Progress (1): 1.1 kB
Progress (1): 2.6 kB
Progress (1): 6.5 kB
Progress (1): 11 kB 
Progress (1): 13 kB
                   
Downloaded from central: https://repo.maven.apache.org/maven2/org/springframework/boot/spring-boot-starter-parent/3.4.2/spring-boot-starter-parent-3.4.2.pom (13 kB at 17 kB/s)
Downloading from central: https://repo.maven.apache.org/maven2/org/springframework/boot/spring-boot-dependencies/3.4.2/spring-boot-dependencies-3.4.2.pom
Progress (1): 1.0 kB
Progress (1): 2.7 kB
Progress (1): 4.1 kB
Progress (1): 6.3 kB
Progress (1): 8.7 kB
Progress (1): 10 kB 
Progress (1): 13 kB
Progress (1): 21 kB
Progress (1): 28 kB
Progress (1): 37 kB
Progress (1): 44 kB
Progress (1): 50 kB
Progress (1): 57 kB
Progress (1): 70 kB
Progress (1): 76 kB
Progress (1): 83 kB
Progress (1): 91 kB
Progress (1): 95 kB
Progress (1): 97 kB
                   
Downloaded from central: https://repo.maven.apache.org/maven2/org/springframework/boot/spring-boot-dependencies/3.4.2/spring-boot-dependencies-3.4.2.pom (97 kB at 1.4 MB/s)
Downloading from central: https://repo.maven.apache.org/maven2/org/apache/activemq/activemq-bom/6.1.5/activemq-bom-6.1.5.pom
Progress (1): 799 B
Progress (1): 1.9 kB
Progress (1): 7.9 kB
                    
Downloaded from central: https://repo.maven.apache.org/maven2/org/apache/activemq/activemq-bom/6.1.5/activemq-bom-6.1.5.pom (7.9 kB at 119 kB/s)
Downloading from central: https://repo.maven.apache.org/maven2/io/zipkin/reporter2/zipkin-reporter-bom/3.4.3/zipkin-reporter-bom-3.4.3.pom
Progress (1): 756 B
Progress (1): 1.8 kB
Progress (1): 5.2 kB
Progress (1): 6.4 kB
                    
Downloaded from central: https://repo.maven.apache.org/maven2/io/zipkin/reporter2/zipkin-reporter-bom/3.4.3/zipkin-reporter-bom-3.4.3.pom (6.4 kB at 59 kB/s)
Downloading from central: https://repo.maven.apache.org/maven2/org/infinispan/infinispan-bom/15.0.12.Final/infinispan-bom-15.0.12.Final.pom
Progress (1): 1.1 kB
Progress (1): 3.1 kB
Progress (1): 17 kB 
Progress (1): 18 kB
                   
Downloaded from central: https://repo.maven.apache.org/maven2/org/infinispan/infinispan-bom/15.0.12.Final/infinispan-bom-15.0.12.Final.pom (18 kB at 256 kB/s)
Downloading from central: https://repo.maven.apache.org/maven2/org/infinispan/infinispan-build-configuration-parent/15.0.12.Final/infinispan-build-configuration-parent-15.0.12.Final.pom
Progress (1): 992 B
Progress (1): 2.7 kB
Progress (1): 4.9 kB
Progress (1): 6.9 kB
Progress (1): 8.5 kB
Progress (1): 11 kB 
Progress (1): 13 kB
Progress (1): 14 kB
Progress (1): 18 kB
Progress (1): 19 kB
                   
Downloaded from central: https://repo.maven.apache.org/maven2/org/infinispan/infinispan-build-configuration-parent/15.0.12.Final/infinispan-build-configuration-parent-15.0.12.Final.pom (19 kB at 214 kB/s)
Downloading from central: https://repo.maven.apache.org/maven2/org/glassfish/jersey/jersey-bom/3.1.10/jersey-bom-3.1.10.pom
Progress (1): 841 B
Progress (1): 5.1 kB
Progress (1): 18 kB 
Progress (1): 21 kB
                   
Downloaded from central: https://repo.maven.apache.org/maven2/org/glassfish/jersey/jersey-bom/3.1.10/jersey-bom-3.1.10.pom (21 kB at 245 kB/s)
Downloading from central: https://repo.maven.apache.org/maven2/org/eclipse/jetty/ee10/jetty-ee10-bom/12.0.16/jetty-ee10-bom-12.0.16.pom
Progress (1): 1.1 kB
Progress (1): 3.7 kB
Progress (1): 9.6 kB
                    
Downloaded from central: https://repo.maven.apache.org/maven2/org/eclipse/jetty/ee10/jetty-ee10-bom/12.0.16/jetty-ee10-bom-12.0.16.pom (9.6 kB at 140 kB/s)
Downloading from central: https://repo.maven.apache.org/maven2/org/eclipse/jetty/jetty-bom/12.0.16/jetty-bom-12.0.16.pom
Progress (1): 1.1 kB
Progress (1): 3.8 kB
Progress (1): 14 kB 
Progress (1): 14 kB
                   
Downloaded from central: https://repo.maven.apache.org/maven2/org/eclipse/jetty/jetty-bom/12.0.16/jetty-bom-12.0.16.pom (14 kB at 216 kB/s)
Downloading from central: https://repo.maven.apache.org/maven2/io/micrometer/micrometer-bom/1.14.3/micrometer-bom-1.14.3.pom
Progress (1): 1.0 kB
Progress (1): 7.3 kB
Progress (1): 8.6 kB
                    
Downloaded from central: https://repo.maven.apache.org/maven2/io/micrometer/micrometer-bom/1.14.3/micrometer-bom-1.14.3.pom (8.6 kB at 121 kB/s)
Downloading from central: https://repo.maven.apache.org/maven2/io/micrometer/micrometer-tracing-bom/1.4.2/micrometer-tracing-bom-1.4.2.pom
Progress (1): 1.0 kB
Progress (1): 3.4 kB
Progress (1): 4.5 kB
                    
Downloaded from central: https://repo.maven.apache.org/maven2/io/micrometer/micrometer-tracing-bom/1.4.2/micrometer-tracing-bom-1.4.2.pom (4.5 kB at 65 kB/s)
Downloading from central: https://repo.maven.apache.org/maven2/io/netty/netty-bom/4.1.117.Final/netty-bom-4.1.117.Final.pom
Progress (1): 786 B
Progress (1): 1.9 kB
Progress (1): 9.3 kB
Progress (1): 14 kB 
                   
Downloaded from central: https://repo.maven.apache.org/maven2/io/netty/netty-bom/4.1.117.Final/netty-bom-4.1.117.Final.pom (14 kB at 117 kB/s)
Downloading from central: https://repo.maven.apache.org/maven2/io/prometheus/prometheus-metrics-bom/1.3.5/prometheus-metrics-bom-1.3.5.pom
Progress (1): 3.1 kB
Progress (1): 5.5 kB
                    
Downloaded from central: https://repo.maven.apache.org/maven2/io/prometheus/prometheus-metrics-bom/1.3.5/prometheus-metrics-bom-1.3.5.pom (5.5 kB at 51 kB/s)
Downloading from central: https://repo.maven.apache.org/maven2/io/prometheus/client_java/1.3.5/client_java-1.3.5.pom
Progress (1): 1.0 kB
Progress (1): 2.6 kB
Progress (1): 5.8 kB
Progress (1): 10 kB 
Progress (1): 15 kB
Progress (1): 17 kB
Progress (1): 21 kB
Progress (1): 22 kB
                   
Downloaded from central: https://repo.maven.apache.org/maven2/io/prometheus/client_java/1.3.5/client_java-1.3.5.pom (22 kB at 350 kB/s)
Downloading from central: https://repo.maven.apache.org/maven2/org/apache/pulsar/pulsar-bom/3.3.4/pulsar-bom-3.3.4.pom
Progress (1): 798 B
Progress (1): 2.4 kB
Progress (1): 4.5 kB
Progress (1): 14 kB 
Progress (1): 26 kB
                   
Downloaded from central: https://repo.maven.apache.org/maven2/org/apache/pulsar/pulsar-bom/3.3.4/pulsar-bom-3.3.4.pom (26 kB at 416 kB/s)
Downloading from central: https://repo.maven.apache.org/maven2/io/projectreactor/reactor-bom/2024.0.2/reactor-bom-2024.0.2.pom
Progress (1): 907 B
Progress (1): 4.4 kB
Progress (1): 4.8 kB
                    
Downloaded from central: https://repo.maven.apache.org/maven2/io/projectreactor/reactor-bom/2024.0.2/reactor-bom-2024.0.2.pom (4.8 kB at 76 kB/s)
Downloading from central: https://repo.maven.apache.org/maven2/org/springframework/amqp/spring-amqp-bom/3.2.2/spring-amqp-bom-3.2.2.pom
Progress (1): 963 B
Progress (1): 3.9 kB
                    
Downloaded from central: https://repo.maven.apache.org/maven2/org/springframework/amqp/spring-amqp-bom/3.2.2/spring-amqp-bom-3.2.2.pom (3.9 kB at 54 kB/s)
Downloading from central: https://repo.maven.apache.org/maven2/org/springframework/batch/spring-batch-bom/5.2.1/spring-batch-bom-5.2.1.pom
Progress (1): 1.2 kB
Progress (1): 3.2 kB
                    
Downloaded from central: https://repo.maven.apache.org/maven2/org/springframework/batch/spring-batch-bom/5.2.1/spring-batch-bom-5.2.1.pom (3.2 kB at 49 kB/s)
Downloading from central: https://repo.maven.apache.org/maven2/org/springframework/data/spring-data-bom/2024.1.2/spring-data-bom-2024.1.2.pom
Progress (1): 960 B
Progress (1): 2.5 kB
Progress (1): 5.5 kB
                    
Downloaded from central: https://repo.maven.apache.org/maven2/org/springframework/data/spring-data-bom/2024.1.2/spring-data-bom-2024.1.2.pom (5.5 kB at 90 kB/s)
Downloading from central: https://repo.maven.apache.org/maven2/org/springframework/spring-framework-bom/6.2.2/spring-framework-bom-6.2.2.pom
Progress (1): 979 B
Progress (1): 5.8 kB
                    
Downloaded from central: https://repo.maven.apache.org/maven2/org/springframework/spring-framework-bom/6.2.2/spring-framework-bom-6.2.2.pom (5.8 kB at 99 kB/s)
Downloading from central: https://repo.maven.apache.org/maven2/org/springframework/integration/spring-integration-bom/6.4.1/spring-integration-bom-6.4.1.pom
Progress (1): 961 B
Progress (1): 6.7 kB
Progress (1): 10 kB 
                   
Downloaded from central: https://repo.maven.apache.org/maven2/org/springframework/integration/spring-integration-bom/6.4.1/spring-integration-bom-6.4.1.pom (10 kB at 168 kB/s)
Downloading from central: https://repo.maven.apache.org/maven2/org/springframework/pulsar/spring-pulsar-bom/1.2.2/spring-pulsar-bom-1.2.2.pom
Progress (1): 959 B
Progress (1): 2.9 kB
                    
Downloaded from central: https://repo.maven.apache.org/maven2/org/springframework/pulsar/spring-pulsar-bom/1.2.2/spring-pulsar-bom-1.2.2.pom (2.9 kB at 50 kB/s)
Downloading from central: https://repo.maven.apache.org/maven2/org/springframework/security/spring-security-bom/6.4.2/spring-security-bom-6.4.2.pom
Progress (1): 973 B
Progress (1): 5.3 kB
                    
Downloaded from central: https://repo.maven.apache.org/maven2/org/springframework/security/spring-security-bom/6.4.2/spring-security-bom-6.4.2.pom (5.3 kB at 90 kB/s)
Downloading from central: https://repo.maven.apache.org/maven2/org/springframework/session/spring-session-bom/3.4.1/spring-session-bom-3.4.1.pom
Progress (1): 1.0 kB
Progress (1): 2.9 kB
                    
Downloaded from central: https://repo.maven.apache.org/maven2/org/springframework/session/spring-session-bom/3.4.1/spring-session-bom-3.4.1.pom (2.9 kB at 51 kB/s)
[INFO] 
[INFO] ------------------< org.userManagement:TraceAndTrust >------------------
[INFO] Building TraceAndTrust 0.0.1-SNAPSHOT
[INFO]   from pom.xml
[INFO] --------------------------------[ jar ]---------------------------------
Downloading from central: https://repo.maven.apache.org/maven2/org/springframework/boot/spring-boot-maven-plugin/3.4.2/spring-boot-maven-plugin-3.4.2.pom
Progress (1): 1.3 kB
Progress (1): 4.0 kB
                    
Downloaded from central: https://repo.maven.apache.org/maven2/org/springframework/boot/spring-boot-maven-plugin/3.4.2/spring-boot-maven-plugin-3.4.2.pom (4.0 kB at 61 kB/s)
Downloading from central: https://repo.maven.apache.org/maven2/org/springframework/boot/spring-boot-maven-plugin/3.4.2/spring-boot-maven-plugin-3.4.2.jar
Progress (1): 3.8/137 kB
Progress (1): 8.0/137 kB
Progress (1): 12/137 kB 
Progress (1): 16/137 kB
Progress (1): 21/137 kB
Progress (1): 25/137 kB
Progress (1): 29/137 kB
Progress (1): 33/137 kB
Progress (1): 37/137 kB
Progress (1): 41/137 kB
Progress (1): 46/137 kB
Progress (1): 50/137 kB
Progress (1): 54/137 kB
Progress (1): 58/137 kB
Progress (1): 63/137 kB
Progress (1): 67/137 kB
Progress (1): 71/137 kB
Progress (1): 75/137 kB
Progress (1): 79/137 kB
Progress (1): 84/137 kB
Progress (1): 88/137 kB
Progress (1): 104/137 kB
Progress (1): 121/137 kB
Progress (1): 137/137 kB
Progress (1): 137 kB    
                    
Downloaded from central: https://repo.maven.apache.org/maven2/org/springframework/boot/spring-boot-maven-plugin/3.4.2/spring-boot-maven-plugin-3.4.2.jar (137 kB at 1.4 MB/s)
Downloading from central: https://repo.maven.apache.org/maven2/org/apache/maven/plugins/maven-clean-plugin/3.4.0/maven-clean-plugin-3.4.0.pom
Progress (1): 800 B
Progress (1): 2.3 kB
Progress (1): 4.7 kB
Progress (1): 5.5 kB
                    
Downloaded from central: https://repo.maven.apache.org/maven2/org/apache/maven/plugins/maven-clean-plugin/3.4.0/maven-clean-plugin-3.4.0.pom (5.5 kB at 88 kB/s)
Downloading from central: https://repo.maven.apache.org/maven2/org/apache/maven/plugins/maven-clean-plugin/3.4.0/maven-clean-plugin-3.4.0.jar
Progress (1): 7.7/36 kB
Progress (1): 16/36 kB 
Progress (1): 32/36 kB
Progress (1): 36 kB   
                   
Downloaded from central: https://repo.maven.apache.org/maven2/org/apache/maven/plugins/maven-clean-plugin/3.4.0/maven-clean-plugin-3.4.0.jar (36 kB at 509 kB/s)
Downloading from central: https://repo.maven.apache.org/maven2/org/springframework/boot/spring-boot-starter-aop/3.4.2/spring-boot-starter-aop-3.4.2.pom
Progress (1): 964 B
Progress (1): 2.5 kB
                    
Downloaded from central: https://repo.maven.apache.org/maven2/org/springframework/boot/spring-boot-starter-aop/3.4.2/spring-boot-starter-aop-3.4.2.pom (2.5 kB at 40 kB/s)
Downloading from central: https://repo.maven.apache.org/maven2/org/springframework/boot/spring-boot-starter/3.4.2/spring-boot-starter-3.4.2.pom
Progress (1): 947 B
Progress (1): 3.0 kB
                    
Downloaded from central: https://repo.maven.apache.org/maven2/org/springframework/boot/spring-boot-starter/3.4.2/spring-boot-starter-3.4.2.pom (3.0 kB at 45 kB/s)
Downloading from central: https://repo.maven.apache.org/maven2/org/springframework/boot/spring-boot/3.4.2/spring-boot-3.4.2.pom
Progress (1): 1.0 kB
Progress (1): 2.2 kB
                    
Downloaded from central: https://repo.maven.apache.org/maven2/org/springframework/boot/spring-boot/3.4.2/spring-boot-3.4.2.pom (2.2 kB at 37 kB/s)
Downloading from central: https://repo.maven.apache.org/maven2/org/springframework/spring-core/6.2.2/spring-core-6.2.2.pom
Progress (1): 1.1 kB
Progress (1): 2.0 kB
                    
Downloaded from central: https://repo.maven.apache.org/maven2/org/springframework/spring-core/6.2.2/spring-core-6.2.2.pom (2.0 kB at 34 kB/s)
Downloading from central: https://repo.maven.apache.org/maven2/org/springframework/spring-jcl/6.2.2/spring-jcl-6.2.2.pom
Progress (1): 1.1 kB
Progress (1): 1.8 kB
                    
Downloaded from central: https://repo.maven.apache.org/maven2/org/springframework/spring-jcl/6.2.2/spring-jcl-6.2.2.pom (1.8 kB at 32 kB/s)
Downloading from central: https://repo.maven.apache.org/maven2/org/springframework/spring-context/6.2.2/spring-context-6.2.2.pom
Progress (1): 1.0 kB
Progress (1): 2.8 kB
                    
Downloaded from central: https://repo.maven.apache.org/maven2/org/springframework/spring-context/6.2.2/spring-context-6.2.2.pom (2.8 kB at 50 kB/s)
Downloading from central: https://repo.maven.apache.org/maven2/org/springframework/spring-aop/6.2.2/spring-aop-6.2.2.pom
Progress (1): 1.1 kB
Progress (1): 2.2 kB
                    
Downloaded from central: https://repo.maven.apache.org/maven2/org/springframework/spring-aop/6.2.2/spring-aop-6.2.2.pom (2.2 kB at 41 kB/s)
Downloading from central: https://repo.maven.apache.org/maven2/org/springframework/spring-beans/6.2.2/spring-beans-6.2.2.pom
Progress (1): 1.1 kB
Progress (1): 2.0 kB
                    
Downloaded from central: https://repo.maven.apache.org/maven2/org/springframework/spring-beans/6.2.2/spring-beans-6.2.2.pom (2.0 kB at 33 kB/s)
Downloading from central: https://repo.maven.apache.org/maven2/org/springframework/spring-expression/6.2.2/spring-expression-6.2.2.pom
Progress (1): 1.1 kB
Progress (1): 2.1 kB
                    
Downloaded from central: https://repo.maven.apache.org/maven2/org/springframework/spring-expression/6.2.2/spring-expression-6.2.2.pom (2.1 kB at 35 kB/s)
Downloading from central: https://repo.maven.apache.org/maven2/io/micrometer/micrometer-observation/1.14.3/micrometer-observation-1.14.3.pom
Progress (1): 1.1 kB
Progress (1): 3.4 kB
Progress (1): 3.8 kB
                    
Downloaded from central: https://repo.maven.apache.org/maven2/io/micrometer/micrometer-observation/1.14.3/micrometer-observation-1.14.3.pom (3.8 kB at 41 kB/s)
Downloading from central: https://repo.maven.apache.org/maven2/io/micrometer/micrometer-commons/1.14.3/micrometer-commons-1.14.3.pom
Progress (1): 1.1 kB
Progress (1): 3.1 kB
Progress (1): 3.4 kB
                    
Downloaded from central: https://repo.maven.apache.org/maven2/io/micrometer/micrometer-commons/1.14.3/micrometer-commons-1.14.3.pom (3.4 kB at 53 kB/s)
Downloading from central: https://repo.maven.apache.org/maven2/org/springframework/boot/spring-boot-autoconfigure/3.4.2/spring-boot-autoconfigure-3.4.2.pom
Progress (1): 1.0 kB
Progress (1): 2.1 kB
                    
Downloaded from central: https://repo.maven.apache.org/maven2/org/springframework/boot/spring-boot-autoconfigure/3.4.2/spring-boot-autoconfigure-3.4.2.pom (2.1 kB at 29 kB/s)
Downloading from central: https://repo.maven.apache.org/maven2/org/springframework/boot/spring-boot-starter-logging/3.4.2/spring-boot-starter-logging-3.4.2.pom
Progress (1): 983 B
Progress (1): 2.5 kB
                    
Downloaded from central: https://repo.maven.apache.org/maven2/org/springframework/boot/spring-boot-starter-logging/3.4.2/spring-boot-starter-logging-3.4.2.pom (2.5 kB at 40 kB/s)
Downloading from central: https://repo.maven.apache.org/maven2/ch/qos/logback/logback-classic/1.5.16/logback-classic-1.5.16.pom
Progress (1): 1.7 kB
Progress (1): 4.8 kB
Progress (1): 8.2 kB
Progress (1): 11 kB 
Progress (1): 13 kB
Progress (1): 13 kB
                   
Downloaded from central: https://repo.maven.apache.org/maven2/ch/qos/logback/logback-classic/1.5.16/logback-classic-1.5.16.pom (13 kB at 228 kB/s)
Downloading from central: https://repo.maven.apache.org/maven2/ch/qos/logback/logback-parent/1.5.16/logback-parent-1.5.16.pom
Progress (1): 1.1 kB
Progress (1): 2.7 kB
Progress (1): 4.9 kB
Progress (1): 10 kB 
Progress (1): 14 kB
Progress (1): 17 kB
Progress (1): 18 kB
                   
Downloaded from central: https://repo.maven.apache.org/maven2/ch/qos/logback/logback-parent/1.5.16/logback-parent-1.5.16.pom (18 kB at 227 kB/s)
Downloading from central: https://repo.maven.apache.org/maven2/ch/qos/logback/logback-core/1.5.16/logback-core-1.5.16.pom
Progress (1): 1.8 kB
Progress (1): 5.1 kB
Progress (1): 7.9 kB
                    
Downloaded from central: https://repo.maven.apache.org/maven2/ch/qos/logback/logback-core/1.5.16/logback-core-1.5.16.pom (7.9 kB at 93 kB/s)
Downloading from central: https://repo.maven.apache.org/maven2/org/slf4j/slf4j-api/2.0.16/slf4j-api-2.0.16.pom
Progress (1): 1.1 kB
Progress (1): 2.8 kB
                    
Downloaded from central: https://repo.maven.apache.org/maven2/org/slf4j/slf4j-api/2.0.16/slf4j-api-2.0.16.pom (2.8 kB at 23 kB/s)
Downloading from central: https://repo.maven.apache.org/maven2/org/slf4j/slf4j-parent/2.0.16/slf4j-parent-2.0.16.pom
Progress (1): 953 B
Progress (1): 3.2 kB
Progress (1): 6.0 kB
Progress (1): 8.2 kB
Progress (1): 11 kB 
Progress (1): 13 kB
                   
Downloaded from central: https://repo.maven.apache.org/maven2/org/slf4j/slf4j-parent/2.0.16/slf4j-parent-2.0.16.pom (13 kB at 178 kB/s)
Downloading from central: https://repo.maven.apache.org/maven2/org/slf4j/slf4j-bom/2.0.16/slf4j-bom-2.0.16.pom
Progress (1): 1.0 kB
Progress (1): 4.6 kB
Progress (1): 7.3 kB
Progress (1): 7.3 kB
                    
Downloaded from central: https://repo.maven.apache.org/maven2/org/slf4j/slf4j-bom/2.0.16/slf4j-bom-2.0.16.pom (7.3 kB at 76 kB/s)
Downloading from central: https://repo.maven.apache.org/maven2/org/slf4j/jul-to-slf4j/2.0.16/jul-to-slf4j-2.0.16.pom
Progress (1): 1.1 kB
                    
Downloaded from central: https://repo.maven.apache.org/maven2/org/slf4j/jul-to-slf4j/2.0.16/jul-to-slf4j-2.0.16.pom (1.1 kB at 17 kB/s)
Downloading from central: https://repo.maven.apache.org/maven2/org/aspectj/aspectjweaver/1.9.22.1/aspectjweaver-1.9.22.1.pom
Progress (1): 984 B
Progress (1): 2.2 kB
                    
Downloaded from central: https://repo.maven.apache.org/maven2/org/aspectj/aspectjweaver/1.9.22.1/aspectjweaver-1.9.22.1.pom (2.2 kB at 31 kB/s)
Downloading from central: https://repo.maven.apache.org/maven2/org/springframework/boot/spring-boot-starter-data-jpa/3.4.2/spring-boot-starter-data-jpa-3.4.2.pom
Progress (1): 976 B
Progress (1): 2.9 kB
                    
Downloaded from central: https://repo.maven.apache.org/maven2/org/springframework/boot/spring-boot-starter-data-jpa/3.4.2/spring-boot-starter-data-jpa-3.4.2.pom (2.9 kB at 35 kB/s)
Downloading from central: https://repo.maven.apache.org/maven2/org/springframework/boot/spring-boot-starter-jdbc/3.4.2/spring-boot-starter-jdbc-3.4.2.pom
Progress (1): 965 B
Progress (1): 2.5 kB
                    
Downloaded from central: https://repo.maven.apache.org/maven2/org/springframework/boot/spring-boot-starter-jdbc/3.4.2/spring-boot-starter-jdbc-3.4.2.pom (2.5 kB at 42 kB/s)
Downloading from central: https://repo.maven.apache.org/maven2/org/springframework/spring-jdbc/6.2.2/spring-jdbc-6.2.2.pom
Progress (1): 1.0 kB
Progress (1): 2.4 kB
                    
Downloaded from central: https://repo.maven.apache.org/maven2/org/springframework/spring-jdbc/6.2.2/spring-jdbc-6.2.2.pom (2.4 kB at 44 kB/s)
Downloading from central: https://repo.maven.apache.org/maven2/org/springframework/spring-tx/6.2.2/spring-tx-6.2.2.pom
Progress (1): 1.1 kB
Progress (1): 2.2 kB
                    
Downloaded from central: https://repo.maven.apache.org/maven2/org/springframework/spring-tx/6.2.2/spring-tx-6.2.2.pom (2.2 kB at 38 kB/s)
Downloading from central: https://repo.maven.apache.org/maven2/org/hibernate/orm/hibernate-core/6.6.5.Final/hibernate-core-6.6.5.Final.pom
Progress (1): 1.1 kB
Progress (1): 5.5 kB
Progress (1): 5.8 kB
                    
Downloaded from central: https://repo.maven.apache.org/maven2/org/hibernate/orm/hibernate-core/6.6.5.Final/hibernate-core-6.6.5.Final.pom (5.8 kB at 99 kB/s)
Downloading from central: https://repo.maven.apache.org/maven2/net/bytebuddy/byte-buddy/1.15.11/byte-buddy-1.15.11.pom
Progress (1): 959 B
Progress (1): 3.7 kB
Progress (1): 6.8 kB
Progress (1): 15 kB 
Progress (1): 17 kB
                   
Downloaded from central: https://repo.maven.apache.org/maven2/net/bytebuddy/byte-buddy/1.15.11/byte-buddy-1.15.11.pom (17 kB at 299 kB/s)
Downloading from central: https://repo.maven.apache.org/maven2/net/bytebuddy/byte-buddy-parent/1.15.11/byte-buddy-parent-1.15.11.pom
Progress (1): 836 B
Progress (1): 2.1 kB
Progress (1): 3.7 kB
Progress (1): 6.2 kB
Progress (1): 8.1 kB
Progress (1): 11 kB 
Progress (1): 13 kB
Progress (1): 17 kB
Progress (1): 22 kB
Progress (1): 25 kB
Progress (1): 35 kB
Progress (1): 47 kB
Progress (1): 52 kB
Progress (1): 58 kB
Progress (1): 63 kB
                   
Downloaded from central: https://repo.maven.apache.org/maven2/net/bytebuddy/byte-buddy-parent/1.15.11/byte-buddy-parent-1.15.11.pom (63 kB at 932 kB/s)
Downloading from central: https://repo.maven.apache.org/maven2/org/springframework/data/spring-data-jpa/3.4.2/spring-data-jpa-3.4.2.pom
Progress (1): 1.4 kB
Progress (1): 5.2 kB
Progress (1): 8.3 kB
Progress (1): 11 kB 
Progress (1): 12 kB
                   
Downloaded from central: https://repo.maven.apache.org/maven2/org/springframework/data/spring-data-jpa/3.4.2/spring-data-jpa-3.4.2.pom (12 kB at 221 kB/s)
Downloading from central: https://repo.maven.apache.org/maven2/org/springframework/data/spring-data-jpa-parent/3.4.2/spring-data-jpa-parent-3.4.2.pom
Progress (1): 1.2 kB
Progress (1): 3.6 kB
Progress (1): 6.5 kB
Progress (1): 8.4 kB
                    
Downloaded from central: https://repo.maven.apache.org/maven2/org/springframework/data/spring-data-jpa-parent/3.4.2/spring-data-jpa-parent-3.4.2.pom (8.4 kB at 152 kB/s)
Downloading from central: https://repo.maven.apache.org/maven2/org/springframework/data/build/spring-data-parent/3.4.2/spring-data-parent-3.4.2.pom
Progress (1): 732 B
Progress (1): 2.3 kB
Progress (1): 3.4 kB
Progress (1): 4.7 kB
Progress (1): 6.2 kB
Progress (1): 8.3 kB
Progress (1): 12 kB 
Progress (1): 15 kB
Progress (1): 18 kB
Progress (1): 21 kB
Progress (1): 28 kB
Progress (1): 32 kB
Progress (1): 36 kB
Progress (1): 40 kB
Progress (1): 43 kB
                   
Downloaded from central: https://repo.maven.apache.org/maven2/org/springframework/data/build/spring-data-parent/3.4.2/spring-data-parent-3.4.2.pom (43 kB at 765 kB/s)
Downloading from central: https://repo.maven.apache.org/maven2/org/springframework/data/build/spring-data-build/3.4.2/spring-data-build-3.4.2.pom
Progress (1): 954 B
Progress (1): 2.5 kB
Progress (1): 4.7 kB
Progress (1): 7.1 kB
                    
Downloaded from central: https://repo.maven.apache.org/maven2/org/springframework/data/build/spring-data-build/3.4.2/spring-data-build-3.4.2.pom (7.1 kB at 137 kB/s)
Downloading from central: https://repo.maven.apache.org/maven2/org/springframework/data/spring-data-commons/3.4.2/spring-data-commons-3.4.2.pom
Progress (1): 1.2 kB
Progress (1): 5.3 kB
Progress (1): 9.2 kB
Progress (1): 9.9 kB
                    
Downloaded from central: https://repo.maven.apache.org/maven2/org/springframework/data/spring-data-commons/3.4.2/spring-data-commons-3.4.2.pom (9.9 kB at 181 kB/s)
Downloading from central: https://repo.maven.apache.org/maven2/org/springframework/spring-orm/6.2.2/spring-orm-6.2.2.pom
Progress (1): 1.1 kB
Progress (1): 2.6 kB
                    
Downloaded from central: https://repo.maven.apache.org/maven2/org/springframework/spring-orm/6.2.2/spring-orm-6.2.2.pom (2.6 kB at 50 kB/s)
Downloading from central: https://repo.maven.apache.org/maven2/org/springframework/spring-aspects/6.2.2/spring-aspects-6.2.2.pom
Progress (1): 1.1 kB
Progress (1): 2.0 kB
                    
Downloaded from central: https://repo.maven.apache.org/maven2/org/springframework/spring-aspects/6.2.2/spring-aspects-6.2.2.pom (2.0 kB at 37 kB/s)
Downloading from central: https://repo.maven.apache.org/maven2/org/springframework/boot/spring-boot-starter-validation/3.4.2/spring-boot-starter-validation-3.4.2.pom
Progress (1): 976 B
Progress (1): 2.5 kB
                    
Downloaded from central: https://repo.maven.apache.org/maven2/org/springframework/boot/spring-boot-starter-validation/3.4.2/spring-boot-starter-validation-3.4.2.pom (2.5 kB at 46 kB/s)
Downloading from central: https://repo.maven.apache.org/maven2/org/apache/tomcat/embed/tomcat-embed-el/10.1.34/tomcat-embed-el-10.1.34.pom
Progress (1): 843 B
Progress (1): 1.5 kB
                    
Downloaded from central: https://repo.maven.apache.org/maven2/org/apache/tomcat/embed/tomcat-embed-el/10.1.34/tomcat-embed-el-10.1.34.pom (1.5 kB at 25 kB/s)
Downloading from central: https://repo.maven.apache.org/maven2/org/hibernate/validator/hibernate-validator/8.0.2.Final/hibernate-validator-8.0.2.Final.pom
Progress (1): 974 B
Progress (1): 3.0 kB
Progress (1): 6.1 kB
Progress (1): 9.0 kB
Progress (1): 13 kB 
Progress (1): 15 kB
                   
Downloaded from central: https://repo.maven.apache.org/maven2/org/hibernate/validator/hibernate-validator/8.0.2.Final/hibernate-validator-8.0.2.Final.pom (15 kB at 227 kB/s)
Downloading from central: https://repo.maven.apache.org/maven2/org/hibernate/validator/hibernate-validator-parent/8.0.2.Final/hibernate-validator-parent-8.0.2.Final.pom
Progress (1): 980 B
Progress (1): 3.6 kB
Progress (1): 5.6 kB
Progress (1): 7.7 kB
Progress (1): 7.8 kB
Progress (1): 9.6 kB
Progress (1): 12 kB 
Progress (1): 14 kB
Progress (1): 16 kB
Progress (1): 18 kB
Progress (1): 24 kB
Progress (1): 31 kB
Progress (1): 35 kB
Progress (1): 38 kB
Progress (1): 41 kB
Progress (1): 47 kB
Progress (1): 52 kB
Progress (1): 56 kB
Progress (1): 60 kB
Progress (1): 67 kB
Progress (1): 70 kB
Progress (1): 73 kB
Progress (1): 79 kB
Progress (1): 81 kB
Progress (1): 82 kB
                   
Downloaded from central: https://repo.maven.apache.org/maven2/org/hibernate/validator/hibernate-validator-parent/8.0.2.Final/hibernate-validator-parent-8.0.2.Final.pom (82 kB at 1.3 MB/s)
Downloading from central: https://repo.maven.apache.org/maven2/org/springframework/boot/spring-boot-starter-web/3.4.2/spring-boot-starter-web-3.4.2.pom
Progress (1): 926 B
Progress (1): 2.9 kB
                    
Downloaded from central: https://repo.maven.apache.org/maven2/org/springframework/boot/spring-boot-starter-web/3.4.2/spring-boot-starter-web-3.4.2.pom (2.9 kB at 46 kB/s)
Downloading from central: https://repo.maven.apache.org/maven2/org/springframework/boot/spring-boot-starter-json/3.4.2/spring-boot-starter-json-3.4.2.pom
Progress (1): 965 B
Progress (1): 3.1 kB
                    
Downloaded from central: https://repo.maven.apache.org/maven2/org/springframework/boot/spring-boot-starter-json/3.4.2/spring-boot-starter-json-3.4.2.pom (3.1 kB at 22 kB/s)
Downloading from central: https://repo.maven.apache.org/maven2/org/springframework/spring-web/6.2.2/spring-web-6.2.2.pom
Progress (1): 1.1 kB
Progress (1): 2.4 kB
                    
Downloaded from central: https://repo.maven.apache.org/maven2/org/springframework/spring-web/6.2.2/spring-web-6.2.2.pom (2.4 kB at 39 kB/s)
Downloading from central: https://repo.maven.apache.org/maven2/com/fasterxml/jackson/datatype/jackson-datatype-jdk8/2.18.2/jackson-datatype-jdk8-2.18.2.pom
Progress (1): 1.0 kB
Progress (1): 2.6 kB
                    
Downloaded from central: https://repo.maven.apache.org/maven2/com/fasterxml/jackson/datatype/jackson-datatype-jdk8/2.18.2/jackson-datatype-jdk8-2.18.2.pom (2.6 kB at 36 kB/s)
Downloading from central: https://repo.maven.apache.org/maven2/com/fasterxml/jackson/module/jackson-modules-java8/2.18.2/jackson-modules-java8-2.18.2.pom
Progress (1): 1.4 kB
Progress (1): 3.1 kB
Progress (1): 3.3 kB
                    
Downloaded from central: https://repo.maven.apache.org/maven2/com/fasterxml/jackson/module/jackson-modules-java8/2.18.2/jackson-modules-java8-2.18.2.pom (3.3 kB at 41 kB/s)
Downloading from central: https://repo.maven.apache.org/maven2/com/fasterxml/jackson/datatype/jackson-datatype-jsr310/2.18.2/jackson-datatype-jsr310-2.18.2.pom
Progress (1): 979 B
Progress (1): 2.4 kB
Progress (1): 4.6 kB
Progress (1): 4.9 kB
                    
Downloaded from central: https://repo.maven.apache.org/maven2/com/fasterxml/jackson/datatype/jackson-datatype-jsr310/2.18.2/jackson-datatype-jsr310-2.18.2.pom (4.9 kB at 61 kB/s)
Downloading from central: https://repo.maven.apache.org/maven2/com/fasterxml/jackson/module/jackson-module-parameter-names/2.18.2/jackson-module-parameter-names-2.18.2.pom
Progress (1): 973 B
Progress (1): 2.8 kB
Progress (1): 4.2 kB
                    
Downloaded from central: https://repo.maven.apache.org/maven2/com/fasterxml/jackson/module/jackson-module-parameter-names/2.18.2/jackson-module-parameter-names-2.18.2.pom (4.2 kB at 68 kB/s)
Downloading from central: https://repo.maven.apache.org/maven2/org/springframework/boot/spring-boot-starter-tomcat/3.4.2/spring-boot-starter-tomcat-3.4.2.pom
Progress (1): 974 B
Progress (1): 3.1 kB
                    
Downloaded from central: https://repo.maven.apache.org/maven2/org/springframework/boot/spring-boot-starter-tomcat/3.4.2/spring-boot-starter-tomcat-3.4.2.pom (3.1 kB at 57 kB/s)
Downloading from central: https://repo.maven.apache.org/maven2/org/apache/tomcat/embed/tomcat-embed-core/10.1.34/tomcat-embed-core-10.1.34.pom
Progress (1): 843 B
Progress (1): 1.7 kB
                    
Downloaded from central: https://repo.maven.apache.org/maven2/org/apache/tomcat/embed/tomcat-embed-core/10.1.34/tomcat-embed-core-10.1.34.pom (1.7 kB at 28 kB/s)
Downloading from central: https://repo.maven.apache.org/maven2/org/apache/tomcat/embed/tomcat-embed-websocket/10.1.34/tomcat-embed-websocket-10.1.34.pom
Progress (1): 842 B
Progress (1): 1.7 kB
                    
Downloaded from central: https://repo.maven.apache.org/maven2/org/apache/tomcat/embed/tomcat-embed-websocket/10.1.34/tomcat-embed-websocket-10.1.34.pom (1.7 kB at 26 kB/s)
Downloading from central: https://repo.maven.apache.org/maven2/org/springframework/spring-webmvc/6.2.2/spring-webmvc-6.2.2.pom
Progress (1): 1.0 kB
Progress (1): 3.0 kB
                    
Downloaded from central: https://repo.maven.apache.org/maven2/org/springframework/spring-webmvc/6.2.2/spring-webmvc-6.2.2.pom (3.0 kB at 38 kB/s)
Downloading from central: https://repo.maven.apache.org/maven2/org/springframework/boot/spring-boot-configuration-processor/3.4.2/spring-boot-configuration-processor-3.4.2.pom
Progress (1): 1.0 kB
Progress (1): 1.9 kB
                    
Downloaded from central: https://repo.maven.apache.org/maven2/org/springframework/boot/spring-boot-configuration-processor/3.4.2/spring-boot-configuration-processor-3.4.2.pom (1.9 kB at 34 kB/s)
Downloading from central: https://repo.maven.apache.org/maven2/org/slf4j/jcl-over-slf4j/2.0.16/jcl-over-slf4j-2.0.16.pom
Progress (1): 1.3 kB
Progress (1): 1.7 kB
                    
Downloaded from central: https://repo.maven.apache.org/maven2/org/slf4j/jcl-over-slf4j/2.0.16/jcl-over-slf4j-2.0.16.pom (1.7 kB at 21 kB/s)
Downloading from central: https://repo.maven.apache.org/maven2/org/springframework/boot/spring-boot-starter-security/3.4.2/spring-boot-starter-security-3.4.2.pom
Progress (1): 1.0 kB
Progress (1): 2.7 kB
                    
Downloaded from central: https://repo.maven.apache.org/maven2/org/springframework/boot/spring-boot-starter-security/3.4.2/spring-boot-starter-security-3.4.2.pom (2.7 kB at 41 kB/s)
Downloading from central: https://repo.maven.apache.org/maven2/org/springframework/security/spring-security-config/6.4.2/spring-security-config-6.4.2.pom
Progress (1): 1.0 kB
Progress (1): 2.8 kB
                    
Downloaded from central: https://repo.maven.apache.org/maven2/org/springframework/security/spring-security-config/6.4.2/spring-security-config-6.4.2.pom (2.8 kB at 41 kB/s)
Downloading from central: https://repo.maven.apache.org/maven2/org/springframework/security/spring-security-core/6.4.2/spring-security-core-6.4.2.pom
Progress (1): 1.0 kB
Progress (1): 3.2 kB
                    
Downloaded from central: https://repo.maven.apache.org/maven2/org/springframework/security/spring-security-core/6.4.2/spring-security-core-6.4.2.pom (3.2 kB at 42 kB/s)
Downloading from central: https://repo.maven.apache.org/maven2/org/springframework/security/spring-security-crypto/6.4.2/spring-security-crypto-6.4.2.pom
Progress (1): 1.0 kB
Progress (1): 1.9 kB
                    
Downloaded from central: https://repo.maven.apache.org/maven2/org/springframework/security/spring-security-crypto/6.4.2/spring-security-crypto-6.4.2.pom (1.9 kB at 27 kB/s)
Downloading from central: https://repo.maven.apache.org/maven2/org/springframework/security/spring-security-web/6.4.2/spring-security-web-6.4.2.pom
Progress (1): 1.0 kB
Progress (1): 3.2 kB
                    
Downloaded from central: https://repo.maven.apache.org/maven2/org/springframework/security/spring-security-web/6.4.2/spring-security-web-6.4.2.pom (3.2 kB at 43 kB/s)
Downloading from central: https://repo.maven.apache.org/maven2/org/springframework/boot/spring-boot-devtools/3.4.2/spring-boot-devtools-3.4.2.pom
Progress (1): 1.0 kB
Progress (1): 2.3 kB
                    
Downloaded from central: https://repo.maven.apache.org/maven2/org/springframework/boot/spring-boot-devtools/3.4.2/spring-boot-devtools-3.4.2.pom (2.3 kB at 20 kB/s)
Downloading from central: https://repo.maven.apache.org/maven2/org/postgresql/postgresql/42.7.5/postgresql-42.7.5.pom
Progress (1): 1.3 kB
Progress (1): 3.3 kB
                    
Downloaded from central: https://repo.maven.apache.org/maven2/org/postgresql/postgresql/42.7.5/postgresql-42.7.5.pom (3.3 kB at 33 kB/s)
Downloading from central: https://repo.maven.apache.org/maven2/org/checkerframework/checker-qual/3.48.3/checker-qual-3.48.3.pom
Progress (1): 950 B
Progress (1): 2.1 kB
                    
Downloaded from central: https://repo.maven.apache.org/maven2/org/checkerframework/checker-qual/3.48.3/checker-qual-3.48.3.pom (2.1 kB at 21 kB/s)
Downloading from central: https://repo.maven.apache.org/maven2/org/webjars/webjars-locator-lite/1.0.1/webjars-locator-lite-1.0.1.pom
Progress (1): 1.4 kB
Progress (1): 4.6 kB
Progress (1): 6.1 kB
                    
Downloaded from central: https://repo.maven.apache.org/maven2/org/webjars/webjars-locator-lite/1.0.1/webjars-locator-lite-1.0.1.pom (6.1 kB at 83 kB/s)
Downloading from central: https://repo.maven.apache.org/maven2/org/springframework/boot/spring-boot-starter-test/3.4.2/spring-boot-starter-test-3.4.2.pom
Progress (1): 916 B
Progress (1): 4.2 kB
Progress (1): 5.1 kB
                    
Downloaded from central: https://repo.maven.apache.org/maven2/org/springframework/boot/spring-boot-starter-test/3.4.2/spring-boot-starter-test-3.4.2.pom (5.1 kB at 72 kB/s)
Downloading from central: https://repo.maven.apache.org/maven2/org/springframework/boot/spring-boot-test/3.4.2/spring-boot-test-3.4.2.pom
Progress (1): 1.0 kB
Progress (1): 2.2 kB
                    
Downloaded from central: https://repo.maven.apache.org/maven2/org/springframework/boot/spring-boot-test/3.4.2/spring-boot-test-3.4.2.pom (2.2 kB at 26 kB/s)
Downloading from central: https://repo.maven.apache.org/maven2/org/springframework/spring-test/6.2.2/spring-test-6.2.2.pom
Progress (1): 1.1 kB
Progress (1): 2.1 kB
                    
Downloaded from central: https://repo.maven.apache.org/maven2/org/springframework/spring-test/6.2.2/spring-test-6.2.2.pom (2.1 kB at 29 kB/s)
Downloading from central: https://repo.maven.apache.org/maven2/org/springframework/boot/spring-boot-test-autoconfigure/3.4.2/spring-boot-test-autoconfigure-3.4.2.pom
Progress (1): 1.0 kB
Progress (1): 2.5 kB
                    
Downloaded from central: https://repo.maven.apache.org/maven2/org/springframework/boot/spring-boot-test-autoconfigure/3.4.2/spring-boot-test-autoconfigure-3.4.2.pom (2.5 kB at 43 kB/s)
Downloading from central: https://repo.maven.apache.org/maven2/org/assertj/assertj-core/3.26.3/assertj-core-3.26.3.pom
Progress (1): 1.1 kB
Progress (1): 3.8 kB
                    
Downloaded from central: https://repo.maven.apache.org/maven2/org/assertj/assertj-core/3.26.3/assertj-core-3.26.3.pom (3.8 kB at 61 kB/s)
Downloading from central: https://repo.maven.apache.org/maven2/org/junit/jupiter/junit-jupiter/5.11.4/junit-jupiter-5.11.4.pom
Progress (1): 944 B
Progress (1): 3.2 kB
                    
Downloaded from central: https://repo.maven.apache.org/maven2/org/junit/jupiter/junit-jupiter/5.11.4/junit-jupiter-5.11.4.pom (3.2 kB at 60 kB/s)
Downloading from central: https://repo.maven.apache.org/maven2/org/junit/jupiter/junit-jupiter-api/5.11.4/junit-jupiter-api-5.11.4.pom
Progress (1): 954 B
Progress (1): 3.2 kB
                    
Downloaded from central: https://repo.maven.apache.org/maven2/org/junit/jupiter/junit-jupiter-api/5.11.4/junit-jupiter-api-5.11.4.pom (3.2 kB at 47 kB/s)
Downloading from central: https://repo.maven.apache.org/maven2/org/junit/platform/junit-platform-commons/1.11.4/junit-platform-commons-1.11.4.pom
Progress (1): 966 B
Progress (1): 2.8 kB
                    
Downloaded from central: https://repo.maven.apache.org/maven2/org/junit/platform/junit-platform-commons/1.11.4/junit-platform-commons-1.11.4.pom (2.8 kB at 46 kB/s)
Downloading from central: https://repo.maven.apache.org/maven2/org/junit/jupiter/junit-jupiter-params/5.11.4/junit-jupiter-params-5.11.4.pom
Progress (1): 964 B
Progress (1): 3.0 kB
                    
Downloaded from central: https://repo.maven.apache.org/maven2/org/junit/jupiter/junit-jupiter-params/5.11.4/junit-jupiter-params-5.11.4.pom (3.0 kB at 48 kB/s)
Downloading from central: https://repo.maven.apache.org/maven2/org/junit/jupiter/junit-jupiter-engine/5.11.4/junit-jupiter-engine-5.11.4.pom
Progress (1): 963 B
Progress (1): 3.2 kB
                    
Downloaded from central: https://repo.maven.apache.org/maven2/org/junit/jupiter/junit-jupiter-engine/5.11.4/junit-jupiter-engine-5.11.4.pom (3.2 kB at 46 kB/s)
Downloading from central: https://repo.maven.apache.org/maven2/org/junit/platform/junit-platform-engine/1.11.4/junit-platform-engine-1.11.4.pom
Progress (1): 957 B
Progress (1): 3.2 kB
                    
Downloaded from central: https://repo.maven.apache.org/maven2/org/junit/platform/junit-platform-engine/1.11.4/junit-platform-engine-1.11.4.pom (3.2 kB at 56 kB/s)
Downloading from central: https://repo.maven.apache.org/maven2/org/mockito/mockito-core/5.14.2/mockito-core-5.14.2.pom
Progress (1): 1.5 kB
Progress (1): 2.5 kB
                    
Downloaded from central: https://repo.maven.apache.org/maven2/org/mockito/mockito-core/5.14.2/mockito-core-5.14.2.pom (2.5 kB at 43 kB/s)
Downloading from central: https://repo.maven.apache.org/maven2/net/bytebuddy/byte-buddy-agent/1.15.11/byte-buddy-agent-1.15.11.pom
Progress (1): 1.2 kB
Progress (1): 3.6 kB
Progress (1): 6.1 kB
Progress (1): 11 kB 
Progress (1): 12 kB
                   
Downloaded from central: https://repo.maven.apache.org/maven2/net/bytebuddy/byte-buddy-agent/1.15.11/byte-buddy-agent-1.15.11.pom (12 kB at 213 kB/s)
Downloading from central: https://repo.maven.apache.org/maven2/org/mockito/mockito-junit-jupiter/5.14.2/mockito-junit-jupiter-5.14.2.pom
Progress (1): 1.6 kB
Progress (1): 2.3 kB
                    
Downloaded from central: https://repo.maven.apache.org/maven2/org/mockito/mockito-junit-jupiter/5.14.2/mockito-junit-jupiter-5.14.2.pom (2.3 kB at 39 kB/s)
Downloading from central: https://repo.maven.apache.org/maven2/org/xmlunit/xmlunit-core/2.10.0/xmlunit-core-2.10.0.pom
Progress (1): 851 B
Progress (1): 2.4 kB
                    
Downloaded from central: https://repo.maven.apache.org/maven2/org/xmlunit/xmlunit-core/2.10.0/xmlunit-core-2.10.0.pom (2.4 kB at 37 kB/s)
Downloading from central: https://repo.maven.apache.org/maven2/org/xmlunit/xmlunit-parent/2.10.0/xmlunit-parent-2.10.0.pom
Progress (1): 785 B
Progress (1): 2.2 kB
Progress (1): 4.6 kB
Progress (1): 7.7 kB
Progress (1): 11 kB 
Progress (1): 13 kB
Progress (1): 17 kB
Progress (1): 21 kB
                   
Downloaded from central: https://repo.maven.apache.org/maven2/org/xmlunit/xmlunit-parent/2.10.0/xmlunit-parent-2.10.0.pom (21 kB at 301 kB/s)
Downloading from central: https://repo.maven.apache.org/maven2/org/springframework/security/spring-security-test/6.4.2/spring-security-test-6.4.2.pom
Progress (1): 1.0 kB
Progress (1): 2.7 kB
                    
Downloaded from central: https://repo.maven.apache.org/maven2/org/springframework/security/spring-security-test/6.4.2/spring-security-test-6.4.2.pom (2.7 kB at 45 kB/s)
Downloading from central: https://repo.maven.apache.org/maven2/commons-codec/commons-codec/1.17.2/commons-codec-1.17.2.pom
Progress (1): 745 B
Progress (1): 1.9 kB
Progress (1): 4.0 kB
Progress (1): 5.8 kB
Progress (1): 8.4 kB
Progress (1): 11 kB 
Progress (1): 14 kB
Progress (1): 16 kB
Progress (1): 18 kB
                   
Downloaded from central: https://repo.maven.apache.org/maven2/commons-codec/commons-codec/1.17.2/commons-codec-1.17.2.pom (18 kB at 210 kB/s)
Downloading from central: https://repo.maven.apache.org/maven2/org/apache/commons/commons-parent/78/commons-parent-78.pom
Progress (1): 701 B
Progress (1): 1.9 kB
Progress (1): 3.2 kB
Progress (1): 4.7 kB
Progress (1): 6.7 kB
Progress (1): 8.5 kB
Progress (1): 9.9 kB
Progress (1): 13 kB 
Progress (1): 14 kB
Progress (1): 16 kB
Progress (1): 18 kB
Progress (1): 21 kB
Progress (1): 24 kB
Progress (1): 27 kB
Progress (1): 30 kB
Progress (1): 30 kB
Progress (1): 34 kB
Progress (1): 39 kB
Progress (1): 42 kB
Progress (1): 45 kB
Progress (1): 47 kB
Progress (1): 50 kB
Progress (1): 53 kB
Progress (1): 57 kB
Progress (1): 59 kB
Progress (1): 63 kB
Progress (1): 65 kB
Progress (1): 70 kB
Progress (1): 72 kB
Progress (1): 74 kB
Progress (1): 77 kB
Progress (1): 78 kB
                   
Downloaded from central: https://repo.maven.apache.org/maven2/org/apache/commons/commons-parent/78/commons-parent-78.pom (78 kB at 1.1 MB/s)
Downloading from central: https://repo.maven.apache.org/maven2/org/junit/junit-bom/5.11.2/junit-bom-5.11.2.pom
Progress (1): 908 B
Progress (1): 4.1 kB
Progress (1): 5.6 kB
                    
Downloaded from central: https://repo.maven.apache.org/maven2/org/junit/junit-bom/5.11.2/junit-bom-5.11.2.pom (5.6 kB at 105 kB/s)
Downloading from central: https://repo.maven.apache.org/maven2/io/netty/netty-codec-http/4.1.117.Final/netty-codec-http-4.1.117.Final.pom
Progress (1): 810 B
Progress (1): 4.3 kB
Progress (1): 4.4 kB
                    
Downloaded from central: https://repo.maven.apache.org/maven2/io/netty/netty-codec-http/4.1.117.Final/netty-codec-http-4.1.117.Final.pom (4.4 kB at 64 kB/s)
Downloading from central: https://repo.maven.apache.org/maven2/io/netty/netty-parent/4.1.117.Final/netty-parent-4.1.117.Final.pom
Progress (1): 736 B
Progress (1): 2.1 kB
Progress (1): 4.3 kB
Progress (1): 7.0 kB
Progress (1): 9.4 kB
Progress (1): 22 kB 
Progress (1): 26 kB
Progress (1): 28 kB
Progress (1): 30 kB
Progress (1): 32 kB
Progress (1): 35 kB
Progress (1): 38 kB
Progress (1): 43 kB
Progress (1): 48 kB
Progress (1): 51 kB
Progress (1): 51 kB
Progress (1): 53 kB
Progress (1): 59 kB
Progress (1): 62 kB
Progress (1): 64 kB
Progress (1): 66 kB
Progress (1): 70 kB
Progress (1): 71 kB
Progress (1): 74 kB
Progress (1): 76 kB
Progress (1): 79 kB
Progress (1): 82 kB
Progress (1): 85 kB
Progress (1): 88 kB
Progress (1): 90 kB
                   
Downloaded from central: https://repo.maven.apache.org/maven2/io/netty/netty-parent/4.1.117.Final/netty-parent-4.1.117.Final.pom (90 kB at 1.4 MB/s)
Downloading from central: https://repo.maven.apache.org/maven2/io/netty/netty-common/4.1.117.Final/netty-common-4.1.117.Final.pom
Progress (1): 1.3 kB
Progress (1): 4.7 kB
Progress (1): 10 kB 
Progress (1): 12 kB
                   
Downloaded from central: https://repo.maven.apache.org/maven2/io/netty/netty-common/4.1.117.Final/netty-common-4.1.117.Final.pom (12 kB at 187 kB/s)
Downloading from central: https://repo.maven.apache.org/maven2/io/netty/netty-buffer/4.1.117.Final/netty-buffer-4.1.117.Final.pom
Progress (1): 885 B
Progress (1): 1.6 kB
                    
Downloaded from central: https://repo.maven.apache.org/maven2/io/netty/netty-buffer/4.1.117.Final/netty-buffer-4.1.117.Final.pom (1.6 kB at 27 kB/s)
Downloading from central: https://repo.maven.apache.org/maven2/io/netty/netty-transport/4.1.117.Final/netty-transport-4.1.117.Final.pom
Progress (1): 859 B
Progress (1): 2.2 kB
                    
Downloaded from central: https://repo.maven.apache.org/maven2/io/netty/netty-transport/4.1.117.Final/netty-transport-4.1.117.Final.pom (2.2 kB at 27 kB/s)
Downloading from central: https://repo.maven.apache.org/maven2/io/netty/netty-resolver/4.1.117.Final/netty-resolver-4.1.117.Final.pom
Progress (1): 885 B
Progress (1): 1.6 kB
                    
Downloaded from central: https://repo.maven.apache.org/maven2/io/netty/netty-resolver/4.1.117.Final/netty-resolver-4.1.117.Final.pom (1.6 kB at 27 kB/s)
Downloading from central: https://repo.maven.apache.org/maven2/io/netty/netty-codec/4.1.117.Final/netty-codec-4.1.117.Final.pom
Progress (1): 807 B
Progress (1): 4.5 kB
Progress (1): 5.5 kB
                    
Downloaded from central: https://repo.maven.apache.org/maven2/io/netty/netty-codec/4.1.117.Final/netty-codec-4.1.117.Final.pom (5.5 kB at 93 kB/s)
Downloading from central: https://repo.maven.apache.org/maven2/io/netty/netty-handler/4.1.117.Final/netty-handler-4.1.117.Final.pom
Progress (1): 801 B
Progress (1): 3.9 kB
Progress (1): 4.6 kB
                    
Downloaded from central: https://repo.maven.apache.org/maven2/io/netty/netty-handler/4.1.117.Final/netty-handler-4.1.117.Final.pom (4.6 kB at 91 kB/s)
Downloading from central: https://repo.maven.apache.org/maven2/io/netty/netty-transport-native-unix-common/4.1.117.Final/netty-transport-native-unix-common-4.1.117.Final.pom
Progress (1): 772 B
Progress (1): 2.2 kB
Progress (1): 4.3 kB
Progress (1): 6.8 kB
Progress (1): 15 kB 
Progress (1): 33 kB
                   
Downloaded from central: https://repo.maven.apache.org/maven2/io/netty/netty-transport-native-unix-common/4.1.117.Final/netty-transport-native-unix-common-4.1.117.Final.pom (33 kB at 571 kB/s)
Downloading from central: https://repo.maven.apache.org/maven2/io/netty/netty-codec-http2/4.1.117.Final/netty-codec-http2-4.1.117.Final.pom
Progress (1): 807 B
Progress (1): 3.4 kB
Progress (1): 5.2 kB
                    
Downloaded from central: https://repo.maven.apache.org/maven2/io/netty/netty-codec-http2/4.1.117.Final/netty-codec-http2-4.1.117.Final.pom (5.2 kB at 96 kB/s)
Downloading from central: https://repo.maven.apache.org/maven2/io/netty/netty-transport-classes-epoll/4.1.117.Final/netty-transport-classes-epoll-4.1.117.Final.pom
Progress (1): 859 B
Progress (1): 2.1 kB
                    
Downloaded from central: https://repo.maven.apache.org/maven2/io/netty/netty-transport-classes-epoll/4.1.117.Final/netty-transport-classes-epoll-4.1.117.Final.pom (2.1 kB at 20 kB/s)
Downloading from central: https://repo.maven.apache.org/maven2/org/springframework/boot/spring-boot-starter-aop/3.4.2/spring-boot-starter-aop-3.4.2.jar
Progress (1): 4.8 kB
                    
Downloaded from central: https://repo.maven.apache.org/maven2/org/springframework/boot/spring-boot-starter-aop/3.4.2/spring-boot-starter-aop-3.4.2.jar (4.8 kB at 21 kB/s)
Downloading from central: https://repo.maven.apache.org/maven2/org/springframework/boot/spring-boot-starter-logging/3.4.2/spring-boot-starter-logging-3.4.2.jar
Downloading from central: https://repo.maven.apache.org/maven2/ch/qos/logback/logback-classic/1.5.16/logback-classic-1.5.16.jar
Downloading from central: https://repo.maven.apache.org/maven2/org/slf4j/jul-to-slf4j/2.0.16/jul-to-slf4j-2.0.16.jar
Downloading from central: https://repo.maven.apache.org/maven2/ch/qos/logback/logback-core/1.5.16/logback-core-1.5.16.jar
Downloading from central: https://repo.maven.apache.org/maven2/org/springframework/spring-aop/6.2.2/spring-aop-6.2.2.jar
Progress (1): 3.3/4.8 kB
Progress (1): 4.8 kB    
                    
Downloaded from central: https://repo.maven.apache.org/maven2/org/springframework/boot/spring-boot-starter-logging/3.4.2/spring-boot-starter-logging-3.4.2.jar (4.8 kB at 41 kB/s)
Downloading from central: https://repo.maven.apache.org/maven2/org/springframework/spring-beans/6.2.2/spring-beans-6.2.2.jar
Progress (1): 0.9/418 kB
Progress (1): 2.3/418 kB
Progress (1): 3.6/418 kB
Progress (1): 5.0/418 kB
Progress (1): 6.4/418 kB
Progress (1): 7.7/418 kB
Progress (1): 9.1/418 kB
Progress (1): 10/418 kB 
Progress (1): 12/418 kB
Progress (1): 13/418 kB
Progress (1): 15/418 kB
Progress (1): 16/418 kB
Progress (1): 17/418 kB
Progress (1): 19/418 kB
Progress (1): 20/418 kB
Progress (1): 21/418 kB
Progress (1): 23/418 kB
Progress (1): 24/418 kB
Progress (1): 26/418 kB
Progress (1): 27/418 kB
Progress (1): 28/418 kB
Progress (1): 29/418 kB
Progress (1): 31/418 kB
Progress (1): 32/418 kB
Progress (1): 33/418 kB
Progress (1): 35/418 kB
Progress (1): 36/418 kB
Progress (1): 38/418 kB
Progress (1): 39/418 kB
Progress (1): 40/418 kB
Progress (1): 42/418 kB
Progress (1): 43/418 kB
Progress (1): 44/418 kB
Progress (1): 46/418 kB
Progress (1): 47/418 kB
Progress (1): 48/418 kB
Progress (1): 50/418 kB
Progress (1): 51/418 kB
Progress (1): 53/418 kB
Progress (1): 54/418 kB
Progress (1): 55/418 kB
Progress (1): 60/418 kB
Progress (2): 60/418 kB | 0.9/6.4 kB
Progress (2): 60/418 kB | 2.3/6.4 kB
Progress (2): 60/418 kB | 3.6/6.4 kB
Progress (2): 60/418 kB | 5.0/6.4 kB
Progress (2): 60/418 kB | 6.4 kB    
Progress (3): 60/418 kB | 6.4 kB | 0.9/307 kB
Progress (3): 60/418 kB | 6.4 kB | 2.3/307 kB
Progress (3): 60/418 kB | 6.4 kB | 3.6/307 kB
Progress (3): 60/418 kB | 6.4 kB | 5.0/307 kB
Progress (3): 60/418 kB | 6.4 kB | 6.4/307 kB
Progress (3): 60/418 kB | 6.4 kB | 7.7/307 kB
Progress (3): 60/418 kB | 6.4 kB | 9.1/307 kB
Progress (3): 60/418 kB | 6.4 kB | 10/307 kB 
Progress (3): 60/418 kB | 6.4 kB | 12/307 kB
Progress (3): 60/418 kB | 6.4 kB | 13/307 kB
Progress (3): 60/418 kB | 6.4 kB | 15/307 kB
Progress (3): 60/418 kB | 6.4 kB | 16/307 kB
Progress (3): 60/418 kB | 6.4 kB | 17/307 kB
Progress (3): 60/418 kB | 6.4 kB | 19/307 kB
Progress (3): 60/418 kB | 6.4 kB | 20/307 kB
Progress (3): 60/418 kB | 6.4 kB | 21/307 kB
Progress (3): 60/418 kB | 6.4 kB | 23/307 kB
Progress (3): 60/418 kB | 6.4 kB | 24/307 kB
Progress (3): 60/418 kB | 6.4 kB | 26/307 kB
Progress (3): 60/418 kB | 6.4 kB | 27/307 kB
Progress (3): 60/418 kB | 6.4 kB | 28/307 kB
Progress (3): 60/418 kB | 6.4 kB | 30/307 kB
Progress (3): 60/418 kB | 6.4 kB | 31/307 kB
Progress (3): 60/418 kB | 6.4 kB | 32/307 kB
Progress (3): 60/418 kB | 6.4 kB | 34/307 kB
Progress (3): 60/418 kB | 6.4 kB | 35/307 kB
Progress (3): 60/418 kB | 6.4 kB | 36/307 kB
Progress (3): 60/418 kB | 6.4 kB | 38/307 kB
Progress (3): 60/418 kB | 6.4 kB | 39/307 kB
Progress (3): 60/418 kB | 6.4 kB | 41/307 kB
Progress (3): 60/418 kB | 6.4 kB | 42/307 kB
Progress (3): 60/418 kB | 6.4 kB | 43/307 kB
Progress (3): 60/418 kB | 6.4 kB | 45/307 kB
Progress (3): 60/418 kB | 6.4 kB | 46/307 kB
Progress (3): 60/418 kB | 6.4 kB | 47/307 kB
Progress (3): 60/418 kB | 6.4 kB | 49/307 kB
Progress (3): 60/418 kB | 6.4 kB | 50/307 kB
Progress (3): 60/418 kB | 6.4 kB | 52/307 kB
Progress (3): 60/418 kB | 6.4 kB | 53/307 kB
Progress (3): 60/418 kB | 6.4 kB | 54/307 kB
Progress (3): 60/418 kB | 6.4 kB | 56/307 kB
Progress (3): 60/418 kB | 6.4 kB | 60/307 kB
                                            
Downloaded from central: https://repo.maven.apache.org/maven2/org/slf4j/jul-to-slf4j/2.0.16/jul-to-slf4j-2.0.16.jar (6.4 kB at 35 kB/s)
Downloading from central: https://repo.maven.apache.org/maven2/org/aspectj/aspectjweaver/1.9.22.1/aspectjweaver-1.9.22.1.jar
Progress (3): 60/418 kB | 60/307 kB | 0.9/622 kB
Progress (3): 60/418 kB | 60/307 kB | 2.3/622 kB
Progress (3): 60/418 kB | 60/307 kB | 3.6/622 kB
Progress (3): 60/418 kB | 60/307 kB | 5.0/622 kB
Progress (3): 60/418 kB | 60/307 kB | 6.4/622 kB
Progress (3): 60/418 kB | 60/307 kB | 7.7/622 kB
Progress (3): 60/418 kB | 60/307 kB | 9.1/622 kB
Progress (3): 60/418 kB | 60/307 kB | 10/622 kB 
Progress (3): 60/418 kB | 60/307 kB | 12/622 kB
Progress (3): 60/418 kB | 60/307 kB | 13/622 kB
Progress (3): 60/418 kB | 60/307 kB | 15/622 kB
Progress (3): 60/418 kB | 60/307 kB | 16/622 kB
Progress (3): 60/418 kB | 60/307 kB | 17/622 kB
Progress (3): 60/418 kB | 60/307 kB | 19/622 kB
Progress (3): 60/418 kB | 60/307 kB | 20/622 kB
Progress (3): 60/418 kB | 60/307 kB | 21/622 kB
Progress (3): 60/418 kB | 60/307 kB | 23/622 kB
Progress (3): 60/418 kB | 60/307 kB | 24/622 kB
Progress (3): 60/418 kB | 60/307 kB | 26/622 kB
Progress (3): 60/418 kB | 60/307 kB | 27/622 kB
Progress (3): 60/418 kB | 60/307 kB | 28/622 kB
Progress (3): 60/418 kB | 60/307 kB | 30/622 kB
Progress (3): 60/418 kB | 60/307 kB | 31/622 kB
Progress (3): 60/418 kB | 60/307 kB | 32/622 kB
Progress (3): 60/418 kB | 60/307 kB | 34/622 kB
Progress (3): 60/418 kB | 60/307 kB | 35/622 kB
Progress (3): 60/418 kB | 60/307 kB | 36/622 kB
Progress (3): 60/418 kB | 60/307 kB | 38/622 kB
Progress (3): 60/418 kB | 60/307 kB | 39/622 kB
Progress (3): 60/418 kB | 60/307 kB | 41/622 kB
Progress (3): 60/418 kB | 60/307 kB | 42/622 kB
Progress (3): 60/418 kB | 60/307 kB | 43/622 kB
Progress (3): 60/418 kB | 60/307 kB | 45/622 kB
Progress (3): 60/418 kB | 60/307 kB | 46/622 kB
Progress (3): 60/418 kB | 60/307 kB | 47/622 kB
Progress (3): 60/418 kB | 60/307 kB | 49/622 kB
Progress (3): 60/418 kB | 60/307 kB | 50/622 kB
Progress (3): 60/418 kB | 60/307 kB | 52/622 kB
Progress (3): 60/418 kB | 60/307 kB | 53/622 kB
Progress (3): 60/418 kB | 60/307 kB | 54/622 kB
Progress (3): 60/418 kB | 60/307 kB | 56/622 kB
Progress (3): 60/418 kB | 60/307 kB | 60/622 kB
Progress (3): 64/418 kB | 60/307 kB | 60/622 kB
Progress (3): 68/418 kB | 60/307 kB | 60/622 kB
Progress (3): 72/418 kB | 60/307 kB | 60/622 kB
Progress (3): 76/418 kB | 60/307 kB | 60/622 kB
Progress (3): 76/418 kB | 64/307 kB | 60/622 kB
Progress (3): 81/418 kB | 64/307 kB | 60/622 kB
Progress (3): 85/418 kB | 64/307 kB | 60/622 kB
Progress (3): 85/418 kB | 68/307 kB | 60/622 kB
Progress (3): 89/418 kB | 68/307 kB | 60/622 kB
Progress (3): 89/418 kB | 73/307 kB | 60/622 kB
Progress (3): 93/418 kB | 73/307 kB | 60/622 kB
Progress (3): 93/418 kB | 77/307 kB | 60/622 kB
Progress (3): 98/418 kB | 77/307 kB | 60/622 kB
Progress (3): 98/418 kB | 77/307 kB | 64/622 kB
Progress (3): 98/418 kB | 81/307 kB | 64/622 kB
Progress (3): 102/418 kB | 81/307 kB | 64/622 kB
Progress (3): 102/418 kB | 81/307 kB | 68/622 kB
Progress (3): 102/418 kB | 85/307 kB | 68/622 kB
Progress (3): 106/418 kB | 85/307 kB | 68/622 kB
Progress (3): 106/418 kB | 85/307 kB | 73/622 kB
Progress (3): 106/418 kB | 89/307 kB | 73/622 kB
Progress (3): 110/418 kB | 89/307 kB | 73/622 kB
Progress (3): 110/418 kB | 94/307 kB | 73/622 kB
Progress (3): 115/418 kB | 94/307 kB | 73/622 kB
Progress (3): 119/418 kB | 94/307 kB | 73/622 kB
Progress (3): 119/418 kB | 98/307 kB | 73/622 kB
Progress (3): 123/418 kB | 98/307 kB | 73/622 kB
Progress (3): 127/418 kB | 98/307 kB | 73/622 kB
Progress (3): 127/418 kB | 102/307 kB | 73/622 kB
Progress (3): 127/418 kB | 102/307 kB | 77/622 kB
Progress (3): 127/418 kB | 102/307 kB | 81/622 kB
Progress (3): 127/418 kB | 106/307 kB | 81/622 kB
Progress (3): 127/418 kB | 106/307 kB | 85/622 kB
Progress (3): 127/418 kB | 111/307 kB | 85/622 kB
Progress (3): 127/418 kB | 111/307 kB | 89/622 kB
Progress (3): 127/418 kB | 111/307 kB | 94/622 kB
Progress (3): 127/418 kB | 111/307 kB | 98/622 kB
Progress (3): 127/418 kB | 115/307 kB | 98/622 kB
Progress (3): 127/418 kB | 115/307 kB | 102/622 kB
Progress (3): 127/418 kB | 119/307 kB | 102/622 kB
Progress (3): 127/418 kB | 119/307 kB | 106/622 kB
Progress (3): 127/418 kB | 123/307 kB | 106/622 kB
Progress (3): 127/418 kB | 128/307 kB | 106/622 kB
Progress (3): 127/418 kB | 128/307 kB | 111/622 kB
Progress (3): 127/418 kB | 128/307 kB | 115/622 kB
Progress (3): 127/418 kB | 128/307 kB | 119/622 kB
Progress (3): 127/418 kB | 128/307 kB | 123/622 kB
Progress (3): 127/418 kB | 128/307 kB | 128/622 kB
Progress (4): 127/418 kB | 128/307 kB | 128/622 kB | 0/2.2 MB
Progress (4): 127/418 kB | 128/307 kB | 128/622 kB | 0/2.2 MB
Progress (4): 127/418 kB | 128/307 kB | 128/622 kB | 0/2.2 MB
Progress (4): 127/418 kB | 128/307 kB | 128/622 kB | 0/2.2 MB
Progress (4): 127/418 kB | 128/307 kB | 128/622 kB | 0/2.2 MB
Progress (4): 127/418 kB | 128/307 kB | 128/622 kB | 0/2.2 MB
Progress (4): 127/418 kB | 128/307 kB | 128/622 kB | 0/2.2 MB
Progress (4): 127/418 kB | 128/307 kB | 128/622 kB | 0/2.2 MB
Progress (4): 127/418 kB | 128/307 kB | 128/622 kB | 0/2.2 MB
Progress (4): 127/418 kB | 128/307 kB | 128/622 kB | 0/2.2 MB
Progress (4): 127/418 kB | 128/307 kB | 128/622 kB | 0/2.2 MB
Progress (4): 127/418 kB | 128/307 kB | 128/622 kB | 0/2.2 MB
Progress (4): 127/418 kB | 128/307 kB | 128/622 kB | 0/2.2 MB
Progress (4): 127/418 kB | 128/307 kB | 128/622 kB | 0/2.2 MB
Progress (4): 127/418 kB | 128/307 kB | 128/622 kB | 0/2.2 MB
Progress (4): 127/418 kB | 128/307 kB | 128/622 kB | 0/2.2 MB
Progress (4): 127/418 kB | 128/307 kB | 128/622 kB | 0/2.2 MB
Progress (4): 127/418 kB | 128/307 kB | 128/622 kB | 0/2.2 MB
Progress (4): 127/418 kB | 128/307 kB | 128/622 kB | 0/2.2 MB
Progress (4): 127/418 kB | 128/307 kB | 128/622 kB | 0/2.2 MB
Progress (4): 127/418 kB | 128/307 kB | 128/622 kB | 0/2.2 MB
Progress (4): 127/418 kB | 128/307 kB | 128/622 kB | 0/2.2 MB
Progress (4): 127/418 kB | 128/307 kB | 128/622 kB | 0/2.2 MB
Progress (4): 127/418 kB | 128/307 kB | 128/622 kB | 0/2.2 MB
Progress (4): 131/418 kB | 128/307 kB | 128/622 kB | 0/2.2 MB
Progress (4): 131/418 kB | 128/307 kB | 128/622 kB | 0/2.2 MB
Progress (4): 131/418 kB | 128/307 kB | 128/622 kB | 0/2.2 MB
Progress (4): 131/418 kB | 128/307 kB | 128/622 kB | 0/2.2 MB
Progress (4): 136/418 kB | 128/307 kB | 128/622 kB | 0/2.2 MB
Progress (4): 136/418 kB | 128/307 kB | 128/622 kB | 0/2.2 MB
Progress (4): 140/418 kB | 128/307 kB | 128/622 kB | 0/2.2 MB
Progress (4): 140/418 kB | 128/307 kB | 128/622 kB | 0/2.2 MB
Progress (4): 140/418 kB | 128/307 kB | 128/622 kB | 0/2.2 MB
Progress (4): 144/418 kB | 128/307 kB | 128/622 kB | 0/2.2 MB
Progress (4): 144/418 kB | 128/307 kB | 128/622 kB | 0/2.2 MB
Progress (4): 144/418 kB | 128/307 kB | 128/622 kB | 0/2.2 MB
Progress (4): 148/418 kB | 128/307 kB | 128/622 kB | 0/2.2 MB
Progress (4): 148/418 kB | 132/307 kB | 128/622 kB | 0/2.2 MB
Progress (4): 148/418 kB | 132/307 kB | 128/622 kB | 0/2.2 MB
Progress (4): 148/418 kB | 132/307 kB | 128/622 kB | 0/2.2 MB
Progress (4): 153/418 kB | 132/307 kB | 128/622 kB | 0/2.2 MB
Progress (4): 153/418 kB | 132/307 kB | 128/622 kB | 0/2.2 MB
Progress (4): 153/418 kB | 136/307 kB | 128/622 kB | 0/2.2 MB
Progress (4): 153/418 kB | 136/307 kB | 128/622 kB | 0/2.2 MB
Progress (4): 157/418 kB | 136/307 kB | 128/622 kB | 0/2.2 MB
Progress (4): 159/418 kB | 136/307 kB | 128/622 kB | 0/2.2 MB
Progress (4): 159/418 kB | 136/307 kB | 128/622 kB | 0.1/2.2 MB
Progress (4): 159/418 kB | 140/307 kB | 128/622 kB | 0.1/2.2 MB
Progress (4): 163/418 kB | 140/307 kB | 128/622 kB | 0.1/2.2 MB
Progress (4): 163/418 kB | 140/307 kB | 128/622 kB | 0.1/2.2 MB
Progress (4): 163/418 kB | 140/307 kB | 128/622 kB | 0.1/2.2 MB
Progress (4): 167/418 kB | 140/307 kB | 128/622 kB | 0.1/2.2 MB
Progress (4): 172/418 kB | 140/307 kB | 128/622 kB | 0.1/2.2 MB
Progress (4): 176/418 kB | 140/307 kB | 128/622 kB | 0.1/2.2 MB
Progress (4): 176/418 kB | 144/307 kB | 128/622 kB | 0.1/2.2 MB
Progress (4): 180/418 kB | 144/307 kB | 128/622 kB | 0.1/2.2 MB
Progress (4): 180/418 kB | 149/307 kB | 128/622 kB | 0.1/2.2 MB
Progress (4): 184/418 kB | 149/307 kB | 128/622 kB | 0.1/2.2 MB
Progress (4): 184/418 kB | 153/307 kB | 128/622 kB | 0.1/2.2 MB
Progress (4): 184/418 kB | 157/307 kB | 128/622 kB | 0.1/2.2 MB
Progress (4): 189/418 kB | 157/307 kB | 128/622 kB | 0.1/2.2 MB
Progress (4): 189/418 kB | 161/307 kB | 128/622 kB | 0.1/2.2 MB
Progress (4): 193/418 kB | 161/307 kB | 128/622 kB | 0.1/2.2 MB
Progress (4): 193/418 kB | 166/307 kB | 128/622 kB | 0.1/2.2 MB
Progress (4): 193/418 kB | 170/307 kB | 128/622 kB | 0.1/2.2 MB
Progress (4): 193/418 kB | 174/307 kB | 128/622 kB | 0.1/2.2 MB
Progress (4): 193/418 kB | 178/307 kB | 128/622 kB | 0.1/2.2 MB
Progress (4): 193/418 kB | 183/307 kB | 128/622 kB | 0.1/2.2 MB
Progress (4): 193/418 kB | 187/307 kB | 128/622 kB | 0.1/2.2 MB
Progress (4): 193/418 kB | 191/307 kB | 128/622 kB | 0.1/2.2 MB
Progress (4): 193/418 kB | 191/307 kB | 132/622 kB | 0.1/2.2 MB
Progress (4): 193/418 kB | 191/307 kB | 136/622 kB | 0.1/2.2 MB
Progress (4): 193/418 kB | 191/307 kB | 140/622 kB | 0.1/2.2 MB
Progress (4): 193/418 kB | 191/307 kB | 144/622 kB | 0.1/2.2 MB
Progress (4): 193/418 kB | 191/307 kB | 149/622 kB | 0.1/2.2 MB
Progress (4): 193/418 kB | 191/307 kB | 153/622 kB | 0.1/2.2 MB
Progress (4): 193/418 kB | 191/307 kB | 157/622 kB | 0.1/2.2 MB
Progress (4): 193/418 kB | 191/307 kB | 161/622 kB | 0.1/2.2 MB
Progress (4): 193/418 kB | 191/307 kB | 166/622 kB | 0.1/2.2 MB
Progress (4): 193/418 kB | 191/307 kB | 170/622 kB | 0.1/2.2 MB
Progress (4): 193/418 kB | 191/307 kB | 174/622 kB | 0.1/2.2 MB
Progress (4): 193/418 kB | 191/307 kB | 178/622 kB | 0.1/2.2 MB
Progress (4): 193/418 kB | 191/307 kB | 183/622 kB | 0.1/2.2 MB
Progress (4): 193/418 kB | 191/307 kB | 187/622 kB | 0.1/2.2 MB
Progress (4): 193/418 kB | 191/307 kB | 191/622 kB | 0.1/2.2 MB
Progress (4): 193/418 kB | 191/307 kB | 195/622 kB | 0.1/2.2 MB
Progress (4): 193/418 kB | 191/307 kB | 199/622 kB | 0.1/2.2 MB
Progress (4): 193/418 kB | 191/307 kB | 204/622 kB | 0.1/2.2 MB
Progress (4): 193/418 kB | 191/307 kB | 208/622 kB | 0.1/2.2 MB
Progress (4): 193/418 kB | 191/307 kB | 212/622 kB | 0.1/2.2 MB
Progress (4): 193/418 kB | 191/307 kB | 216/622 kB | 0.1/2.2 MB
Progress (4): 193/418 kB | 191/307 kB | 221/622 kB | 0.1/2.2 MB
Progress (4): 193/418 kB | 191/307 kB | 225/622 kB | 0.1/2.2 MB
Progress (4): 193/418 kB | 191/307 kB | 241/622 kB | 0.1/2.2 MB
Progress (4): 193/418 kB | 191/307 kB | 258/622 kB | 0.1/2.2 MB
Progress (4): 197/418 kB | 191/307 kB | 258/622 kB | 0.1/2.2 MB
Progress (4): 201/418 kB | 191/307 kB | 258/622 kB | 0.1/2.2 MB
Progress (4): 206/418 kB | 191/307 kB | 258/622 kB | 0.1/2.2 MB
Progress (4): 206/418 kB | 195/307 kB | 258/622 kB | 0.1/2.2 MB
Progress (4): 210/418 kB | 195/307 kB | 258/622 kB | 0.1/2.2 MB
Progress (4): 210/418 kB | 199/307 kB | 258/622 kB | 0.1/2.2 MB
Progress (4): 214/418 kB | 199/307 kB | 258/622 kB | 0.1/2.2 MB
Progress (4): 214/418 kB | 204/307 kB | 258/622 kB | 0.1/2.2 MB
Progress (4): 218/418 kB | 204/307 kB | 258/622 kB | 0.1/2.2 MB
Progress (4): 218/418 kB | 208/307 kB | 258/622 kB | 0.1/2.2 MB
Progress (4): 218/418 kB | 208/307 kB | 274/622 kB | 0.1/2.2 MB
Progress (4): 222/418 kB | 208/307 kB | 274/622 kB | 0.1/2.2 MB
Progress (4): 222/418 kB | 212/307 kB | 274/622 kB | 0.1/2.2 MB
Progress (4): 222/418 kB | 216/307 kB | 274/622 kB | 0.1/2.2 MB
Progress (4): 222/418 kB | 221/307 kB | 274/622 kB | 0.1/2.2 MB
Progress (4): 239/418 kB | 221/307 kB | 274/622 kB | 0.1/2.2 MB
Progress (4): 239/418 kB | 225/307 kB | 274/622 kB | 0.1/2.2 MB
Progress (4): 255/418 kB | 225/307 kB | 274/622 kB | 0.1/2.2 MB
Progress (4): 255/418 kB | 241/307 kB | 274/622 kB | 0.1/2.2 MB
Progress (4): 272/418 kB | 241/307 kB | 274/622 kB | 0.1/2.2 MB
Progress (4): 272/418 kB | 258/307 kB | 274/622 kB | 0.1/2.2 MB
Progress (4): 272/418 kB | 258/307 kB | 290/622 kB | 0.1/2.2 MB
Progress (4): 272/418 kB | 274/307 kB | 290/622 kB | 0.1/2.2 MB
Progress (4): 288/418 kB | 274/307 kB | 290/622 kB | 0.1/2.2 MB
Progress (4): 288/418 kB | 274/307 kB | 307/622 kB | 0.1/2.2 MB
Progress (4): 290/418 kB | 274/307 kB | 307/622 kB | 0.1/2.2 MB
Progress (4): 290/418 kB | 290/307 kB | 307/622 kB | 0.1/2.2 MB
Progress (4): 306/418 kB | 290/307 kB | 307/622 kB | 0.1/2.2 MB
Progress (4): 306/418 kB | 307 kB | 307/622 kB | 0.1/2.2 MB    
                                                           
Downloaded from central: https://repo.maven.apache.org/maven2/ch/qos/logback/logback-classic/1.5.16/logback-classic-1.5.16.jar (307 kB at 854 kB/s)
Downloading from central: https://repo.maven.apache.org/maven2/org/springframework/boot/spring-boot-starter-data-jpa/3.4.2/spring-boot-starter-data-jpa-3.4.2.jar
Progress (4): 306/418 kB | 307/622 kB | 0.1/2.2 MB | 7.7/877 kB
Progress (4): 306/418 kB | 307/622 kB | 0.1/2.2 MB | 16/877 kB 
Progress (4): 306/418 kB | 307/622 kB | 0.1/2.2 MB | 16/877 kB
Progress (4): 306/418 kB | 307/622 kB | 0.1/2.2 MB | 16/877 kB
Progress (4): 306/418 kB | 307/622 kB | 0.1/2.2 MB | 16/877 kB
Progress (4): 306/418 kB | 323/622 kB | 0.1/2.2 MB | 16/877 kB
Progress (4): 306/418 kB | 323/622 kB | 0.1/2.2 MB | 16/877 kB
Progress (4): 306/418 kB | 323/622 kB | 0.1/2.2 MB | 16/877 kB
Progress (4): 306/418 kB | 323/622 kB | 0.1/2.2 MB | 16/877 kB
Progress (4): 306/418 kB | 323/622 kB | 0.1/2.2 MB | 16/877 kB
Progress (4): 306/418 kB | 323/622 kB | 0.1/2.2 MB | 16/877 kB
Progress (4): 306/418 kB | 323/622 kB | 0.1/2.2 MB | 16/877 kB
Progress (4): 306/418 kB | 323/622 kB | 0.1/2.2 MB | 16/877 kB
Progress (4): 323/418 kB | 323/622 kB | 0.1/2.2 MB | 16/877 kB
Progress (4): 339/418 kB | 323/622 kB | 0.1/2.2 MB | 16/877 kB
Progress (4): 356/418 kB | 323/622 kB | 0.1/2.2 MB | 16/877 kB
Progress (4): 372/418 kB | 323/622 kB | 0.1/2.2 MB | 16/877 kB
Progress (4): 388/418 kB | 323/622 kB | 0.1/2.2 MB | 16/877 kB
Progress (4): 405/418 kB | 323/622 kB | 0.1/2.2 MB | 16/877 kB
Progress (4): 418 kB | 323/622 kB | 0.1/2.2 MB | 16/877 kB    
                                                          
Downloaded from central: https://repo.maven.apache.org/maven2/org/springframework/spring-aop/6.2.2/spring-aop-6.2.2.jar (418 kB at 964 kB/s)
Downloading from central: https://repo.maven.apache.org/maven2/org/springframework/boot/spring-boot-starter-jdbc/3.4.2/spring-boot-starter-jdbc-3.4.2.jar
Progress (3): 323/622 kB | 0.1/2.2 MB | 16/877 kB
Progress (3): 323/622 kB | 0.1/2.2 MB | 16/877 kB
Progress (3): 323/622 kB | 0.1/2.2 MB | 16/877 kB
Progress (3): 323/622 kB | 0.1/2.2 MB | 16/877 kB
Progress (3): 323/622 kB | 0.1/2.2 MB | 16/877 kB
Progress (3): 323/622 kB | 0.1/2.2 MB | 16/877 kB
Progress (3): 340/622 kB | 0.1/2.2 MB | 16/877 kB
Progress (3): 340/622 kB | 0.1/2.2 MB | 16/877 kB
Progress (3): 356/622 kB | 0.1/2.2 MB | 16/877 kB
Progress (3): 356/622 kB | 0.1/2.2 MB | 16/877 kB
Progress (3): 372/622 kB | 0.1/2.2 MB | 16/877 kB
Progress (3): 372/622 kB | 0.1/2.2 MB | 16/877 kB
Progress (4): 372/622 kB | 0.1/2.2 MB | 16/877 kB | 4.8 kB
Progress (4): 372/622 kB | 0.1/2.2 MB | 16/877 kB | 4.8 kB
Progress (4): 389/622 kB | 0.1/2.2 MB | 16/877 kB | 4.8 kB
Progress (4): 389/622 kB | 0.1/2.2 MB | 16/877 kB | 4.8 kB
Progress (4): 389/622 kB | 0.2/2.2 MB | 16/877 kB | 4.8 kB
Progress (4): 389/622 kB | 0.2/2.2 MB | 16/877 kB | 4.8 kB
Progress (4): 405/622 kB | 0.2/2.2 MB | 16/877 kB | 4.8 kB
Progress (4): 405/622 kB | 0.2/2.2 MB | 16/877 kB | 4.8 kB
Progress (4): 405/622 kB | 0.2/2.2 MB | 16/877 kB | 4.8 kB
Progress (4): 405/622 kB | 0.2/2.2 MB | 16/877 kB | 4.8 kB
Progress (4): 421/622 kB | 0.2/2.2 MB | 16/877 kB | 4.8 kB
Progress (4): 421/622 kB | 0.2/2.2 MB | 16/877 kB | 4.8 kB
Progress (4): 421/622 kB | 0.2/2.2 MB | 16/877 kB | 4.8 kB
Progress (4): 421/622 kB | 0.2/2.2 MB | 16/877 kB | 4.8 kB
Progress (4): 438/622 kB | 0.2/2.2 MB | 16/877 kB | 4.8 kB
Progress (4): 438/622 kB | 0.2/2.2 MB | 16/877 kB | 4.8 kB
Progress (4): 454/622 kB | 0.2/2.2 MB | 16/877 kB | 4.8 kB
Progress (4): 454/622 kB | 0.2/2.2 MB | 16/877 kB | 4.8 kB
Progress (4): 454/622 kB | 0.2/2.2 MB | 16/877 kB | 4.8 kB
Progress (4): 471/622 kB | 0.2/2.2 MB | 16/877 kB | 4.8 kB
Progress (4): 471/622 kB | 0.2/2.2 MB | 16/877 kB | 4.8 kB
Progress (4): 471/622 kB | 0.2/2.2 MB | 16/877 kB | 4.8 kB
Progress (4): 471/622 kB | 0.2/2.2 MB | 16/877 kB | 4.8 kB
Progress (4): 487/622 kB | 0.2/2.2 MB | 16/877 kB | 4.8 kB
Progress (4): 487/622 kB | 0.2/2.2 MB | 16/877 kB | 4.8 kB
Progress (4): 487/622 kB | 0.2/2.2 MB | 16/877 kB | 4.8 kB
Progress (4): 503/622 kB | 0.2/2.2 MB | 16/877 kB | 4.8 kB
Progress (4): 520/622 kB | 0.2/2.2 MB | 16/877 kB | 4.8 kB
Progress (4): 536/622 kB | 0.2/2.2 MB | 16/877 kB | 4.8 kB
Progress (4): 552/622 kB | 0.2/2.2 MB | 16/877 kB | 4.8 kB
Progress (4): 569/622 kB | 0.2/2.2 MB | 16/877 kB | 4.8 kB
Progress (4): 585/622 kB | 0.2/2.2 MB | 16/877 kB | 4.8 kB
                                                          
Downloaded from central: https://repo.maven.apache.org/maven2/org/springframework/boot/spring-boot-starter-data-jpa/3.4.2/spring-boot-starter-data-jpa-3.4.2.jar (4.8 kB at 10 kB/s)
Downloading from central: https://repo.maven.apache.org/maven2/org/springframework/spring-jdbc/6.2.2/spring-jdbc-6.2.2.jar
Progress (3): 602/622 kB | 0.2/2.2 MB | 16/877 kB
Progress (3): 618/622 kB | 0.2/2.2 MB | 16/877 kB
Progress (3): 618/622 kB | 0.2/2.2 MB | 16/877 kB
Progress (3): 622 kB | 0.2/2.2 MB | 16/877 kB    
Progress (3): 622 kB | 0.2/2.2 MB | 16/877 kB
Progress (3): 622 kB | 0.3/2.2 MB | 16/877 kB
Progress (4): 622 kB | 0.3/2.2 MB | 16/877 kB | 4.8 kB
Progress (4): 622 kB | 0.3/2.2 MB | 16/877 kB | 4.8 kB
Progress (4): 622 kB | 0.3/2.2 MB | 16/877 kB | 4.8 kB
Progress (4): 622 kB | 0.3/2.2 MB | 16/877 kB | 4.8 kB
Progress (4): 622 kB | 0.3/2.2 MB | 16/877 kB | 4.8 kB
Progress (4): 622 kB | 0.3/2.2 MB | 16/877 kB | 4.8 kB
                                                      
Downloaded from central: https://repo.maven.apache.org/maven2/org/springframework/boot/spring-boot-starter-jdbc/3.4.2/spring-boot-starter-jdbc-3.4.2.jar (4.8 kB at 9.4 kB/s)
Downloading from central: https://repo.maven.apache.org/maven2/org/hibernate/orm/hibernate-core/6.6.5.Final/hibernate-core-6.6.5.Final.jar
Downloaded from central: https://repo.maven.apache.org/maven2/ch/qos/logback/logback-core/1.5.16/logback-core-1.5.16.jar (622 kB at 1.2 MB/s)
Downloading from central: https://repo.maven.apache.org/maven2/org/springframework/data/spring-data-jpa/3.4.2/spring-data-jpa-3.4.2.jar
Progress (3): 0.3/2.2 MB | 16/877 kB | 7.7/471 kB
Progress (3): 0.3/2.2 MB | 16/877 kB | 16/471 kB 
Progress (3): 0.3/2.2 MB | 16/877 kB | 32/471 kB
Progress (3): 0.3/2.2 MB | 16/877 kB | 49/471 kB
Progress (3): 0.4/2.2 MB | 16/877 kB | 49/471 kB
Progress (3): 0.4/2.2 MB | 16/877 kB | 65/471 kB
Progress (3): 0.4/2.2 MB | 16/877 kB | 65/471 kB
Progress (3): 0.4/2.2 MB | 16/877 kB | 81/471 kB
Progress (3): 0.4/2.2 MB | 16/877 kB | 81/471 kB
Progress (3): 0.4/2.2 MB | 16/877 kB | 98/471 kB
Progress (3): 0.4/2.2 MB | 16/877 kB | 98/471 kB
Progress (3): 0.4/2.2 MB | 16/877 kB | 114/471 kB
Progress (3): 0.4/2.2 MB | 16/877 kB | 114/471 kB
Progress (3): 0.4/2.2 MB | 16/877 kB | 114/471 kB
Progress (3): 0.5/2.2 MB | 16/877 kB | 114/471 kB
Progress (3): 0.5/2.2 MB | 16/877 kB | 114/471 kB
Progress (3): 0.5/2.2 MB | 16/877 kB | 114/471 kB
Progress (3): 0.5/2.2 MB | 16/877 kB | 114/471 kB
Progress (3): 0.5/2.2 MB | 16/877 kB | 114/471 kB
Progress (3): 0.5/2.2 MB | 16/877 kB | 114/471 kB
Progress (3): 0.6/2.2 MB | 16/877 kB | 114/471 kB
Progress (3): 0.6/2.2 MB | 16/877 kB | 114/471 kB
Progress (3): 0.6/2.2 MB | 16/877 kB | 114/471 kB
Progress (3): 0.6/2.2 MB | 16/877 kB | 114/471 kB
Progress (3): 0.6/2.2 MB | 32/877 kB | 114/471 kB
Progress (4): 0.6/2.2 MB | 32/877 kB | 114/471 kB | 0/12 MB
Progress (4): 0.6/2.2 MB | 32/877 kB | 114/471 kB | 0/12 MB
Progress (4): 0.6/2.2 MB | 32/877 kB | 131/471 kB | 0/12 MB
Progress (4): 0.6/2.2 MB | 32/877 kB | 131/471 kB | 0/12 MB
Progress (4): 0.6/2.2 MB | 32/877 kB | 147/471 kB | 0/12 MB
Progress (4): 0.6/2.2 MB | 32/877 kB | 163/471 kB | 0/12 MB
Progress (4): 0.6/2.2 MB | 32/877 kB | 180/471 kB | 0/12 MB
Progress (4): 0.6/2.2 MB | 32/877 kB | 196/471 kB | 0/12 MB
Progress (4): 0.6/2.2 MB | 32/877 kB | 196/471 kB | 0/12 MB
Progress (4): 0.6/2.2 MB | 32/877 kB | 213/471 kB | 0/12 MB
Progress (4): 0.6/2.2 MB | 32/877 kB | 213/471 kB | 0/12 MB
Progress (4): 0.6/2.2 MB | 32/877 kB | 229/471 kB | 0/12 MB
Progress (4): 0.6/2.2 MB | 32/877 kB | 245/471 kB | 0/12 MB
Progress (4): 0.6/2.2 MB | 32/877 kB | 262/471 kB | 0/12 MB
Progress (4): 0.6/2.2 MB | 32/877 kB | 278/471 kB | 0/12 MB
Progress (4): 0.6/2.2 MB | 32/877 kB | 294/471 kB | 0/12 MB
Progress (4): 0.6/2.2 MB | 32/877 kB | 311/471 kB | 0/12 MB
Progress (5): 0.6/2.2 MB | 32/877 kB | 311/471 kB | 0/12 MB | 0/1.8 MB
Progress (5): 0.6/2.2 MB | 32/877 kB | 311/471 kB | 0/12 MB | 0/1.8 MB
Progress (5): 0.6/2.2 MB | 32/877 kB | 311/471 kB | 0/12 MB | 0/1.8 MB
Progress (5): 0.6/2.2 MB | 32/877 kB | 311/471 kB | 0/12 MB | 0/1.8 MB
Progress (5): 0.6/2.2 MB | 32/877 kB | 311/471 kB | 0/12 MB | 0.1/1.8 MB
Progress (5): 0.6/2.2 MB | 32/877 kB | 311/471 kB | 0/12 MB | 0.1/1.8 MB
Progress (5): 0.6/2.2 MB | 32/877 kB | 311/471 kB | 0/12 MB | 0.1/1.8 MB
Progress (5): 0.6/2.2 MB | 32/877 kB | 311/471 kB | 0/12 MB | 0.1/1.8 MB
Progress (5): 0.6/2.2 MB | 32/877 kB | 311/471 kB | 0/12 MB | 0.1/1.8 MB
Progress (5): 0.6/2.2 MB | 32/877 kB | 311/471 kB | 0/12 MB | 0.1/1.8 MB
Progress (5): 0.6/2.2 MB | 32/877 kB | 311/471 kB | 0/12 MB | 0.2/1.8 MB
Progress (5): 0.6/2.2 MB | 32/877 kB | 311/471 kB | 0/12 MB | 0.2/1.8 MB
Progress (5): 0.6/2.2 MB | 32/877 kB | 311/471 kB | 0/12 MB | 0.2/1.8 MB
Progress (5): 0.6/2.2 MB | 32/877 kB | 311/471 kB | 0/12 MB | 0.2/1.8 MB
Progress (5): 0.6/2.2 MB | 32/877 kB | 311/471 kB | 0.1/12 MB | 0.2/1.8 MB
Progress (5): 0.6/2.2 MB | 32/877 kB | 311/471 kB | 0.1/12 MB | 0.2/1.8 MB
Progress (5): 0.6/2.2 MB | 32/877 kB | 311/471 kB | 0.1/12 MB | 0.2/1.8 MB
Progress (5): 0.6/2.2 MB | 32/877 kB | 311/471 kB | 0.1/12 MB | 0.2/1.8 MB
Progress (5): 0.6/2.2 MB | 32/877 kB | 311/471 kB | 0.1/12 MB | 0.2/1.8 MB
Progress (5): 0.6/2.2 MB | 32/877 kB | 311/471 kB | 0.1/12 MB | 0.2/1.8 MB
Progress (5): 0.6/2.2 MB | 32/877 kB | 327/471 kB | 0.1/12 MB | 0.2/1.8 MB
Progress (5): 0.6/2.2 MB | 32/877 kB | 344/471 kB | 0.1/12 MB | 0.2/1.8 MB
Progress (5): 0.6/2.2 MB | 32/877 kB | 360/471 kB | 0.1/12 MB | 0.2/1.8 MB
Progress (5): 0.6/2.2 MB | 32/877 kB | 376/471 kB | 0.1/12 MB | 0.2/1.8 MB
Progress (5): 0.6/2.2 MB | 32/877 kB | 393/471 kB | 0.1/12 MB | 0.2/1.8 MB
Progress (5): 0.6/2.2 MB | 32/877 kB | 409/471 kB | 0.1/12 MB | 0.2/1.8 MB
Progress (5): 0.6/2.2 MB | 32/877 kB | 426/471 kB | 0.1/12 MB | 0.2/1.8 MB
Progress (5): 0.6/2.2 MB | 32/877 kB | 442/471 kB | 0.1/12 MB | 0.2/1.8 MB
Progress (5): 0.6/2.2 MB | 32/877 kB | 458/471 kB | 0.1/12 MB | 0.2/1.8 MB
Progress (5): 0.6/2.2 MB | 32/877 kB | 458/471 kB | 0.2/12 MB | 0.2/1.8 MB
Progress (5): 0.7/2.2 MB | 32/877 kB | 458/471 kB | 0.2/12 MB | 0.2/1.8 MB
Progress (5): 0.7/2.2 MB | 32/877 kB | 458/471 kB | 0.2/12 MB | 0.2/1.8 MB
Progress (5): 0.7/2.2 MB | 32/877 kB | 458/471 kB | 0.2/12 MB | 0.2/1.8 MB
Progress (5): 0.7/2.2 MB | 32/877 kB | 458/471 kB | 0.2/12 MB | 0.2/1.8 MB
Progress (5): 0.7/2.2 MB | 32/877 kB | 458/471 kB | 0.2/12 MB | 0.2/1.8 MB
Progress (5): 0.7/2.2 MB | 32/877 kB | 458/471 kB | 0.2/12 MB | 0.2/1.8 MB
Progress (5): 0.7/2.2 MB | 32/877 kB | 458/471 kB | 0.2/12 MB | 0.3/1.8 MB
Progress (5): 0.7/2.2 MB | 32/877 kB | 458/471 kB | 0.2/12 MB | 0.3/1.8 MB
Progress (5): 0.7/2.2 MB | 32/877 kB | 458/471 kB | 0.2/12 MB | 0.3/1.8 MB
Progress (5): 0.7/2.2 MB | 32/877 kB | 458/471 kB | 0.2/12 MB | 0.3/1.8 MB
Progress (5): 0.7/2.2 MB | 32/877 kB | 458/471 kB | 0.2/12 MB | 0.3/1.8 MB
Progress (5): 0.7/2.2 MB | 32/877 kB | 458/471 kB | 0.2/12 MB | 0.3/1.8 MB
Progress (5): 0.7/2.2 MB | 32/877 kB | 458/471 kB | 0.2/12 MB | 0.3/1.8 MB
Progress (5): 0.8/2.2 MB | 32/877 kB | 458/471 kB | 0.2/12 MB | 0.3/1.8 MB
Progress (5): 0.8/2.2 MB | 32/877 kB | 458/471 kB | 0.2/12 MB | 0.3/1.8 MB
Progress (5): 0.8/2.2 MB | 32/877 kB | 458/471 kB | 0.2/12 MB | 0.3/1.8 MB
Progress (5): 0.8/2.2 MB | 32/877 kB | 458/471 kB | 0.2/12 MB | 0.3/1.8 MB
Progress (5): 0.8/2.2 MB | 32/877 kB | 458/471 kB | 0.2/12 MB | 0.3/1.8 MB
Progress (5): 0.8/2.2 MB | 32/877 kB | 458/471 kB | 0.2/12 MB | 0.3/1.8 MB
Progress (5): 0.8/2.2 MB | 32/877 kB | 458/471 kB | 0.2/12 MB | 0.3/1.8 MB
Progress (5): 0.8/2.2 MB | 32/877 kB | 458/471 kB | 0.2/12 MB | 0.3/1.8 MB
Progress (5): 0.8/2.2 MB | 32/877 kB | 458/471 kB | 0.2/12 MB | 0.3/1.8 MB
Progress (5): 0.8/2.2 MB | 32/877 kB | 458/471 kB | 0.2/12 MB | 0.3/1.8 MB
Progress (5): 0.8/2.2 MB | 48/877 kB | 458/471 kB | 0.2/12 MB | 0.3/1.8 MB
Progress (5): 0.8/2.2 MB | 48/877 kB | 458/471 kB | 0.2/12 MB | 0.3/1.8 MB
Progress (5): 0.8/2.2 MB | 48/877 kB | 458/471 kB | 0.2/12 MB | 0.3/1.8 MB
Progress (5): 0.8/2.2 MB | 48/877 kB | 458/471 kB | 0.2/12 MB | 0.3/1.8 MB
Progress (5): 0.8/2.2 MB | 48/877 kB | 458/471 kB | 0.2/12 MB | 0.3/1.8 MB
Progress (5): 0.8/2.2 MB | 48/877 kB | 471 kB | 0.2/12 MB | 0.3/1.8 MB    
                                                                      
Downloaded from central: https://repo.maven.apache.org/maven2/org/springframework/spring-jdbc/6.2.2/spring-jdbc-6.2.2.jar (471 kB at 490 kB/s)
Downloading from central: https://repo.maven.apache.org/maven2/org/springframework/data/spring-data-commons/3.4.2/spring-data-commons-3.4.2.jar
Progress (4): 0.9/2.2 MB | 48/877 kB | 0.2/12 MB | 0.3/1.8 MB
Progress (4): 0.9/2.2 MB | 48/877 kB | 0.2/12 MB | 0.4/1.8 MB
Progress (4): 0.9/2.2 MB | 48/877 kB | 0.3/12 MB | 0.4/1.8 MB
Progress (4): 0.9/2.2 MB | 48/877 kB | 0.3/12 MB | 0.4/1.8 MB
Progress (4): 0.9/2.2 MB | 48/877 kB | 0.3/12 MB | 0.4/1.8 MB
Progress (4): 0.9/2.2 MB | 48/877 kB | 0.3/12 MB | 0.4/1.8 MB
Progress (4): 0.9/2.2 MB | 48/877 kB | 0.3/12 MB | 0.4/1.8 MB
Progress (4): 0.9/2.2 MB | 48/877 kB | 0.3/12 MB | 0.4/1.8 MB
Progress (4): 0.9/2.2 MB | 48/877 kB | 0.3/12 MB | 0.4/1.8 MB
Progress (4): 0.9/2.2 MB | 48/877 kB | 0.3/12 MB | 0.4/1.8 MB
Progress (4): 0.9/2.2 MB | 48/877 kB | 0.3/12 MB | 0.4/1.8 MB
Progress (4): 0.9/2.2 MB | 48/877 kB | 0.3/12 MB | 0.4/1.8 MB
Progress (4): 0.9/2.2 MB | 48/877 kB | 0.3/12 MB | 0.5/1.8 MB
Progress (4): 0.9/2.2 MB | 48/877 kB | 0.3/12 MB | 0.5/1.8 MB
Progress (4): 0.9/2.2 MB | 48/877 kB | 0.3/12 MB | 0.5/1.8 MB
Progress (4): 0.9/2.2 MB | 48/877 kB | 0.3/12 MB | 0.5/1.8 MB
Progress (4): 0.9/2.2 MB | 48/877 kB | 0.3/12 MB | 0.5/1.8 MB
Progress (4): 0.9/2.2 MB | 48/877 kB | 0.3/12 MB | 0.5/1.8 MB
Progress (4): 0.9/2.2 MB | 48/877 kB | 0.3/12 MB | 0.6/1.8 MB
Progress (4): 0.9/2.2 MB | 48/877 kB | 0.3/12 MB | 0.6/1.8 MB
Progress (4): 0.9/2.2 MB | 48/877 kB | 0.3/12 MB | 0.6/1.8 MB
Progress (4): 0.9/2.2 MB | 48/877 kB | 0.3/12 MB | 0.6/1.8 MB
Progress (4): 0.9/2.2 MB | 48/877 kB | 0.3/12 MB | 0.6/1.8 MB
Progress (4): 0.9/2.2 MB | 48/877 kB | 0.3/12 MB | 0.6/1.8 MB
Progress (4): 0.9/2.2 MB | 48/877 kB | 0.3/12 MB | 0.6/1.8 MB
Progress (4): 0.9/2.2 MB | 48/877 kB | 0.3/12 MB | 0.6/1.8 MB
Progress (4): 1.0/2.2 MB | 48/877 kB | 0.3/12 MB | 0.6/1.8 MB
Progress (4): 1.0/2.2 MB | 48/877 kB | 0.3/12 MB | 0.6/1.8 MB
Progress (4): 1.0/2.2 MB | 48/877 kB | 0.3/12 MB | 0.6/1.8 MB
Progress (4): 1.0/2.2 MB | 48/877 kB | 0.3/12 MB | 0.6/1.8 MB
Progress (4): 1.0/2.2 MB | 48/877 kB | 0.3/12 MB | 0.6/1.8 MB
Progress (4): 1.0/2.2 MB | 48/877 kB | 0.3/12 MB | 0.6/1.8 MB
Progress (4): 1.1/2.2 MB | 48/877 kB | 0.3/12 MB | 0.6/1.8 MB
Progress (4): 1.1/2.2 MB | 48/877 kB | 0.3/12 MB | 0.6/1.8 MB
Progress (4): 1.1/2.2 MB | 48/877 kB | 0.3/12 MB | 0.6/1.8 MB
Progress (4): 1.1/2.2 MB | 48/877 kB | 0.3/12 MB | 0.6/1.8 MB
Progress (4): 1.1/2.2 MB | 65/877 kB | 0.3/12 MB | 0.6/1.8 MB
Progress (4): 1.1/2.2 MB | 65/877 kB | 0.3/12 MB | 0.6/1.8 MB
Progress (4): 1.1/2.2 MB | 65/877 kB | 0.3/12 MB | 0.7/1.8 MB
Progress (4): 1.1/2.2 MB | 65/877 kB | 0.3/12 MB | 0.7/1.8 MB
Progress (4): 1.1/2.2 MB | 65/877 kB | 0.3/12 MB | 0.7/1.8 MB
Progress (4): 1.1/2.2 MB | 65/877 kB | 0.3/12 MB | 0.7/1.8 MB
Progress (4): 1.1/2.2 MB | 65/877 kB | 0.3/12 MB | 0.7/1.8 MB
Progress (5): 1.1/2.2 MB | 65/877 kB | 0.3/12 MB | 0.7/1.8 MB | 0/1.5 MB
Progress (5): 1.1/2.2 MB | 65/877 kB | 0.3/12 MB | 0.7/1.8 MB | 0/1.5 MB
Progress (5): 1.1/2.2 MB | 65/877 kB | 0.3/12 MB | 0.7/1.8 MB | 0/1.5 MB
Progress (5): 1.1/2.2 MB | 65/877 kB | 0.3/12 MB | 0.7/1.8 MB | 0/1.5 MB
Progress (5): 1.1/2.2 MB | 65/877 kB | 0.3/12 MB | 0.7/1.8 MB | 0/1.5 MB
Progress (5): 1.1/2.2 MB | 65/877 kB | 0.4/12 MB | 0.7/1.8 MB | 0/1.5 MB
Progress (5): 1.2/2.2 MB | 65/877 kB | 0.4/12 MB | 0.7/1.8 MB | 0/1.5 MB
Progress (5): 1.2/2.2 MB | 65/877 kB | 0.4/12 MB | 0.7/1.8 MB | 0/1.5 MB
Progress (5): 1.2/2.2 MB | 65/877 kB | 0.4/12 MB | 0.7/1.8 MB | 0/1.5 MB
Progress (5): 1.2/2.2 MB | 65/877 kB | 0.4/12 MB | 0.7/1.8 MB | 0/1.5 MB
Progress (5): 1.2/2.2 MB | 65/877 kB | 0.4/12 MB | 0.7/1.8 MB | 0/1.5 MB
Progress (5): 1.2/2.2 MB | 65/877 kB | 0.4/12 MB | 0.7/1.8 MB | 0/1.5 MB
Progress (5): 1.2/2.2 MB | 65/877 kB | 0.4/12 MB | 0.7/1.8 MB | 0/1.5 MB
Progress (5): 1.2/2.2 MB | 65/877 kB | 0.4/12 MB | 0.7/1.8 MB | 0/1.5 MB
Progress (5): 1.2/2.2 MB | 65/877 kB | 0.4/12 MB | 0.7/1.8 MB | 0/1.5 MB
Progress (5): 1.2/2.2 MB | 65/877 kB | 0.4/12 MB | 0.7/1.8 MB | 0/1.5 MB
Progress (5): 1.2/2.2 MB | 65/877 kB | 0.4/12 MB | 0.7/1.8 MB | 0/1.5 MB
Progress (5): 1.3/2.2 MB | 65/877 kB | 0.4/12 MB | 0.7/1.8 MB | 0/1.5 MB
Progress (5): 1.3/2.2 MB | 65/877 kB | 0.4/12 MB | 0.7/1.8 MB | 0/1.5 MB
Progress (5): 1.3/2.2 MB | 65/877 kB | 0.4/12 MB | 0.7/1.8 MB | 0/1.5 MB
Progress (5): 1.3/2.2 MB | 65/877 kB | 0.4/12 MB | 0.7/1.8 MB | 0/1.5 MB
Progress (5): 1.3/2.2 MB | 65/877 kB | 0.4/12 MB | 0.7/1.8 MB | 0/1.5 MB
Progress (5): 1.3/2.2 MB | 65/877 kB | 0.4/12 MB | 0.7/1.8 MB | 0/1.5 MB
Progress (5): 1.4/2.2 MB | 65/877 kB | 0.4/12 MB | 0.7/1.8 MB | 0/1.5 MB
Progress (5): 1.4/2.2 MB | 65/877 kB | 0.4/12 MB | 0.7/1.8 MB | 0/1.5 MB
Progress (5): 1.4/2.2 MB | 65/877 kB | 0.4/12 MB | 0.7/1.8 MB | 0/1.5 MB
Progress (5): 1.4/2.2 MB | 65/877 kB | 0.4/12 MB | 0.7/1.8 MB | 0/1.5 MB
Progress (5): 1.4/2.2 MB | 65/877 kB | 0.4/12 MB | 0.7/1.8 MB | 0/1.5 MB
Progress (5): 1.4/2.2 MB | 65/877 kB | 0.4/12 MB | 0.7/1.8 MB | 0.1/1.5 MB
Progress (5): 1.4/2.2 MB | 65/877 kB | 0.4/12 MB | 0.7/1.8 MB | 0.1/1.5 MB
Progress (5): 1.4/2.2 MB | 65/877 kB | 0.4/12 MB | 0.7/1.8 MB | 0.1/1.5 MB
Progress (5): 1.4/2.2 MB | 65/877 kB | 0.4/12 MB | 0.7/1.8 MB | 0.1/1.5 MB
Progress (5): 1.4/2.2 MB | 65/877 kB | 0.4/12 MB | 0.7/1.8 MB | 0.1/1.5 MB
Progress (5): 1.4/2.2 MB | 65/877 kB | 0.4/12 MB | 0.7/1.8 MB | 0.1/1.5 MB
Progress (5): 1.4/2.2 MB | 65/877 kB | 0.4/12 MB | 0.8/1.8 MB | 0.1/1.5 MB
Progress (5): 1.4/2.2 MB | 65/877 kB | 0.4/12 MB | 0.8/1.8 MB | 0.1/1.5 MB
Progress (5): 1.4/2.2 MB | 65/877 kB | 0.4/12 MB | 0.8/1.8 MB | 0.1/1.5 MB
Progress (5): 1.4/2.2 MB | 65/877 kB | 0.4/12 MB | 0.8/1.8 MB | 0.1/1.5 MB
Progress (5): 1.4/2.2 MB | 65/877 kB | 0.4/12 MB | 0.8/1.8 MB | 0.1/1.5 MB
Progress (5): 1.4/2.2 MB | 65/877 kB | 0.5/12 MB | 0.8/1.8 MB | 0.1/1.5 MB
Progress (5): 1.4/2.2 MB | 65/877 kB | 0.5/12 MB | 0.8/1.8 MB | 0.2/1.5 MB
Progress (5): 1.4/2.2 MB | 65/877 kB | 0.5/12 MB | 0.8/1.8 MB | 0.2/1.5 MB
Progress (5): 1.4/2.2 MB | 65/877 kB | 0.5/12 MB | 0.8/1.8 MB | 0.2/1.5 MB
Progress (5): 1.4/2.2 MB | 65/877 kB | 0.5/12 MB | 0.8/1.8 MB | 0.2/1.5 MB
Progress (5): 1.4/2.2 MB | 65/877 kB | 0.5/12 MB | 0.8/1.8 MB | 0.2/1.5 MB
Progress (5): 1.4/2.2 MB | 65/877 kB | 0.5/12 MB | 0.8/1.8 MB | 0.2/1.5 MB
Progress (5): 1.4/2.2 MB | 65/877 kB | 0.5/12 MB | 0.8/1.8 MB | 0.2/1.5 MB
Progress (5): 1.4/2.2 MB | 65/877 kB | 0.5/12 MB | 0.8/1.8 MB | 0.2/1.5 MB
Progress (5): 1.4/2.2 MB | 65/877 kB | 0.5/12 MB | 0.8/1.8 MB | 0.2/1.5 MB
Progress (5): 1.4/2.2 MB | 65/877 kB | 0.5/12 MB | 0.8/1.8 MB | 0.2/1.5 MB
Progress (5): 1.4/2.2 MB | 65/877 kB | 0.5/12 MB | 0.8/1.8 MB | 0.2/1.5 MB
Progress (5): 1.4/2.2 MB | 65/877 kB | 0.5/12 MB | 0.8/1.8 MB | 0.2/1.5 MB
Progress (5): 1.5/2.2 MB | 65/877 kB | 0.5/12 MB | 0.8/1.8 MB | 0.2/1.5 MB
Progress (5): 1.5/2.2 MB | 65/877 kB | 0.5/12 MB | 0.8/1.8 MB | 0.3/1.5 MB
Progress (5): 1.5/2.2 MB | 65/877 kB | 0.5/12 MB | 0.8/1.8 MB | 0.3/1.5 MB
Progress (5): 1.5/2.2 MB | 65/877 kB | 0.5/12 MB | 0.8/1.8 MB | 0.3/1.5 MB
Progress (5): 1.5/2.2 MB | 65/877 kB | 0.5/12 MB | 0.8/1.8 MB | 0.3/1.5 MB
Progress (5): 1.5/2.2 MB | 65/877 kB | 0.5/12 MB | 0.9/1.8 MB | 0.3/1.5 MB
Progress (5): 1.5/2.2 MB | 65/877 kB | 0.5/12 MB | 0.9/1.8 MB | 0.3/1.5 MB
Progress (5): 1.5/2.2 MB | 65/877 kB | 0.5/12 MB | 0.9/1.8 MB | 0.3/1.5 MB
Progress (5): 1.5/2.2 MB | 65/877 kB | 0.5/12 MB | 0.9/1.8 MB | 0.3/1.5 MB
Progress (5): 1.5/2.2 MB | 65/877 kB | 0.5/12 MB | 0.9/1.8 MB | 0.3/1.5 MB
Progress (5): 1.5/2.2 MB | 65/877 kB | 0.5/12 MB | 0.9/1.8 MB | 0.3/1.5 MB
Progress (5): 1.5/2.2 MB | 65/877 kB | 0.5/12 MB | 0.9/1.8 MB | 0.3/1.5 MB
Progress (5): 1.5/2.2 MB | 65/877 kB | 0.5/12 MB | 0.9/1.8 MB | 0.3/1.5 MB
Progress (5): 1.5/2.2 MB | 65/877 kB | 0.5/12 MB | 0.9/1.8 MB | 0.3/1.5 MB
Progress (5): 1.5/2.2 MB | 65/877 kB | 0.5/12 MB | 0.9/1.8 MB | 0.3/1.5 MB
Progress (5): 1.5/2.2 MB | 65/877 kB | 0.5/12 MB | 0.9/1.8 MB | 0.3/1.5 MB
Progress (5): 1.5/2.2 MB | 65/877 kB | 0.5/12 MB | 0.9/1.8 MB | 0.3/1.5 MB
Progress (5): 1.6/2.2 MB | 65/877 kB | 0.5/12 MB | 0.9/1.8 MB | 0.3/1.5 MB
Progress (5): 1.6/2.2 MB | 65/877 kB | 0.5/12 MB | 0.9/1.8 MB | 0.3/1.5 MB
Progress (5): 1.6/2.2 MB | 65/877 kB | 0.5/12 MB | 0.9/1.8 MB | 0.3/1.5 MB
Progress (5): 1.6/2.2 MB | 65/877 kB | 0.5/12 MB | 0.9/1.8 MB | 0.3/1.5 MB
Progress (5): 1.6/2.2 MB | 65/877 kB | 0.5/12 MB | 0.9/1.8 MB | 0.3/1.5 MB
Progress (5): 1.6/2.2 MB | 65/877 kB | 0.5/12 MB | 0.9/1.8 MB | 0.3/1.5 MB
Progress (5): 1.6/2.2 MB | 65/877 kB | 0.5/12 MB | 0.9/1.8 MB | 0.3/1.5 MB
Progress (5): 1.6/2.2 MB | 65/877 kB | 0.5/12 MB | 1.0/1.8 MB | 0.3/1.5 MB
Progress (5): 1.7/2.2 MB | 65/877 kB | 0.5/12 MB | 1.0/1.8 MB | 0.3/1.5 MB
Progress (5): 1.7/2.2 MB | 65/877 kB | 0.5/12 MB | 1.0/1.8 MB | 0.3/1.5 MB
Progress (5): 1.7/2.2 MB | 65/877 kB | 0.5/12 MB | 1.0/1.8 MB | 0.3/1.5 MB
Progress (5): 1.7/2.2 MB | 65/877 kB | 0.5/12 MB | 1.0/1.8 MB | 0.3/1.5 MB
Progress (5): 1.7/2.2 MB | 65/877 kB | 0.5/12 MB | 1.0/1.8 MB | 0.3/1.5 MB
Progress (5): 1.7/2.2 MB | 65/877 kB | 0.5/12 MB | 1.0/1.8 MB | 0.3/1.5 MB
Progress (5): 1.7/2.2 MB | 65/877 kB | 0.5/12 MB | 1.0/1.8 MB | 0.3/1.5 MB
Progress (5): 1.7/2.2 MB | 65/877 kB | 0.5/12 MB | 1.0/1.8 MB | 0.3/1.5 MB
Progress (5): 1.7/2.2 MB | 65/877 kB | 0.5/12 MB | 1.0/1.8 MB | 0.3/1.5 MB
Progress (5): 1.7/2.2 MB | 65/877 kB | 0.5/12 MB | 1.0/1.8 MB | 0.3/1.5 MB
Progress (5): 1.7/2.2 MB | 65/877 kB | 0.5/12 MB | 1.0/1.8 MB | 0.3/1.5 MB
Progress (5): 1.7/2.2 MB | 65/877 kB | 0.5/12 MB | 1.0/1.8 MB | 0.3/1.5 MB
Progress (5): 1.8/2.2 MB | 65/877 kB | 0.5/12 MB | 1.0/1.8 MB | 0.3/1.5 MB
Progress (5): 1.8/2.2 MB | 65/877 kB | 0.5/12 MB | 1.0/1.8 MB | 0.3/1.5 MB
Progress (5): 1.8/2.2 MB | 65/877 kB | 0.5/12 MB | 1.0/1.8 MB | 0.3/1.5 MB
Progress (5): 1.8/2.2 MB | 65/877 kB | 0.5/12 MB | 1.0/1.8 MB | 0.4/1.5 MB
Progress (5): 1.8/2.2 MB | 65/877 kB | 0.5/12 MB | 1.0/1.8 MB | 0.4/1.5 MB
Progress (5): 1.8/2.2 MB | 65/877 kB | 0.5/12 MB | 1.0/1.8 MB | 0.4/1.5 MB
Progress (5): 1.8/2.2 MB | 65/877 kB | 0.5/12 MB | 1.0/1.8 MB | 0.4/1.5 MB
Progress (5): 1.8/2.2 MB | 65/877 kB | 0.5/12 MB | 1.0/1.8 MB | 0.4/1.5 MB
Progress (5): 1.8/2.2 MB | 65/877 kB | 0.5/12 MB | 1.0/1.8 MB | 0.4/1.5 MB
Progress (5): 1.8/2.2 MB | 65/877 kB | 0.5/12 MB | 1.0/1.8 MB | 0.4/1.5 MB
Progress (5): 1.8/2.2 MB | 65/877 kB | 0.5/12 MB | 1.0/1.8 MB | 0.4/1.5 MB
Progress (5): 1.8/2.2 MB | 65/877 kB | 0.5/12 MB | 1.0/1.8 MB | 0.4/1.5 MB
Progress (5): 1.8/2.2 MB | 65/877 kB | 0.5/12 MB | 1.0/1.8 MB | 0.4/1.5 MB
Progress (5): 1.8/2.2 MB | 65/877 kB | 0.6/12 MB | 1.0/1.8 MB | 0.4/1.5 MB
Progress (5): 1.8/2.2 MB | 65/877 kB | 0.6/12 MB | 1.0/1.8 MB | 0.4/1.5 MB
Progress (5): 1.8/2.2 MB | 65/877 kB | 0.6/12 MB | 1.0/1.8 MB | 0.4/1.5 MB
Progress (5): 1.8/2.2 MB | 65/877 kB | 0.6/12 MB | 1.0/1.8 MB | 0.4/1.5 MB
Progress (5): 1.8/2.2 MB | 65/877 kB | 0.6/12 MB | 1.0/1.8 MB | 0.4/1.5 MB
Progress (5): 1.8/2.2 MB | 65/877 kB | 0.6/12 MB | 1.0/1.8 MB | 0.4/1.5 MB
Progress (5): 1.9/2.2 MB | 65/877 kB | 0.6/12 MB | 1.0/1.8 MB | 0.4/1.5 MB
Progress (5): 1.9/2.2 MB | 65/877 kB | 0.6/12 MB | 1.0/1.8 MB | 0.4/1.5 MB
Progress (5): 1.9/2.2 MB | 65/877 kB | 0.6/12 MB | 1.0/1.8 MB | 0.4/1.5 MB
Progress (5): 1.9/2.2 MB | 65/877 kB | 0.6/12 MB | 1.1/1.8 MB | 0.4/1.5 MB
Progress (5): 1.9/2.2 MB | 65/877 kB | 0.6/12 MB | 1.1/1.8 MB | 0.4/1.5 MB
Progress (5): 1.9/2.2 MB | 65/877 kB | 0.6/12 MB | 1.1/1.8 MB | 0.4/1.5 MB
Progress (5): 1.9/2.2 MB | 65/877 kB | 0.6/12 MB | 1.1/1.8 MB | 0.4/1.5 MB
Progress (5): 1.9/2.2 MB | 65/877 kB | 0.6/12 MB | 1.1/1.8 MB | 0.4/1.5 MB
Progress (5): 1.9/2.2 MB | 65/877 kB | 0.6/12 MB | 1.1/1.8 MB | 0.4/1.5 MB
Progress (5): 1.9/2.2 MB | 65/877 kB | 0.6/12 MB | 1.1/1.8 MB | 0.4/1.5 MB
Progress (5): 1.9/2.2 MB | 65/877 kB | 0.6/12 MB | 1.1/1.8 MB | 0.5/1.5 MB
Progress (5): 1.9/2.2 MB | 65/877 kB | 0.6/12 MB | 1.1/1.8 MB | 0.5/1.5 MB
Progress (5): 1.9/2.2 MB | 65/877 kB | 0.6/12 MB | 1.1/1.8 MB | 0.5/1.5 MB
Progress (5): 2.0/2.2 MB | 65/877 kB | 0.6/12 MB | 1.1/1.8 MB | 0.5/1.5 MB
Progress (5): 2.0/2.2 MB | 65/877 kB | 0.6/12 MB | 1.1/1.8 MB | 0.5/1.5 MB
Progress (5): 2.0/2.2 MB | 65/877 kB | 0.6/12 MB | 1.1/1.8 MB | 0.5/1.5 MB
Progress (5): 2.0/2.2 MB | 65/877 kB | 0.6/12 MB | 1.1/1.8 MB | 0.5/1.5 MB
Progress (5): 2.0/2.2 MB | 65/877 kB | 0.6/12 MB | 1.1/1.8 MB | 0.5/1.5 MB
Progress (5): 2.0/2.2 MB | 65/877 kB | 0.6/12 MB | 1.1/1.8 MB | 0.5/1.5 MB
Progress (5): 2.0/2.2 MB | 65/877 kB | 0.6/12 MB | 1.1/1.8 MB | 0.5/1.5 MB
Progress (5): 2.0/2.2 MB | 65/877 kB | 0.6/12 MB | 1.1/1.8 MB | 0.5/1.5 MB
Progress (5): 2.0/2.2 MB | 65/877 kB | 0.6/12 MB | 1.1/1.8 MB | 0.5/1.5 MB
Progress (5): 2.0/2.2 MB | 65/877 kB | 0.6/12 MB | 1.1/1.8 MB | 0.5/1.5 MB
Progress (5): 2.0/2.2 MB | 65/877 kB | 0.6/12 MB | 1.1/1.8 MB | 0.5/1.5 MB
Progress (5): 2.0/2.2 MB | 65/877 kB | 0.6/12 MB | 1.1/1.8 MB | 0.5/1.5 MB
Progress (5): 2.0/2.2 MB | 65/877 kB | 0.6/12 MB | 1.1/1.8 MB | 0.5/1.5 MB
Progress (5): 2.0/2.2 MB | 65/877 kB | 0.6/12 MB | 1.1/1.8 MB | 0.5/1.5 MB
Progress (5): 2.0/2.2 MB | 65/877 kB | 0.6/12 MB | 1.1/1.8 MB | 0.5/1.5 MB
Progress (5): 2.0/2.2 MB | 65/877 kB | 0.6/12 MB | 1.1/1.8 MB | 0.5/1.5 MB
Progress (5): 2.0/2.2 MB | 65/877 kB | 0.6/12 MB | 1.1/1.8 MB | 0.6/1.5 MB
Progress (5): 2.0/2.2 MB | 65/877 kB | 0.6/12 MB | 1.2/1.8 MB | 0.6/1.5 MB
Progress (5): 2.0/2.2 MB | 65/877 kB | 0.6/12 MB | 1.2/1.8 MB | 0.6/1.5 MB
Progress (5): 2.1/2.2 MB | 65/877 kB | 0.6/12 MB | 1.2/1.8 MB | 0.6/1.5 MB
Progress (5): 2.1/2.2 MB | 65/877 kB | 0.6/12 MB | 1.2/1.8 MB | 0.6/1.5 MB
Progress (5): 2.1/2.2 MB | 65/877 kB | 0.6/12 MB | 1.2/1.8 MB | 0.6/1.5 MB
Progress (5): 2.1/2.2 MB | 65/877 kB | 0.6/12 MB | 1.2/1.8 MB | 0.6/1.5 MB
Progress (5): 2.1/2.2 MB | 65/877 kB | 0.6/12 MB | 1.2/1.8 MB | 0.6/1.5 MB
Progress (5): 2.1/2.2 MB | 65/877 kB | 0.6/12 MB | 1.2/1.8 MB | 0.6/1.5 MB
Progress (5): 2.1/2.2 MB | 65/877 kB | 0.6/12 MB | 1.2/1.8 MB | 0.6/1.5 MB
Progress (5): 2.1/2.2 MB | 65/877 kB | 0.6/12 MB | 1.2/1.8 MB | 0.6/1.5 MB
Progress (5): 2.1/2.2 MB | 65/877 kB | 0.6/12 MB | 1.2/1.8 MB | 0.6/1.5 MB
Progress (5): 2.1/2.2 MB | 65/877 kB | 0.6/12 MB | 1.2/1.8 MB | 0.6/1.5 MB
Progress (5): 2.1/2.2 MB | 65/877 kB | 0.6/12 MB | 1.2/1.8 MB | 0.6/1.5 MB
Progress (5): 2.1/2.2 MB | 65/877 kB | 0.6/12 MB | 1.2/1.8 MB | 0.6/1.5 MB
Progress (5): 2.1/2.2 MB | 65/877 kB | 0.6/12 MB | 1.2/1.8 MB | 0.6/1.5 MB
Progress (5): 2.2/2.2 MB | 65/877 kB | 0.6/12 MB | 1.2/1.8 MB | 0.6/1.5 MB
Progress (5): 2.2/2.2 MB | 65/877 kB | 0.6/12 MB | 1.2/1.8 MB | 0.6/1.5 MB
Progress (5): 2.2/2.2 MB | 65/877 kB | 0.6/12 MB | 1.2/1.8 MB | 0.6/1.5 MB
Progress (5): 2.2/2.2 MB | 65/877 kB | 0.6/12 MB | 1.2/1.8 MB | 0.6/1.5 MB
Progress (5): 2.2 MB | 65/877 kB | 0.6/12 MB | 1.2/1.8 MB | 0.6/1.5 MB    
Progress (5): 2.2 MB | 81/877 kB | 0.6/12 MB | 1.2/1.8 MB | 0.6/1.5 MB
Progress (5): 2.2 MB | 81/877 kB | 0.6/12 MB | 1.2/1.8 MB | 0.6/1.5 MB
Progress (5): 2.2 MB | 81/877 kB | 0.6/12 MB | 1.2/1.8 MB | 0.7/1.5 MB
Progress (5): 2.2 MB | 81/877 kB | 0.6/12 MB | 1.2/1.8 MB | 0.7/1.5 MB
                                                                      
Downloaded from central: https://repo.maven.apache.org/maven2/org/aspectj/aspectjweaver/1.9.22.1/aspectjweaver-1.9.22.1.jar (2.2 MB at 1.5 MB/s)
Downloading from central: https://repo.maven.apache.org/maven2/org/springframework/spring-orm/6.2.2/spring-orm-6.2.2.jar
Progress (4): 81/877 kB | 0.6/12 MB | 1.3/1.8 MB | 0.7/1.5 MB
Progress (4): 81/877 kB | 0.6/12 MB | 1.3/1.8 MB | 0.7/1.5 MB
Progress (4): 81/877 kB | 0.6/12 MB | 1.3/1.8 MB | 0.7/1.5 MB
Progress (4): 81/877 kB | 0.6/12 MB | 1.3/1.8 MB | 0.7/1.5 MB
Progress (4): 81/877 kB | 0.6/12 MB | 1.3/1.8 MB | 0.7/1.5 MB
Progress (4): 81/877 kB | 0.6/12 MB | 1.3/1.8 MB | 0.7/1.5 MB
Progress (4): 81/877 kB | 0.6/12 MB | 1.3/1.8 MB | 0.7/1.5 MB
Progress (4): 81/877 kB | 0.7/12 MB | 1.3/1.8 MB | 0.7/1.5 MB
Progress (4): 81/877 kB | 0.7/12 MB | 1.3/1.8 MB | 0.7/1.5 MB
Progress (4): 81/877 kB | 0.7/12 MB | 1.3/1.8 MB | 0.7/1.5 MB
Progress (4): 81/877 kB | 0.7/12 MB | 1.3/1.8 MB | 0.7/1.5 MB
Progress (4): 81/877 kB | 0.7/12 MB | 1.3/1.8 MB | 0.7/1.5 MB
Progress (4): 81/877 kB | 0.7/12 MB | 1.3/1.8 MB | 0.8/1.5 MB
Progress (4): 81/877 kB | 0.7/12 MB | 1.3/1.8 MB | 0.8/1.5 MB
Progress (5): 81/877 kB | 0.7/12 MB | 1.3/1.8 MB | 0.8/1.5 MB | 7.7/234 kB
Progress (5): 81/877 kB | 0.7/12 MB | 1.3/1.8 MB | 0.8/1.5 MB | 16/234 kB 
Progress (5): 81/877 kB | 0.7/12 MB | 1.3/1.8 MB | 0.8/1.5 MB | 32/234 kB
Progress (5): 81/877 kB | 0.7/12 MB | 1.3/1.8 MB | 0.8/1.5 MB | 48/234 kB
Progress (5): 81/877 kB | 0.7/12 MB | 1.3/1.8 MB | 0.8/1.5 MB | 65/234 kB
Progress (5): 81/877 kB | 0.7/12 MB | 1.3/1.8 MB | 0.8/1.5 MB | 81/234 kB
Progress (5): 81/877 kB | 0.7/12 MB | 1.3/1.8 MB | 0.8/1.5 MB | 98/234 kB
Progress (5): 81/877 kB | 0.7/12 MB | 1.3/1.8 MB | 0.8/1.5 MB | 114/234 kB
Progress (5): 81/877 kB | 0.7/12 MB | 1.3/1.8 MB | 0.8/1.5 MB | 130/234 kB
Progress (5): 81/877 kB | 0.7/12 MB | 1.3/1.8 MB | 0.8/1.5 MB | 147/234 kB
Progress (5): 81/877 kB | 0.7/12 MB | 1.3/1.8 MB | 0.8/1.5 MB | 163/234 kB
Progress (5): 81/877 kB | 0.7/12 MB | 1.3/1.8 MB | 0.8/1.5 MB | 163/234 kB
Progress (5): 81/877 kB | 0.7/12 MB | 1.3/1.8 MB | 0.8/1.5 MB | 179/234 kB
Progress (5): 81/877 kB | 0.7/12 MB | 1.3/1.8 MB | 0.8/1.5 MB | 179/234 kB
Progress (5): 81/877 kB | 0.7/12 MB | 1.4/1.8 MB | 0.8/1.5 MB | 179/234 kB
Progress (5): 81/877 kB | 0.7/12 MB | 1.4/1.8 MB | 0.8/1.5 MB | 179/234 kB
Progress (5): 81/877 kB | 0.7/12 MB | 1.4/1.8 MB | 0.8/1.5 MB | 179/234 kB
Progress (5): 81/877 kB | 0.7/12 MB | 1.4/1.8 MB | 0.8/1.5 MB | 179/234 kB
Progress (5): 81/877 kB | 0.7/12 MB | 1.4/1.8 MB | 0.9/1.5 MB | 179/234 kB
Progress (5): 81/877 kB | 0.7/12 MB | 1.4/1.8 MB | 0.9/1.5 MB | 179/234 kB
Progress (5): 81/877 kB | 0.7/12 MB | 1.4/1.8 MB | 0.9/1.5 MB | 179/234 kB
Progress (5): 81/877 kB | 0.7/12 MB | 1.4/1.8 MB | 0.9/1.5 MB | 179/234 kB
Progress (5): 81/877 kB | 0.7/12 MB | 1.4/1.8 MB | 0.9/1.5 MB | 179/234 kB
Progress (5): 81/877 kB | 0.7/12 MB | 1.4/1.8 MB | 0.9/1.5 MB | 179/234 kB
Progress (5): 81/877 kB | 0.7/12 MB | 1.4/1.8 MB | 1.0/1.5 MB | 179/234 kB
Progress (5): 81/877 kB | 0.7/12 MB | 1.4/1.8 MB | 1.0/1.5 MB | 179/234 kB
Progress (5): 81/877 kB | 0.7/12 MB | 1.4/1.8 MB | 1.0/1.5 MB | 179/234 kB
Progress (5): 81/877 kB | 0.7/12 MB | 1.4/1.8 MB | 1.0/1.5 MB | 196/234 kB
Progress (5): 81/877 kB | 0.7/12 MB | 1.4/1.8 MB | 1.0/1.5 MB | 196/234 kB
Progress (5): 81/877 kB | 0.7/12 MB | 1.4/1.8 MB | 1.0/1.5 MB | 196/234 kB
Progress (5): 81/877 kB | 0.7/12 MB | 1.4/1.8 MB | 1.0/1.5 MB | 212/234 kB
Progress (5): 81/877 kB | 0.7/12 MB | 1.4/1.8 MB | 1.0/1.5 MB | 212/234 kB
Progress (5): 81/877 kB | 0.7/12 MB | 1.4/1.8 MB | 1.0/1.5 MB | 212/234 kB
Progress (5): 81/877 kB | 0.7/12 MB | 1.4/1.8 MB | 1.0/1.5 MB | 212/234 kB
Progress (5): 81/877 kB | 0.7/12 MB | 1.5/1.8 MB | 1.0/1.5 MB | 212/234 kB
Progress (5): 81/877 kB | 0.7/12 MB | 1.5/1.8 MB | 1.0/1.5 MB | 212/234 kB
Progress (5): 81/877 kB | 0.7/12 MB | 1.5/1.8 MB | 1.0/1.5 MB | 212/234 kB
Progress (5): 81/877 kB | 0.7/12 MB | 1.5/1.8 MB | 1.0/1.5 MB | 212/234 kB
Progress (5): 81/877 kB | 0.7/12 MB | 1.5/1.8 MB | 1.0/1.5 MB | 212/234 kB
Progress (5): 81/877 kB | 0.7/12 MB | 1.5/1.8 MB | 1.0/1.5 MB | 212/234 kB
Progress (5): 81/877 kB | 0.7/12 MB | 1.6/1.8 MB | 1.0/1.5 MB | 212/234 kB
Progress (5): 81/877 kB | 0.7/12 MB | 1.6/1.8 MB | 1.0/1.5 MB | 212/234 kB
Progress (5): 81/877 kB | 0.7/12 MB | 1.6/1.8 MB | 1.0/1.5 MB | 212/234 kB
Progress (5): 81/877 kB | 0.7/12 MB | 1.6/1.8 MB | 1.0/1.5 MB | 212/234 kB
Progress (5): 81/877 kB | 0.7/12 MB | 1.6/1.8 MB | 1.0/1.5 MB | 212/234 kB
Progress (5): 81/877 kB | 0.7/12 MB | 1.6/1.8 MB | 1.0/1.5 MB | 212/234 kB
Progress (5): 81/877 kB | 0.7/12 MB | 1.6/1.8 MB | 1.0/1.5 MB | 212/234 kB
Progress (5): 81/877 kB | 0.7/12 MB | 1.6/1.8 MB | 1.0/1.5 MB | 212/234 kB
Progress (5): 81/877 kB | 0.7/12 MB | 1.6/1.8 MB | 1.0/1.5 MB | 212/234 kB
Progress (5): 81/877 kB | 0.7/12 MB | 1.6/1.8 MB | 1.0/1.5 MB | 212/234 kB
Progress (5): 81/877 kB | 0.7/12 MB | 1.6/1.8 MB | 1.0/1.5 MB | 212/234 kB
Progress (5): 81/877 kB | 0.7/12 MB | 1.6/1.8 MB | 1.0/1.5 MB | 212/234 kB
Progress (5): 81/877 kB | 0.7/12 MB | 1.7/1.8 MB | 1.0/1.5 MB | 212/234 kB
Progress (5): 81/877 kB | 0.7/12 MB | 1.7/1.8 MB | 1.0/1.5 MB | 212/234 kB
Progress (5): 81/877 kB | 0.7/12 MB | 1.7/1.8 MB | 1.0/1.5 MB | 212/234 kB
Progress (5): 98/877 kB | 0.7/12 MB | 1.7/1.8 MB | 1.0/1.5 MB | 212/234 kB
Progress (5): 98/877 kB | 0.7/12 MB | 1.7/1.8 MB | 1.0/1.5 MB | 212/234 kB
Progress (5): 98/877 kB | 0.7/12 MB | 1.7/1.8 MB | 1.0/1.5 MB | 212/234 kB
Progress (5): 98/877 kB | 0.7/12 MB | 1.7/1.8 MB | 1.1/1.5 MB | 212/234 kB
Progress (5): 98/877 kB | 0.7/12 MB | 1.7/1.8 MB | 1.1/1.5 MB | 212/234 kB
Progress (5): 98/877 kB | 0.7/12 MB | 1.7/1.8 MB | 1.1/1.5 MB | 229/234 kB
Progress (5): 98/877 kB | 0.7/12 MB | 1.7/1.8 MB | 1.1/1.5 MB | 234 kB    
                                                                      
Downloaded from central: https://repo.maven.apache.org/maven2/org/springframework/spring-orm/6.2.2/spring-orm-6.2.2.jar (234 kB at 130 kB/s)
Downloading from central: https://repo.maven.apache.org/maven2/org/springframework/spring-context/6.2.2/spring-context-6.2.2.jar
Progress (4): 98/877 kB | 0.7/12 MB | 1.7/1.8 MB | 1.1/1.5 MB
Progress (4): 98/877 kB | 0.7/12 MB | 1.7/1.8 MB | 1.1/1.5 MB
Progress (4): 98/877 kB | 0.7/12 MB | 1.7/1.8 MB | 1.1/1.5 MB
Progress (4): 98/877 kB | 0.7/12 MB | 1.7/1.8 MB | 1.1/1.5 MB
Progress (4): 98/877 kB | 0.7/12 MB | 1.8/1.8 MB | 1.1/1.5 MB
Progress (4): 98/877 kB | 0.7/12 MB | 1.8 MB | 1.1/1.5 MB    
Progress (4): 98/877 kB | 0.7/12 MB | 1.8 MB | 1.1/1.5 MB
Progress (4): 98/877 kB | 0.7/12 MB | 1.8 MB | 1.1/1.5 MB
Progress (4): 98/877 kB | 0.7/12 MB | 1.8 MB | 1.1/1.5 MB
Progress (4): 98/877 kB | 0.7/12 MB | 1.8 MB | 1.1/1.5 MB
Progress (4): 98/877 kB | 0.8/12 MB | 1.8 MB | 1.1/1.5 MB
Progress (4): 98/877 kB | 0.8/12 MB | 1.8 MB | 1.1/1.5 MB
                                                         
Downloaded from central: https://repo.maven.apache.org/maven2/org/springframework/data/spring-data-jpa/3.4.2/spring-data-jpa-3.4.2.jar (1.8 MB at 950 kB/s)
Downloading from central: https://repo.maven.apache.org/maven2/org/springframework/spring-aspects/6.2.2/spring-aspects-6.2.2.jar
Progress (3): 98/877 kB | 0.8/12 MB | 1.2/1.5 MB
Progress (3): 98/877 kB | 0.8/12 MB | 1.2/1.5 MB
Progress (3): 98/877 kB | 0.8/12 MB | 1.2/1.5 MB
Progress (3): 98/877 kB | 0.8/12 MB | 1.2/1.5 MB
Progress (3): 98/877 kB | 0.8/12 MB | 1.2/1.5 MB
Progress (3): 98/877 kB | 0.8/12 MB | 1.2/1.5 MB
Progress (3): 98/877 kB | 0.8/12 MB | 1.2/1.5 MB
Progress (3): 98/877 kB | 0.8/12 MB | 1.2/1.5 MB
Progress (3): 98/877 kB | 0.8/12 MB | 1.2/1.5 MB
Progress (3): 98/877 kB | 0.8/12 MB | 1.3/1.5 MB
Progress (4): 98/877 kB | 0.8/12 MB | 1.3/1.5 MB | 0/1.4 MB
Progress (4): 98/877 kB | 0.8/12 MB | 1.3/1.5 MB | 0/1.4 MB
Progress (4): 98/877 kB | 0.8/12 MB | 1.3/1.5 MB | 0/1.4 MB
Progress (4): 114/877 kB | 0.8/12 MB | 1.3/1.5 MB | 0/1.4 MB
Progress (5): 114/877 kB | 0.8/12 MB | 1.3/1.5 MB | 0/1.4 MB | 7.7/50 kB
Progress (5): 114/877 kB | 0.8/12 MB | 1.3/1.5 MB | 0/1.4 MB | 16/50 kB 
Progress (5): 114/877 kB | 0.8/12 MB | 1.3/1.5 MB | 0/1.4 MB | 32/50 kB
Progress (5): 114/877 kB | 0.8/12 MB | 1.3/1.5 MB | 0/1.4 MB | 49/50 kB
Progress (5): 114/877 kB | 0.8/12 MB | 1.3/1.5 MB | 0/1.4 MB | 50 kB   
                                                                    
Downloaded from central: https://repo.maven.apache.org/maven2/org/springframework/spring-aspects/6.2.2/spring-aspects-6.2.2.jar (50 kB at 25 kB/s)
Downloading from central: https://repo.maven.apache.org/maven2/org/hibernate/validator/hibernate-validator/8.0.2.Final/hibernate-validator-8.0.2.Final.jar
Progress (4): 114/877 kB | 0.8/12 MB | 1.3/1.5 MB | 0/1.4 MB
Progress (4): 114/877 kB | 0.8/12 MB | 1.3/1.5 MB | 0/1.4 MB
Progress (4): 114/877 kB | 0.8/12 MB | 1.3/1.5 MB | 0/1.4 MB
Progress (4): 114/877 kB | 0.8/12 MB | 1.3/1.5 MB | 0/1.4 MB
Progress (4): 114/877 kB | 0.8/12 MB | 1.3/1.5 MB | 0.1/1.4 MB
Progress (4): 114/877 kB | 0.8/12 MB | 1.3/1.5 MB | 0.1/1.4 MB
Progress (4): 114/877 kB | 0.8/12 MB | 1.3/1.5 MB | 0.1/1.4 MB
Progress (4): 114/877 kB | 0.8/12 MB | 1.3/1.5 MB | 0.1/1.4 MB
Progress (4): 114/877 kB | 0.8/12 MB | 1.3/1.5 MB | 0.1/1.4 MB
Progress (4): 114/877 kB | 0.8/12 MB | 1.3/1.5 MB | 0.1/1.4 MB
Progress (4): 114/877 kB | 0.8/12 MB | 1.3/1.5 MB | 0.1/1.4 MB
Progress (4): 114/877 kB | 0.8/12 MB | 1.4/1.5 MB | 0.1/1.4 MB
Progress (4): 114/877 kB | 0.8/12 MB | 1.4/1.5 MB | 0.1/1.4 MB
Progress (4): 114/877 kB | 0.8/12 MB | 1.4/1.5 MB | 0.1/1.4 MB
Progress (4): 114/877 kB | 0.8/12 MB | 1.4/1.5 MB | 0.1/1.4 MB
Progress (4): 114/877 kB | 0.8/12 MB | 1.4/1.5 MB | 0.1/1.4 MB
Progress (4): 114/877 kB | 0.8/12 MB | 1.4/1.5 MB | 0.1/1.4 MB
Progress (4): 114/877 kB | 0.8/12 MB | 1.4/1.5 MB | 0.1/1.4 MB
Progress (4): 114/877 kB | 0.8/12 MB | 1.4/1.5 MB | 0.1/1.4 MB
Progress (4): 114/877 kB | 0.8/12 MB | 1.4/1.5 MB | 0.1/1.4 MB
Progress (5): 114/877 kB | 0.8/12 MB | 1.4/1.5 MB | 0.1/1.4 MB | 0/1.3 MB
Progress (5): 114/877 kB | 0.8/12 MB | 1.4/1.5 MB | 0.1/1.4 MB | 0/1.3 MB
Progress (5): 114/877 kB | 0.8/12 MB | 1.4/1.5 MB | 0.1/1.4 MB | 0/1.3 MB
Progress (5): 114/877 kB | 0.8/12 MB | 1.4/1.5 MB | 0.1/1.4 MB | 0/1.3 MB
Progress (5): 114/877 kB | 0.8/12 MB | 1.4/1.5 MB | 0.1/1.4 MB | 0.1/1.3 MB
Progress (5): 114/877 kB | 0.8/12 MB | 1.4/1.5 MB | 0.1/1.4 MB | 0.1/1.3 MB
Progress (5): 114/877 kB | 0.8/12 MB | 1.4/1.5 MB | 0.1/1.4 MB | 0.1/1.3 MB
Progress (5): 114/877 kB | 0.8/12 MB | 1.4/1.5 MB | 0.1/1.4 MB | 0.1/1.3 MB
Progress (5): 114/877 kB | 0.8/12 MB | 1.4/1.5 MB | 0.1/1.4 MB | 0.1/1.3 MB
Progress (5): 114/877 kB | 0.8/12 MB | 1.4/1.5 MB | 0.1/1.4 MB | 0.1/1.3 MB
Progress (5): 114/877 kB | 0.8/12 MB | 1.4/1.5 MB | 0.1/1.4 MB | 0.2/1.3 MB
Progress (5): 114/877 kB | 0.8/12 MB | 1.4/1.5 MB | 0.1/1.4 MB | 0.2/1.3 MB
Progress (5): 114/877 kB | 0.8/12 MB | 1.4/1.5 MB | 0.1/1.4 MB | 0.2/1.3 MB
Progress (5): 114/877 kB | 0.8/12 MB | 1.4/1.5 MB | 0.2/1.4 MB | 0.2/1.3 MB
Progress (5): 114/877 kB | 0.9/12 MB | 1.4/1.5 MB | 0.2/1.4 MB | 0.2/1.3 MB
Progress (5): 114/877 kB | 0.9/12 MB | 1.4/1.5 MB | 0.2/1.4 MB | 0.2/1.3 MB
Progress (5): 114/877 kB | 0.9/12 MB | 1.4/1.5 MB | 0.2/1.4 MB | 0.2/1.3 MB
Progress (5): 114/877 kB | 0.9/12 MB | 1.4/1.5 MB | 0.2/1.4 MB | 0.2/1.3 MB
Progress (5): 114/877 kB | 0.9/12 MB | 1.4/1.5 MB | 0.2/1.4 MB | 0.2/1.3 MB
Progress (5): 114/877 kB | 0.9/12 MB | 1.4/1.5 MB | 0.2/1.4 MB | 0.2/1.3 MB
Progress (5): 114/877 kB | 0.9/12 MB | 1.5/1.5 MB | 0.2/1.4 MB | 0.2/1.3 MB
Progress (5): 114/877 kB | 0.9/12 MB | 1.5/1.5 MB | 0.2/1.4 MB | 0.2/1.3 MB
Progress (5): 114/877 kB | 0.9/12 MB | 1.5/1.5 MB | 0.2/1.4 MB | 0.2/1.3 MB
Progress (5): 114/877 kB | 0.9/12 MB | 1.5/1.5 MB | 0.2/1.4 MB | 0.2/1.3 MB
Progress (5): 114/877 kB | 0.9/12 MB | 1.5/1.5 MB | 0.2/1.4 MB | 0.2/1.3 MB
Progress (5): 114/877 kB | 0.9/12 MB | 1.5/1.5 MB | 0.3/1.4 MB | 0.2/1.3 MB
Progress (5): 114/877 kB | 0.9/12 MB | 1.5/1.5 MB | 0.3/1.4 MB | 0.2/1.3 MB
Progress (5): 114/877 kB | 0.9/12 MB | 1.5/1.5 MB | 0.3/1.4 MB | 0.2/1.3 MB
Progress (5): 114/877 kB | 0.9/12 MB | 1.5/1.5 MB | 0.3/1.4 MB | 0.2/1.3 MB
Progress (5): 114/877 kB | 0.9/12 MB | 1.5/1.5 MB | 0.3/1.4 MB | 0.2/1.3 MB
Progress (5): 114/877 kB | 0.9/12 MB | 1.5/1.5 MB | 0.3/1.4 MB | 0.2/1.3 MB
Progress (5): 114/877 kB | 0.9/12 MB | 1.5/1.5 MB | 0.4/1.4 MB | 0.2/1.3 MB
Progress (5): 114/877 kB | 0.9/12 MB | 1.5/1.5 MB | 0.4/1.4 MB | 0.2/1.3 MB
Progress (5): 114/877 kB | 0.9/12 MB | 1.5/1.5 MB | 0.4/1.4 MB | 0.2/1.3 MB
Progress (5): 114/877 kB | 0.9/12 MB | 1.5/1.5 MB | 0.4/1.4 MB | 0.2/1.3 MB
Progress (5): 114/877 kB | 0.9/12 MB | 1.5/1.5 MB | 0.4/1.4 MB | 0.2/1.3 MB
Progress (5): 114/877 kB | 0.9/12 MB | 1.5/1.5 MB | 0.4/1.4 MB | 0.2/1.3 MB
Progress (5): 114/877 kB | 0.9/12 MB | 1.5/1.5 MB | 0.5/1.4 MB | 0.2/1.3 MB
Progress (5): 114/877 kB | 0.9/12 MB | 1.5/1.5 MB | 0.5/1.4 MB | 0.2/1.3 MB
Progress (5): 114/877 kB | 0.9/12 MB | 1.5/1.5 MB | 0.5/1.4 MB | 0.2/1.3 MB
Progress (5): 114/877 kB | 0.9/12 MB | 1.5/1.5 MB | 0.5/1.4 MB | 0.2/1.3 MB
Progress (5): 114/877 kB | 0.9/12 MB | 1.5/1.5 MB | 0.5/1.4 MB | 0.2/1.3 MB
Progress (5): 114/877 kB | 0.9/12 MB | 1.5/1.5 MB | 0.5/1.4 MB | 0.2/1.3 MB
Progress (5): 114/877 kB | 0.9/12 MB | 1.5 MB | 0.5/1.4 MB | 0.2/1.3 MB    
                                                                       
Downloaded from central: https://repo.maven.apache.org/maven2/org/springframework/data/spring-data-commons/3.4.2/spring-data-commons-3.4.2.jar (1.5 MB at 691 kB/s)
Downloading from central: https://repo.maven.apache.org/maven2/org/springframework/boot/spring-boot-starter-web/3.4.2/spring-boot-starter-web-3.4.2.jar
Progress (4): 114/877 kB | 0.9/12 MB | 0.5/1.4 MB | 0.2/1.3 MB
Progress (4): 114/877 kB | 0.9/12 MB | 0.5/1.4 MB | 0.2/1.3 MB
Progress (4): 114/877 kB | 0.9/12 MB | 0.5/1.4 MB | 0.2/1.3 MB
Progress (4): 114/877 kB | 0.9/12 MB | 0.5/1.4 MB | 0.2/1.3 MB
Progress (4): 114/877 kB | 0.9/12 MB | 0.5/1.4 MB | 0.2/1.3 MB
Progress (4): 114/877 kB | 0.9/12 MB | 0.6/1.4 MB | 0.2/1.3 MB
Progress (4): 114/877 kB | 0.9/12 MB | 0.6/1.4 MB | 0.2/1.3 MB
Progress (4): 114/877 kB | 0.9/12 MB | 0.6/1.4 MB | 0.2/1.3 MB
Progress (4): 114/877 kB | 0.9/12 MB | 0.6/1.4 MB | 0.2/1.3 MB
Progress (4): 114/877 kB | 0.9/12 MB | 0.6/1.4 MB | 0.2/1.3 MB
Progress (4): 114/877 kB | 0.9/12 MB | 0.6/1.4 MB | 0.2/1.3 MB
Progress (4): 114/877 kB | 0.9/12 MB | 0.7/1.4 MB | 0.2/1.3 MB
Progress (4): 114/877 kB | 0.9/12 MB | 0.7/1.4 MB | 0.2/1.3 MB
Progress (4): 114/877 kB | 0.9/12 MB | 0.7/1.4 MB | 0.2/1.3 MB
Progress (4): 114/877 kB | 0.9/12 MB | 0.7/1.4 MB | 0.2/1.3 MB
Progress (4): 114/877 kB | 0.9/12 MB | 0.7/1.4 MB | 0.2/1.3 MB
Progress (4): 114/877 kB | 0.9/12 MB | 0.7/1.4 MB | 0.2/1.3 MB
Progress (4): 114/877 kB | 0.9/12 MB | 0.8/1.4 MB | 0.2/1.3 MB
Progress (4): 114/877 kB | 0.9/12 MB | 0.8/1.4 MB | 0.3/1.3 MB
Progress (4): 114/877 kB | 0.9/12 MB | 0.8/1.4 MB | 0.3/1.3 MB
Progress (4): 114/877 kB | 0.9/12 MB | 0.8/1.4 MB | 0.3/1.3 MB
Progress (4): 114/877 kB | 0.9/12 MB | 0.8/1.4 MB | 0.3/1.3 MB
Progress (4): 114/877 kB | 0.9/12 MB | 0.8/1.4 MB | 0.3/1.3 MB
Progress (4): 114/877 kB | 0.9/12 MB | 0.8/1.4 MB | 0.3/1.3 MB
Progress (4): 114/877 kB | 0.9/12 MB | 0.8/1.4 MB | 0.3/1.3 MB
Progress (4): 114/877 kB | 1.0/12 MB | 0.8/1.4 MB | 0.3/1.3 MB
Progress (4): 114/877 kB | 1.0/12 MB | 0.8/1.4 MB | 0.3/1.3 MB
Progress (4): 114/877 kB | 1.0/12 MB | 0.8/1.4 MB | 0.3/1.3 MB
Progress (4): 114/877 kB | 1.0/12 MB | 0.8/1.4 MB | 0.3/1.3 MB
Progress (4): 114/877 kB | 1.0/12 MB | 0.8/1.4 MB | 0.3/1.3 MB
Progress (4): 114/877 kB | 1.0/12 MB | 0.8/1.4 MB | 0.3/1.3 MB
Progress (4): 114/877 kB | 1.0/12 MB | 0.8/1.4 MB | 0.3/1.3 MB
Progress (4): 114/877 kB | 1.0/12 MB | 0.8/1.4 MB | 0.3/1.3 MB
Progress (4): 114/877 kB | 1.0/12 MB | 0.8/1.4 MB | 0.4/1.3 MB
Progress (4): 114/877 kB | 1.0/12 MB | 0.8/1.4 MB | 0.4/1.3 MB
Progress (4): 114/877 kB | 1.0/12 MB | 0.9/1.4 MB | 0.4/1.3 MB
Progress (4): 114/877 kB | 1.0/12 MB | 0.9/1.4 MB | 0.4/1.3 MB
Progress (4): 114/877 kB | 1.0/12 MB | 0.9/1.4 MB | 0.4/1.3 MB
Progress (4): 114/877 kB | 1.0/12 MB | 0.9/1.4 MB | 0.4/1.3 MB
Progress (4): 114/877 kB | 1.0/12 MB | 0.9/1.4 MB | 0.4/1.3 MB
Progress (4): 114/877 kB | 1.0/12 MB | 0.9/1.4 MB | 0.4/1.3 MB
Progress (4): 114/877 kB | 1.0/12 MB | 0.9/1.4 MB | 0.4/1.3 MB
Progress (4): 114/877 kB | 1.0/12 MB | 0.9/1.4 MB | 0.4/1.3 MB
Progress (5): 114/877 kB | 1.0/12 MB | 0.9/1.4 MB | 0.4/1.3 MB | 4.8 kB
                                                                       
Downloaded from central: https://repo.maven.apache.org/maven2/org/springframework/boot/spring-boot-starter-web/3.4.2/spring-boot-starter-web-3.4.2.jar (4.8 kB at 2.1 kB/s)
Downloading from central: https://repo.maven.apache.org/maven2/org/springframework/boot/spring-boot-starter-json/3.4.2/spring-boot-starter-json-3.4.2.jar
Progress (4): 114/877 kB | 1.0/12 MB | 0.9/1.4 MB | 0.4/1.3 MB
Progress (4): 114/877 kB | 1.0/12 MB | 0.9/1.4 MB | 0.4/1.3 MB
Progress (4): 114/877 kB | 1.0/12 MB | 1.0/1.4 MB | 0.4/1.3 MB
Progress (4): 114/877 kB | 1.0/12 MB | 1.0/1.4 MB | 0.4/1.3 MB
Progress (4): 114/877 kB | 1.0/12 MB | 1.0/1.4 MB | 0.4/1.3 MB
Progress (4): 114/877 kB | 1.0/12 MB | 1.0/1.4 MB | 0.4/1.3 MB
Progress (4): 114/877 kB | 1.0/12 MB | 1.0/1.4 MB | 0.5/1.3 MB
Progress (4): 114/877 kB | 1.0/12 MB | 1.0/1.4 MB | 0.5/1.3 MB
Progress (4): 114/877 kB | 1.0/12 MB | 1.0/1.4 MB | 0.5/1.3 MB
Progress (4): 114/877 kB | 1.0/12 MB | 1.0/1.4 MB | 0.5/1.3 MB
Progress (4): 114/877 kB | 1.0/12 MB | 1.0/1.4 MB | 0.5/1.3 MB
Progress (4): 114/877 kB | 1.0/12 MB | 1.0/1.4 MB | 0.5/1.3 MB
Progress (4): 114/877 kB | 1.0/12 MB | 1.0/1.4 MB | 0.6/1.3 MB
Progress (4): 114/877 kB | 1.0/12 MB | 1.0/1.4 MB | 0.6/1.3 MB
Progress (5): 114/877 kB | 1.0/12 MB | 1.0/1.4 MB | 0.6/1.3 MB | 4.7 kB
                                                                       
Downloaded from central: https://repo.maven.apache.org/maven2/org/springframework/boot/spring-boot-starter-json/3.4.2/spring-boot-starter-json-3.4.2.jar (4.7 kB at 1.9 kB/s)
Downloading from central: https://repo.maven.apache.org/maven2/com/fasterxml/jackson/datatype/jackson-datatype-jdk8/2.18.2/jackson-datatype-jdk8-2.18.2.jar
Progress (4): 114/877 kB | 1.0/12 MB | 1.0/1.4 MB | 0.6/1.3 MB
Progress (4): 114/877 kB | 1.0/12 MB | 1.0/1.4 MB | 0.6/1.3 MB
Progress (4): 114/877 kB | 1.0/12 MB | 1.0/1.4 MB | 0.6/1.3 MB
Progress (4): 114/877 kB | 1.0/12 MB | 1.0/1.4 MB | 0.6/1.3 MB
Progress (4): 114/877 kB | 1.0/12 MB | 1.1/1.4 MB | 0.6/1.3 MB
Progress (4): 114/877 kB | 1.0/12 MB | 1.1/1.4 MB | 0.6/1.3 MB
Progress (4): 114/877 kB | 1.0/12 MB | 1.1/1.4 MB | 0.6/1.3 MB
Progress (4): 114/877 kB | 1.0/12 MB | 1.1/1.4 MB | 0.6/1.3 MB
Progress (4): 114/877 kB | 1.0/12 MB | 1.1/1.4 MB | 0.6/1.3 MB
Progress (4): 114/877 kB | 1.0/12 MB | 1.1/1.4 MB | 0.6/1.3 MB
Progress (4): 114/877 kB | 1.0/12 MB | 1.2/1.4 MB | 0.6/1.3 MB
Progress (4): 114/877 kB | 1.0/12 MB | 1.2/1.4 MB | 0.6/1.3 MB
Progress (4): 114/877 kB | 1.0/12 MB | 1.2/1.4 MB | 0.6/1.3 MB
Progress (4): 114/877 kB | 1.0/12 MB | 1.2/1.4 MB | 0.6/1.3 MB
Progress (4): 114/877 kB | 1.0/12 MB | 1.2/1.4 MB | 0.6/1.3 MB
Progress (4): 114/877 kB | 1.0/12 MB | 1.2/1.4 MB | 0.6/1.3 MB
Progress (4): 114/877 kB | 1.0/12 MB | 1.2/1.4 MB | 0.6/1.3 MB
Progress (4): 114/877 kB | 1.0/12 MB | 1.3/1.4 MB | 0.6/1.3 MB
Progress (4): 114/877 kB | 1.0/12 MB | 1.3/1.4 MB | 0.6/1.3 MB
Progress (4): 114/877 kB | 1.0/12 MB | 1.3/1.4 MB | 0.6/1.3 MB
Progress (4): 114/877 kB | 1.0/12 MB | 1.3/1.4 MB | 0.6/1.3 MB
Progress (4): 114/877 kB | 1.0/12 MB | 1.3/1.4 MB | 0.6/1.3 MB
Progress (4): 114/877 kB | 1.0/12 MB | 1.3/1.4 MB | 0.6/1.3 MB
Progress (4): 114/877 kB | 1.0/12 MB | 1.4 MB | 0.6/1.3 MB    
Progress (4): 114/877 kB | 1.0/12 MB | 1.4 MB | 0.6/1.3 MB
Progress (4): 114/877 kB | 1.0/12 MB | 1.4 MB | 0.6/1.3 MB
Progress (4): 114/877 kB | 1.0/12 MB | 1.4 MB | 0.6/1.3 MB
Progress (4): 114/877 kB | 1.0/12 MB | 1.4 MB | 0.7/1.3 MB
Progress (4): 114/877 kB | 1.0/12 MB | 1.4 MB | 0.7/1.3 MB
Progress (4): 114/877 kB | 1.0/12 MB | 1.4 MB | 0.7/1.3 MB
Progress (4): 114/877 kB | 1.0/12 MB | 1.4 MB | 0.7/1.3 MB
Progress (4): 114/877 kB | 1.0/12 MB | 1.4 MB | 0.7/1.3 MB
Progress (4): 114/877 kB | 1.0/12 MB | 1.4 MB | 0.7/1.3 MB
Progress (4): 114/877 kB | 1.0/12 MB | 1.4 MB | 0.7/1.3 MB
                                                          
Downloaded from central: https://repo.maven.apache.org/maven2/org/springframework/spring-context/6.2.2/spring-context-6.2.2.jar (1.4 MB at 539 kB/s)
Downloading from central: https://repo.maven.apache.org/maven2/com/fasterxml/jackson/datatype/jackson-datatype-jsr310/2.18.2/jackson-datatype-jsr310-2.18.2.jar
Progress (3): 114/877 kB | 1.0/12 MB | 0.7/1.3 MB
Progress (3): 114/877 kB | 1.0/12 MB | 0.7/1.3 MB
Progress (3): 114/877 kB | 1.0/12 MB | 0.8/1.3 MB
Progress (3): 130/877 kB | 1.0/12 MB | 0.8/1.3 MB
Progress (3): 130/877 kB | 1.1/12 MB | 0.8/1.3 MB
Progress (3): 130/877 kB | 1.1/12 MB | 0.8/1.3 MB
Progress (3): 147/877 kB | 1.1/12 MB | 0.8/1.3 MB
Progress (3): 147/877 kB | 1.1/12 MB | 0.8/1.3 MB
Progress (3): 147/877 kB | 1.1/12 MB | 0.8/1.3 MB
Progress (3): 147/877 kB | 1.1/12 MB | 0.8/1.3 MB
Progress (3): 147/877 kB | 1.1/12 MB | 0.8/1.3 MB
Progress (3): 147/877 kB | 1.1/12 MB | 0.9/1.3 MB
Progress (3): 147/877 kB | 1.1/12 MB | 0.9/1.3 MB
Progress (3): 147/877 kB | 1.1/12 MB | 0.9/1.3 MB
Progress (3): 147/877 kB | 1.1/12 MB | 0.9/1.3 MB
Progress (3): 147/877 kB | 1.1/12 MB | 0.9/1.3 MB
Progress (3): 147/877 kB | 1.1/12 MB | 0.9/1.3 MB
Progress (3): 147/877 kB | 1.1/12 MB | 0.9/1.3 MB
Progress (3): 147/877 kB | 1.1/12 MB | 0.9/1.3 MB
Progress (3): 147/877 kB | 1.1/12 MB | 0.9/1.3 MB
Progress (3): 147/877 kB | 1.1/12 MB | 0.9/1.3 MB
Progress (4): 147/877 kB | 1.1/12 MB | 0.9/1.3 MB | 7.7/36 kB
Progress (4): 147/877 kB | 1.1/12 MB | 0.9/1.3 MB | 16/36 kB 
Progress (4): 147/877 kB | 1.1/12 MB | 0.9/1.3 MB | 25/36 kB
Progress (4): 147/877 kB | 1.1/12 MB | 0.9/1.3 MB | 36 kB   
Progress (4): 147/877 kB | 1.1/12 MB | 0.9/1.3 MB | 36 kB
Progress (4): 147/877 kB | 1.1/12 MB | 0.9/1.3 MB | 36 kB
Progress (4): 147/877 kB | 1.1/12 MB | 1.0/1.3 MB | 36 kB
                                                         
Downloaded from central: https://repo.maven.apache.org/maven2/com/fasterxml/jackson/datatype/jackson-datatype-jdk8/2.18.2/jackson-datatype-jdk8-2.18.2.jar (36 kB at 14 kB/s)
Downloading from central: https://repo.maven.apache.org/maven2/com/fasterxml/jackson/module/jackson-module-parameter-names/2.18.2/jackson-module-parameter-names-2.18.2.jar
Progress (3): 147/877 kB | 1.1/12 MB | 1.0/1.3 MB
Progress (3): 147/877 kB | 1.1/12 MB | 1.0/1.3 MB
Progress (4): 147/877 kB | 1.1/12 MB | 1.0/1.3 MB | 7.7/133 kB
Progress (4): 147/877 kB | 1.1/12 MB | 1.0/1.3 MB | 16/133 kB 
Progress (4): 147/877 kB | 1.1/12 MB | 1.0/1.3 MB | 16/133 kB
Progress (4): 147/877 kB | 1.2/12 MB | 1.0/1.3 MB | 16/133 kB
Progress (4): 147/877 kB | 1.2/12 MB | 1.0/1.3 MB | 32/133 kB
Progress (4): 147/877 kB | 1.2/12 MB | 1.0/1.3 MB | 32/133 kB
Progress (4): 147/877 kB | 1.2/12 MB | 1.0/1.3 MB | 49/133 kB
Progress (4): 147/877 kB | 1.2/12 MB | 1.0/1.3 MB | 49/133 kB
Progress (4): 147/877 kB | 1.2/12 MB | 1.0/1.3 MB | 65/133 kB
Progress (4): 163/877 kB | 1.2/12 MB | 1.0/1.3 MB | 65/133 kB
Progress (4): 163/877 kB | 1.2/12 MB | 1.1/1.3 MB | 65/133 kB
Progress (4): 163/877 kB | 1.2/12 MB | 1.1/1.3 MB | 81/133 kB
Progress (4): 163/877 kB | 1.2/12 MB | 1.1/1.3 MB | 98/133 kB
Progress (4): 163/877 kB | 1.2/12 MB | 1.1/1.3 MB | 98/133 kB
Progress (4): 163/877 kB | 1.2/12 MB | 1.1/1.3 MB | 114/133 kB
Progress (4): 163/877 kB | 1.2/12 MB | 1.1/1.3 MB | 114/133 kB
Progress (4): 163/877 kB | 1.2/12 MB | 1.1/1.3 MB | 114/133 kB
Progress (4): 163/877 kB | 1.2/12 MB | 1.1/1.3 MB | 131/133 kB
Progress (4): 163/877 kB | 1.2/12 MB | 1.1/1.3 MB | 133 kB    
Progress (4): 163/877 kB | 1.2/12 MB | 1.1/1.3 MB | 133 kB
Progress (4): 163/877 kB | 1.2/12 MB | 1.1/1.3 MB | 133 kB
Progress (5): 163/877 kB | 1.2/12 MB | 1.1/1.3 MB | 133 kB | 7.7/10 kB
Progress (5): 163/877 kB | 1.2/12 MB | 1.1/1.3 MB | 133 kB | 8.2/10 kB
                                                                      
Downloaded from central: https://repo.maven.apache.org/maven2/com/fasterxml/jackson/datatype/jackson-datatype-jsr310/2.18.2/jackson-datatype-jsr310-2.18.2.jar (133 kB at 51 kB/s)
Downloading from central: https://repo.maven.apache.org/maven2/org/springframework/boot/spring-boot-starter-tomcat/3.4.2/spring-boot-starter-tomcat-3.4.2.jar
Progress (4): 163/877 kB | 1.2/12 MB | 1.1/1.3 MB | 8.2/10 kB
Progress (4): 163/877 kB | 1.2/12 MB | 1.1/1.3 MB | 8.2/10 kB
Progress (4): 163/877 kB | 1.2/12 MB | 1.2/1.3 MB | 8.2/10 kB
Progress (4): 163/877 kB | 1.2/12 MB | 1.2/1.3 MB | 8.2/10 kB
Progress (4): 163/877 kB | 1.2/12 MB | 1.2/1.3 MB | 8.2/10 kB
Progress (4): 163/877 kB | 1.2/12 MB | 1.2/1.3 MB | 8.2/10 kB
Progress (4): 163/877 kB | 1.2/12 MB | 1.2/1.3 MB | 10 kB    
Progress (4): 163/877 kB | 1.2/12 MB | 1.2/1.3 MB | 10 kB
Progress (4): 163/877 kB | 1.2/12 MB | 1.2/1.3 MB | 10 kB
Progress (4): 163/877 kB | 1.2/12 MB | 1.3/1.3 MB | 10 kB
Progress (4): 163/877 kB | 1.2/12 MB | 1.3/1.3 MB | 10 kB
Progress (4): 163/877 kB | 1.2/12 MB | 1.3/1.3 MB | 10 kB
Progress (4): 163/877 kB | 1.2/12 MB | 1.3/1.3 MB | 10 kB
                                                         
Downloaded from central: https://repo.maven.apache.org/maven2/com/fasterxml/jackson/module/jackson-module-parameter-names/2.18.2/jackson-module-parameter-names-2.18.2.jar (10 kB at 3.9 kB/s)
Downloading from central: https://repo.maven.apache.org/maven2/org/apache/tomcat/embed/tomcat-embed-core/10.1.34/tomcat-embed-core-10.1.34.jar
Progress (3): 163/877 kB | 1.2/12 MB | 1.3/1.3 MB
Progress (3): 163/877 kB | 1.2/12 MB | 1.3/1.3 MB
Progress (3): 163/877 kB | 1.2/12 MB | 1.3 MB    
Progress (3): 163/877 kB | 1.2/12 MB | 1.3 MB
                                             
Downloaded from central: https://repo.maven.apache.org/maven2/org/hibernate/validator/hibernate-validator/8.0.2.Final/hibernate-validator-8.0.2.Final.jar (1.3 MB at 495 kB/s)
Downloading from central: https://repo.maven.apache.org/maven2/org/apache/tomcat/embed/tomcat-embed-websocket/10.1.34/tomcat-embed-websocket-10.1.34.jar
Progress (3): 163/877 kB | 1.2/12 MB | 4.8 kB
                                             
Downloaded from central: https://repo.maven.apache.org/maven2/org/springframework/boot/spring-boot-starter-tomcat/3.4.2/spring-boot-starter-tomcat-3.4.2.jar (4.8 kB at 1.8 kB/s)
Downloading from central: https://repo.maven.apache.org/maven2/org/springframework/spring-web/6.2.2/spring-web-6.2.2.jar
Progress (2): 163/877 kB | 1.2/12 MB
Progress (2): 163/877 kB | 1.3/12 MB
Progress (2): 180/877 kB | 1.3/12 MB
Progress (3): 180/877 kB | 1.3/12 MB | 0/3.6 MB
Progress (3): 180/877 kB | 1.3/12 MB | 0/3.6 MB
Progress (3): 180/877 kB | 1.3/12 MB | 0/3.6 MB
Progress (3): 180/877 kB | 1.3/12 MB | 0/3.6 MB
Progress (3): 180/877 kB | 1.3/12 MB | 0.1/3.6 MB
Progress (3): 180/877 kB | 1.3/12 MB | 0.1/3.6 MB
Progress (3): 180/877 kB | 1.3/12 MB | 0.1/3.6 MB
Progress (3): 180/877 kB | 1.3/12 MB | 0.1/3.6 MB
Progress (3): 180/877 kB | 1.3/12 MB | 0.1/3.6 MB
Progress (3): 180/877 kB | 1.3/12 MB | 0.1/3.6 MB
Progress (3): 180/877 kB | 1.3/12 MB | 0.1/3.6 MB
Progress (4): 180/877 kB | 1.3/12 MB | 0.1/3.6 MB | 0/2.1 MB
Progress (4): 180/877 kB | 1.3/12 MB | 0.1/3.6 MB | 0/2.1 MB
Progress (4): 180/877 kB | 1.3/12 MB | 0.1/3.6 MB | 0/2.1 MB
Progress (4): 180/877 kB | 1.3/12 MB | 0.1/3.6 MB | 0/2.1 MB
Progress (4): 180/877 kB | 1.3/12 MB | 0.2/3.6 MB | 0/2.1 MB
Progress (4): 180/877 kB | 1.3/12 MB | 0.2/3.6 MB | 0.1/2.1 MB
Progress (5): 180/877 kB | 1.3/12 MB | 0.2/3.6 MB | 0.1/2.1 MB | 7.7/282 kB
Progress (5): 180/877 kB | 1.3/12 MB | 0.2/3.6 MB | 0.1/2.1 MB | 16/282 kB 
Progress (5): 180/877 kB | 1.3/12 MB | 0.2/3.6 MB | 0.1/2.1 MB | 16/282 kB
Progress (5): 180/877 kB | 1.3/12 MB | 0.2/3.6 MB | 0.1/2.1 MB | 16/282 kB
Progress (5): 180/877 kB | 1.3/12 MB | 0.2/3.6 MB | 0.1/2.1 MB | 32/282 kB
Progress (5): 180/877 kB | 1.3/12 MB | 0.2/3.6 MB | 0.1/2.1 MB | 32/282 kB
Progress (5): 180/877 kB | 1.3/12 MB | 0.2/3.6 MB | 0.1/2.1 MB | 49/282 kB
Progress (5): 180/877 kB | 1.3/12 MB | 0.2/3.6 MB | 0.1/2.1 MB | 49/282 kB
Progress (5): 180/877 kB | 1.3/12 MB | 0.2/3.6 MB | 0.1/2.1 MB | 65/282 kB
Progress (5): 180/877 kB | 1.3/12 MB | 0.2/3.6 MB | 0.1/2.1 MB | 65/282 kB
Progress (5): 180/877 kB | 1.3/12 MB | 0.2/3.6 MB | 0.1/2.1 MB | 65/282 kB
Progress (5): 180/877 kB | 1.3/12 MB | 0.2/3.6 MB | 0.1/2.1 MB | 65/282 kB
Progress (5): 180/877 kB | 1.3/12 MB | 0.2/3.6 MB | 0.1/2.1 MB | 65/282 kB
Progress (5): 180/877 kB | 1.3/12 MB | 0.2/3.6 MB | 0.1/2.1 MB | 65/282 kB
Progress (5): 180/877 kB | 1.3/12 MB | 0.2/3.6 MB | 0.1/2.1 MB | 81/282 kB
Progress (5): 180/877 kB | 1.3/12 MB | 0.2/3.6 MB | 0.1/2.1 MB | 81/282 kB
Progress (5): 180/877 kB | 1.3/12 MB | 0.2/3.6 MB | 0.1/2.1 MB | 98/282 kB
Progress (5): 180/877 kB | 1.3/12 MB | 0.2/3.6 MB | 0.2/2.1 MB | 98/282 kB
Progress (5): 180/877 kB | 1.3/12 MB | 0.2/3.6 MB | 0.2/2.1 MB | 98/282 kB
Progress (5): 180/877 kB | 1.3/12 MB | 0.2/3.6 MB | 0.2/2.1 MB | 98/282 kB
Progress (5): 180/877 kB | 1.3/12 MB | 0.2/3.6 MB | 0.2/2.1 MB | 114/282 kB
Progress (5): 180/877 kB | 1.3/12 MB | 0.2/3.6 MB | 0.2/2.1 MB | 114/282 kB
Progress (5): 180/877 kB | 1.3/12 MB | 0.3/3.6 MB | 0.2/2.1 MB | 114/282 kB
Progress (5): 180/877 kB | 1.3/12 MB | 0.3/3.6 MB | 0.2/2.1 MB | 131/282 kB
Progress (5): 180/877 kB | 1.3/12 MB | 0.3/3.6 MB | 0.2/2.1 MB | 131/282 kB
Progress (5): 180/877 kB | 1.3/12 MB | 0.3/3.6 MB | 0.2/2.1 MB | 147/282 kB
Progress (5): 180/877 kB | 1.3/12 MB | 0.3/3.6 MB | 0.2/2.1 MB | 147/282 kB
Progress (5): 180/877 kB | 1.3/12 MB | 0.3/3.6 MB | 0.2/2.1 MB | 147/282 kB
Progress (5): 180/877 kB | 1.3/12 MB | 0.3/3.6 MB | 0.2/2.1 MB | 147/282 kB
Progress (5): 180/877 kB | 1.3/12 MB | 0.3/3.6 MB | 0.2/2.1 MB | 147/282 kB
Progress (5): 180/877 kB | 1.3/12 MB | 0.3/3.6 MB | 0.2/2.1 MB | 147/282 kB
Progress (5): 180/877 kB | 1.3/12 MB | 0.3/3.6 MB | 0.2/2.1 MB | 163/282 kB
Progress (5): 180/877 kB | 1.3/12 MB | 0.3/3.6 MB | 0.2/2.1 MB | 180/282 kB
Progress (5): 180/877 kB | 1.3/12 MB | 0.3/3.6 MB | 0.3/2.1 MB | 180/282 kB
Progress (5): 180/877 kB | 1.3/12 MB | 0.3/3.6 MB | 0.3/2.1 MB | 180/282 kB
Progress (5): 180/877 kB | 1.3/12 MB | 0.3/3.6 MB | 0.3/2.1 MB | 196/282 kB
Progress (5): 180/877 kB | 1.3/12 MB | 0.3/3.6 MB | 0.3/2.1 MB | 213/282 kB
Progress (5): 180/877 kB | 1.3/12 MB | 0.3/3.6 MB | 0.3/2.1 MB | 213/282 kB
Progress (5): 180/877 kB | 1.3/12 MB | 0.3/3.6 MB | 0.3/2.1 MB | 229/282 kB
Progress (5): 180/877 kB | 1.3/12 MB | 0.3/3.6 MB | 0.3/2.1 MB | 229/282 kB
Progress (5): 180/877 kB | 1.3/12 MB | 0.3/3.6 MB | 0.3/2.1 MB | 229/282 kB
Progress (5): 180/877 kB | 1.3/12 MB | 0.4/3.6 MB | 0.3/2.1 MB | 229/282 kB
Progress (5): 180/877 kB | 1.3/12 MB | 0.4/3.6 MB | 0.3/2.1 MB | 245/282 kB
Progress (5): 180/877 kB | 1.3/12 MB | 0.4/3.6 MB | 0.3/2.1 MB | 245/282 kB
Progress (5): 180/877 kB | 1.3/12 MB | 0.4/3.6 MB | 0.3/2.1 MB | 245/282 kB
Progress (5): 180/877 kB | 1.3/12 MB | 0.4/3.6 MB | 0.3/2.1 MB | 245/282 kB
Progress (5): 180/877 kB | 1.3/12 MB | 0.4/3.6 MB | 0.3/2.1 MB | 245/282 kB
Progress (5): 180/877 kB | 1.3/12 MB | 0.4/3.6 MB | 0.3/2.1 MB | 245/282 kB
Progress (5): 180/877 kB | 1.3/12 MB | 0.5/3.6 MB | 0.3/2.1 MB | 245/282 kB
Progress (5): 180/877 kB | 1.3/12 MB | 0.5/3.6 MB | 0.3/2.1 MB | 245/282 kB
Progress (5): 180/877 kB | 1.3/12 MB | 0.5/3.6 MB | 0.3/2.1 MB | 245/282 kB
Progress (5): 180/877 kB | 1.3/12 MB | 0.5/3.6 MB | 0.3/2.1 MB | 245/282 kB
Progress (5): 180/877 kB | 1.3/12 MB | 0.5/3.6 MB | 0.3/2.1 MB | 245/282 kB
Progress (5): 180/877 kB | 1.3/12 MB | 0.5/3.6 MB | 0.3/2.1 MB | 245/282 kB
Progress (5): 180/877 kB | 1.3/12 MB | 0.5/3.6 MB | 0.3/2.1 MB | 245/282 kB
Progress (5): 180/877 kB | 1.3/12 MB | 0.5/3.6 MB | 0.3/2.1 MB | 245/282 kB
Progress (5): 180/877 kB | 1.3/12 MB | 0.5/3.6 MB | 0.3/2.1 MB | 245/282 kB
Progress (5): 180/877 kB | 1.3/12 MB | 0.5/3.6 MB | 0.3/2.1 MB | 245/282 kB
Progress (5): 180/877 kB | 1.3/12 MB | 0.5/3.6 MB | 0.3/2.1 MB | 245/282 kB
Progress (5): 180/877 kB | 1.3/12 MB | 0.5/3.6 MB | 0.4/2.1 MB | 245/282 kB
Progress (5): 180/877 kB | 1.3/12 MB | 0.5/3.6 MB | 0.4/2.1 MB | 245/282 kB
Progress (5): 180/877 kB | 1.3/12 MB | 0.5/3.6 MB | 0.4/2.1 MB | 245/282 kB
Progress (5): 180/877 kB | 1.3/12 MB | 0.5/3.6 MB | 0.4/2.1 MB | 245/282 kB
Progress (5): 196/877 kB | 1.3/12 MB | 0.5/3.6 MB | 0.4/2.1 MB | 245/282 kB
Progress (5): 196/877 kB | 1.3/12 MB | 0.5/3.6 MB | 0.4/2.1 MB | 245/282 kB
Progress (5): 196/877 kB | 1.3/12 MB | 0.5/3.6 MB | 0.4/2.1 MB | 245/282 kB
Progress (5): 196/877 kB | 1.3/12 MB | 0.5/3.6 MB | 0.4/2.1 MB | 245/282 kB
Progress (5): 196/877 kB | 1.3/12 MB | 0.5/3.6 MB | 0.5/2.1 MB | 245/282 kB
Progress (5): 196/877 kB | 1.3/12 MB | 0.5/3.6 MB | 0.5/2.1 MB | 245/282 kB
Progress (5): 196/877 kB | 1.3/12 MB | 0.5/3.6 MB | 0.5/2.1 MB | 245/282 kB
Progress (5): 196/877 kB | 1.3/12 MB | 0.5/3.6 MB | 0.5/2.1 MB | 245/282 kB
Progress (5): 196/877 kB | 1.3/12 MB | 0.5/3.6 MB | 0.5/2.1 MB | 245/282 kB
Progress (5): 196/877 kB | 1.3/12 MB | 0.5/3.6 MB | 0.5/2.1 MB | 245/282 kB
Progress (5): 196/877 kB | 1.3/12 MB | 0.5/3.6 MB | 0.5/2.1 MB | 245/282 kB
Progress (5): 196/877 kB | 1.3/12 MB | 0.5/3.6 MB | 0.6/2.1 MB | 245/282 kB
Progress (5): 196/877 kB | 1.3/12 MB | 0.5/3.6 MB | 0.6/2.1 MB | 245/282 kB
Progress (5): 196/877 kB | 1.3/12 MB | 0.5/3.6 MB | 0.6/2.1 MB | 245/282 kB
Progress (5): 212/877 kB | 1.3/12 MB | 0.5/3.6 MB | 0.6/2.1 MB | 245/282 kB
Progress (5): 212/877 kB | 1.3/12 MB | 0.5/3.6 MB | 0.6/2.1 MB | 262/282 kB
Progress (5): 212/877 kB | 1.3/12 MB | 0.5/3.6 MB | 0.6/2.1 MB | 278/282 kB
Progress (5): 212/877 kB | 1.3/12 MB | 0.5/3.6 MB | 0.6/2.1 MB | 282 kB    
                                                                       
Downloaded from central: https://repo.maven.apache.org/maven2/org/apache/tomcat/embed/tomcat-embed-websocket/10.1.34/tomcat-embed-websocket-10.1.34.jar (282 kB at 94 kB/s)
Downloading from central: https://repo.maven.apache.org/maven2/io/micrometer/micrometer-observation/1.14.3/micrometer-observation-1.14.3.jar
Progress (4): 212/877 kB | 1.3/12 MB | 0.6/3.6 MB | 0.6/2.1 MB
Progress (4): 212/877 kB | 1.3/12 MB | 0.6/3.6 MB | 0.6/2.1 MB
Progress (4): 212/877 kB | 1.3/12 MB | 0.6/3.6 MB | 0.6/2.1 MB
Progress (4): 212/877 kB | 1.3/12 MB | 0.6/3.6 MB | 0.6/2.1 MB
Progress (4): 212/877 kB | 1.3/12 MB | 0.6/3.6 MB | 0.6/2.1 MB
Progress (4): 212/877 kB | 1.3/12 MB | 0.6/3.6 MB | 0.6/2.1 MB
Progress (4): 212/877 kB | 1.3/12 MB | 0.6/3.6 MB | 0.6/2.1 MB
Progress (4): 212/877 kB | 1.3/12 MB | 0.6/3.6 MB | 0.6/2.1 MB
Progress (4): 212/877 kB | 1.3/12 MB | 0.6/3.6 MB | 0.6/2.1 MB
Progress (4): 212/877 kB | 1.3/12 MB | 0.6/3.6 MB | 0.6/2.1 MB
Progress (4): 212/877 kB | 1.4/12 MB | 0.6/3.6 MB | 0.6/2.1 MB
Progress (4): 212/877 kB | 1.4/12 MB | 0.6/3.6 MB | 0.6/2.1 MB
Progress (4): 212/877 kB | 1.4/12 MB | 0.6/3.6 MB | 0.6/2.1 MB
Progress (4): 212/877 kB | 1.4/12 MB | 0.6/3.6 MB | 0.7/2.1 MB
Progress (4): 212/877 kB | 1.4/12 MB | 0.6/3.6 MB | 0.7/2.1 MB
Progress (4): 212/877 kB | 1.4/12 MB | 0.6/3.6 MB | 0.7/2.1 MB
Progress (4): 212/877 kB | 1.4/12 MB | 0.6/3.6 MB | 0.7/2.1 MB
Progress (4): 212/877 kB | 1.4/12 MB | 0.6/3.6 MB | 0.7/2.1 MB
Progress (4): 212/877 kB | 1.4/12 MB | 0.6/3.6 MB | 0.7/2.1 MB
Progress (4): 212/877 kB | 1.4/12 MB | 0.6/3.6 MB | 0.7/2.1 MB
Progress (4): 212/877 kB | 1.4/12 MB | 0.6/3.6 MB | 0.7/2.1 MB
Progress (4): 212/877 kB | 1.4/12 MB | 0.6/3.6 MB | 0.7/2.1 MB
Progress (4): 212/877 kB | 1.4/12 MB | 0.6/3.6 MB | 0.8/2.1 MB
Progress (4): 212/877 kB | 1.4/12 MB | 0.7/3.6 MB | 0.8/2.1 MB
Progress (4): 212/877 kB | 1.4/12 MB | 0.7/3.6 MB | 0.8/2.1 MB
Progress (4): 212/877 kB | 1.4/12 MB | 0.7/3.6 MB | 0.8/2.1 MB
Progress (4): 212/877 kB | 1.4/12 MB | 0.7/3.6 MB | 0.8/2.1 MB
Progress (4): 212/877 kB | 1.4/12 MB | 0.7/3.6 MB | 0.8/2.1 MB
Progress (4): 212/877 kB | 1.4/12 MB | 0.7/3.6 MB | 0.8/2.1 MB
Progress (4): 212/877 kB | 1.4/12 MB | 0.7/3.6 MB | 0.8/2.1 MB
Progress (4): 212/877 kB | 1.4/12 MB | 0.7/3.6 MB | 0.8/2.1 MB
Progress (4): 212/877 kB | 1.4/12 MB | 0.7/3.6 MB | 0.8/2.1 MB
Progress (4): 212/877 kB | 1.4/12 MB | 0.7/3.6 MB | 0.8/2.1 MB
Progress (4): 212/877 kB | 1.4/12 MB | 0.7/3.6 MB | 0.8/2.1 MB
Progress (4): 212/877 kB | 1.4/12 MB | 0.8/3.6 MB | 0.8/2.1 MB
Progress (4): 212/877 kB | 1.4/12 MB | 0.8/3.6 MB | 0.8/2.1 MB
Progress (4): 212/877 kB | 1.4/12 MB | 0.8/3.6 MB | 0.8/2.1 MB
Progress (4): 212/877 kB | 1.4/12 MB | 0.8/3.6 MB | 0.9/2.1 MB
Progress (4): 212/877 kB | 1.4/12 MB | 0.8/3.6 MB | 0.9/2.1 MB
Progress (4): 212/877 kB | 1.4/12 MB | 0.8/3.6 MB | 0.9/2.1 MB
Progress (4): 212/877 kB | 1.4/12 MB | 0.8/3.6 MB | 0.9/2.1 MB
Progress (5): 212/877 kB | 1.4/12 MB | 0.8/3.6 MB | 0.9/2.1 MB | 7.7/75 kB
Progress (5): 212/877 kB | 1.4/12 MB | 0.8/3.6 MB | 0.9/2.1 MB | 16/75 kB 
Progress (5): 212/877 kB | 1.4/12 MB | 0.8/3.6 MB | 0.9/2.1 MB | 16/75 kB
Progress (5): 212/877 kB | 1.4/12 MB | 0.8/3.6 MB | 0.9/2.1 MB | 16/75 kB
Progress (5): 212/877 kB | 1.4/12 MB | 0.8/3.6 MB | 0.9/2.1 MB | 16/75 kB
Progress (5): 212/877 kB | 1.4/12 MB | 0.8/3.6 MB | 0.9/2.1 MB | 32/75 kB
Progress (5): 212/877 kB | 1.4/12 MB | 0.8/3.6 MB | 0.9/2.1 MB | 32/75 kB
Progress (5): 212/877 kB | 1.4/12 MB | 0.8/3.6 MB | 0.9/2.1 MB | 32/75 kB
Progress (5): 212/877 kB | 1.4/12 MB | 0.8/3.6 MB | 0.9/2.1 MB | 49/75 kB
Progress (5): 212/877 kB | 1.4/12 MB | 0.8/3.6 MB | 0.9/2.1 MB | 49/75 kB
Progress (5): 212/877 kB | 1.4/12 MB | 0.8/3.6 MB | 0.9/2.1 MB | 65/75 kB
Progress (5): 212/877 kB | 1.4/12 MB | 0.8/3.6 MB | 1.0/2.1 MB | 65/75 kB
Progress (5): 212/877 kB | 1.4/12 MB | 0.8/3.6 MB | 1.0/2.1 MB | 65/75 kB
Progress (5): 212/877 kB | 1.4/12 MB | 0.8/3.6 MB | 1.0/2.1 MB | 75 kB   
Progress (5): 212/877 kB | 1.4/12 MB | 0.8/3.6 MB | 1.0/2.1 MB | 75 kB
Progress (5): 212/877 kB | 1.4/12 MB | 0.8/3.6 MB | 1.0/2.1 MB | 75 kB
Progress (5): 212/877 kB | 1.5/12 MB | 0.8/3.6 MB | 1.0/2.1 MB | 75 kB
Progress (5): 212/877 kB | 1.5/12 MB | 0.9/3.6 MB | 1.0/2.1 MB | 75 kB
                                                                      
Downloaded from central: https://repo.maven.apache.org/maven2/io/micrometer/micrometer-observation/1.14.3/micrometer-observation-1.14.3.jar (75 kB at 24 kB/s)
Downloading from central: https://repo.maven.apache.org/maven2/io/micrometer/micrometer-commons/1.14.3/micrometer-commons-1.14.3.jar
Progress (4): 212/877 kB | 1.5/12 MB | 0.9/3.6 MB | 1.0/2.1 MB
Progress (4): 212/877 kB | 1.5/12 MB | 0.9/3.6 MB | 1.0/2.1 MB
Progress (4): 212/877 kB | 1.5/12 MB | 0.9/3.6 MB | 1.0/2.1 MB
Progress (4): 229/877 kB | 1.5/12 MB | 0.9/3.6 MB | 1.0/2.1 MB
Progress (4): 229/877 kB | 1.5/12 MB | 0.9/3.6 MB | 1.0/2.1 MB
Progress (4): 229/877 kB | 1.5/12 MB | 0.9/3.6 MB | 1.0/2.1 MB
Progress (4): 229/877 kB | 1.5/12 MB | 0.9/3.6 MB | 1.0/2.1 MB
Progress (4): 229/877 kB | 1.5/12 MB | 0.9/3.6 MB | 1.1/2.1 MB
Progress (4): 229/877 kB | 1.5/12 MB | 0.9/3.6 MB | 1.1/2.1 MB
Progress (4): 229/877 kB | 1.5/12 MB | 0.9/3.6 MB | 1.1/2.1 MB
Progress (4): 229/877 kB | 1.5/12 MB | 0.9/3.6 MB | 1.1/2.1 MB
Progress (4): 229/877 kB | 1.5/12 MB | 0.9/3.6 MB | 1.1/2.1 MB
Progress (4): 229/877 kB | 1.5/12 MB | 0.9/3.6 MB | 1.1/2.1 MB
Progress (4): 229/877 kB | 1.5/12 MB | 1.0/3.6 MB | 1.1/2.1 MB
Progress (4): 229/877 kB | 1.5/12 MB | 1.0/3.6 MB | 1.1/2.1 MB
Progress (4): 229/877 kB | 1.5/12 MB | 1.0/3.6 MB | 1.1/2.1 MB
Progress (4): 229/877 kB | 1.5/12 MB | 1.0/3.6 MB | 1.1/2.1 MB
Progress (4): 229/877 kB | 1.5/12 MB | 1.0/3.6 MB | 1.1/2.1 MB
Progress (4): 229/877 kB | 1.5/12 MB | 1.0/3.6 MB | 1.2/2.1 MB
Progress (4): 229/877 kB | 1.5/12 MB | 1.0/3.6 MB | 1.2/2.1 MB
Progress (4): 229/877 kB | 1.5/12 MB | 1.0/3.6 MB | 1.2/2.1 MB
Progress (4): 229/877 kB | 1.5/12 MB | 1.0/3.6 MB | 1.2/2.1 MB
Progress (4): 229/877 kB | 1.5/12 MB | 1.0/3.6 MB | 1.2/2.1 MB
Progress (4): 229/877 kB | 1.5/12 MB | 1.0/3.6 MB | 1.2/2.1 MB
Progress (4): 229/877 kB | 1.5/12 MB | 1.0/3.6 MB | 1.2/2.1 MB
Progress (4): 229/877 kB | 1.5/12 MB | 1.0/3.6 MB | 1.2/2.1 MB
Progress (4): 229/877 kB | 1.5/12 MB | 1.0/3.6 MB | 1.2/2.1 MB
Progress (4): 229/877 kB | 1.5/12 MB | 1.0/3.6 MB | 1.2/2.1 MB
Progress (4): 229/877 kB | 1.5/12 MB | 1.0/3.6 MB | 1.2/2.1 MB
Progress (4): 229/877 kB | 1.5/12 MB | 1.1/3.6 MB | 1.2/2.1 MB
Progress (4): 229/877 kB | 1.5/12 MB | 1.1/3.6 MB | 1.3/2.1 MB
Progress (4): 229/877 kB | 1.5/12 MB | 1.1/3.6 MB | 1.3/2.1 MB
Progress (4): 229/877 kB | 1.5/12 MB | 1.1/3.6 MB | 1.3/2.1 MB
Progress (5): 229/877 kB | 1.5/12 MB | 1.1/3.6 MB | 1.3/2.1 MB | 7.7/48 kB
Progress (5): 229/877 kB | 1.5/12 MB | 1.1/3.6 MB | 1.3/2.1 MB | 16/48 kB 
Progress (5): 229/877 kB | 1.5/12 MB | 1.1/3.6 MB | 1.3/2.1 MB | 32/48 kB
Progress (5): 229/877 kB | 1.5/12 MB | 1.1/3.6 MB | 1.3/2.1 MB | 32/48 kB
Progress (5): 229/877 kB | 1.5/12 MB | 1.1/3.6 MB | 1.3/2.1 MB | 32/48 kB
Progress (5): 229/877 kB | 1.5/12 MB | 1.1/3.6 MB | 1.3/2.1 MB | 32/48 kB
Progress (5): 229/877 kB | 1.5/12 MB | 1.1/3.6 MB | 1.3/2.1 MB | 48 kB   
Progress (5): 229/877 kB | 1.5/12 MB | 1.1/3.6 MB | 1.3/2.1 MB | 48 kB
Progress (5): 229/877 kB | 1.5/12 MB | 1.1/3.6 MB | 1.3/2.1 MB | 48 kB
Progress (5): 229/877 kB | 1.5/12 MB | 1.1/3.6 MB | 1.3/2.1 MB | 48 kB
Progress (5): 229/877 kB | 1.5/12 MB | 1.1/3.6 MB | 1.3/2.1 MB | 48 kB
Progress (5): 229/877 kB | 1.5/12 MB | 1.1/3.6 MB | 1.3/2.1 MB | 48 kB
Progress (5): 229/877 kB | 1.5/12 MB | 1.1/3.6 MB | 1.3/2.1 MB | 48 kB
                                                                      
Downloaded from central: https://repo.maven.apache.org/maven2/io/micrometer/micrometer-commons/1.14.3/micrometer-commons-1.14.3.jar (48 kB at 15 kB/s)
Downloading from central: https://repo.maven.apache.org/maven2/org/springframework/spring-webmvc/6.2.2/spring-webmvc-6.2.2.jar
Progress (4): 229/877 kB | 1.5/12 MB | 1.1/3.6 MB | 1.3/2.1 MB
Progress (4): 229/877 kB | 1.5/12 MB | 1.1/3.6 MB | 1.4/2.1 MB
Progress (4): 229/877 kB | 1.5/12 MB | 1.1/3.6 MB | 1.4/2.1 MB
Progress (4): 229/877 kB | 1.5/12 MB | 1.2/3.6 MB | 1.4/2.1 MB
Progress (4): 229/877 kB | 1.5/12 MB | 1.2/3.6 MB | 1.4/2.1 MB
Progress (4): 229/877 kB | 1.5/12 MB | 1.2/3.6 MB | 1.4/2.1 MB
Progress (4): 229/877 kB | 1.5/12 MB | 1.2/3.6 MB | 1.4/2.1 MB
Progress (4): 229/877 kB | 1.5/12 MB | 1.2/3.6 MB | 1.4/2.1 MB
Progress (4): 229/877 kB | 1.5/12 MB | 1.2/3.6 MB | 1.4/2.1 MB
Progress (4): 229/877 kB | 1.5/12 MB | 1.2/3.6 MB | 1.4/2.1 MB
Progress (4): 245/877 kB | 1.5/12 MB | 1.2/3.6 MB | 1.4/2.1 MB
Progress (4): 245/877 kB | 1.5/12 MB | 1.2/3.6 MB | 1.4/2.1 MB
Progress (4): 245/877 kB | 1.5/12 MB | 1.2/3.6 MB | 1.4/2.1 MB
Progress (4): 245/877 kB | 1.5/12 MB | 1.2/3.6 MB | 1.5/2.1 MB
Progress (4): 245/877 kB | 1.5/12 MB | 1.2/3.6 MB | 1.5/2.1 MB
Progress (4): 245/877 kB | 1.5/12 MB | 1.2/3.6 MB | 1.5/2.1 MB
Progress (4): 245/877 kB | 1.5/12 MB | 1.2/3.6 MB | 1.5/2.1 MB
Progress (4): 245/877 kB | 1.5/12 MB | 1.2/3.6 MB | 1.5/2.1 MB
Progress (4): 245/877 kB | 1.5/12 MB | 1.2/3.6 MB | 1.5/2.1 MB
Progress (4): 245/877 kB | 1.5/12 MB | 1.2/3.6 MB | 1.5/2.1 MB
Progress (4): 245/877 kB | 1.5/12 MB | 1.2/3.6 MB | 1.5/2.1 MB
Progress (4): 245/877 kB | 1.5/12 MB | 1.3/3.6 MB | 1.5/2.1 MB
Progress (4): 245/877 kB | 1.5/12 MB | 1.3/3.6 MB | 1.5/2.1 MB
Progress (4): 245/877 kB | 1.5/12 MB | 1.3/3.6 MB | 1.5/2.1 MB
Progress (4): 245/877 kB | 1.5/12 MB | 1.3/3.6 MB | 1.6/2.1 MB
Progress (4): 245/877 kB | 1.5/12 MB | 1.3/3.6 MB | 1.6/2.1 MB
Progress (4): 245/877 kB | 1.5/12 MB | 1.3/3.6 MB | 1.6/2.1 MB
Progress (4): 245/877 kB | 1.5/12 MB | 1.3/3.6 MB | 1.6/2.1 MB
Progress (4): 245/877 kB | 1.5/12 MB | 1.3/3.6 MB | 1.6/2.1 MB
Progress (4): 245/877 kB | 1.5/12 MB | 1.3/3.6 MB | 1.6/2.1 MB
Progress (4): 245/877 kB | 1.6/12 MB | 1.3/3.6 MB | 1.6/2.1 MB
Progress (4): 245/877 kB | 1.6/12 MB | 1.3/3.6 MB | 1.6/2.1 MB
Progress (4): 245/877 kB | 1.6/12 MB | 1.3/3.6 MB | 1.6/2.1 MB
Progress (4): 245/877 kB | 1.6/12 MB | 1.3/3.6 MB | 1.6/2.1 MB
Progress (4): 245/877 kB | 1.6/12 MB | 1.3/3.6 MB | 1.7/2.1 MB
Progress (4): 245/877 kB | 1.6/12 MB | 1.3/3.6 MB | 1.7/2.1 MB
Progress (4): 245/877 kB | 1.6/12 MB | 1.3/3.6 MB | 1.7/2.1 MB
Progress (4): 245/877 kB | 1.6/12 MB | 1.4/3.6 MB | 1.7/2.1 MB
Progress (4): 245/877 kB | 1.6/12 MB | 1.4/3.6 MB | 1.7/2.1 MB
Progress (4): 245/877 kB | 1.6/12 MB | 1.4/3.6 MB | 1.7/2.1 MB
Progress (4): 245/877 kB | 1.6/12 MB | 1.4/3.6 MB | 1.7/2.1 MB
Progress (4): 245/877 kB | 1.6/12 MB | 1.4/3.6 MB | 1.7/2.1 MB
Progress (4): 245/877 kB | 1.6/12 MB | 1.4/3.6 MB | 1.7/2.1 MB
Progress (4): 245/877 kB | 1.6/12 MB | 1.4/3.6 MB | 1.7/2.1 MB
Progress (4): 245/877 kB | 1.6/12 MB | 1.4/3.6 MB | 1.7/2.1 MB
Progress (4): 245/877 kB | 1.6/12 MB | 1.4/3.6 MB | 1.7/2.1 MB
Progress (4): 245/877 kB | 1.6/12 MB | 1.4/3.6 MB | 1.8/2.1 MB
Progress (4): 245/877 kB | 1.6/12 MB | 1.4/3.6 MB | 1.8/2.1 MB
Progress (4): 245/877 kB | 1.6/12 MB | 1.4/3.6 MB | 1.8/2.1 MB
Progress (4): 245/877 kB | 1.6/12 MB | 1.4/3.6 MB | 1.8/2.1 MB
Progress (4): 245/877 kB | 1.6/12 MB | 1.4/3.6 MB | 1.8/2.1 MB
Progress (4): 245/877 kB | 1.6/12 MB | 1.4/3.6 MB | 1.8/2.1 MB
Progress (4): 245/877 kB | 1.6/12 MB | 1.4/3.6 MB | 1.8/2.1 MB
Progress (4): 245/877 kB | 1.6/12 MB | 1.4/3.6 MB | 1.8/2.1 MB
Progress (4): 245/877 kB | 1.6/12 MB | 1.4/3.6 MB | 1.8/2.1 MB
Progress (4): 245/877 kB | 1.6/12 MB | 1.4/3.6 MB | 1.9/2.1 MB
Progress (4): 245/877 kB | 1.6/12 MB | 1.5/3.6 MB | 1.9/2.1 MB
Progress (4): 245/877 kB | 1.6/12 MB | 1.5/3.6 MB | 1.9/2.1 MB
Progress (4): 245/877 kB | 1.6/12 MB | 1.5/3.6 MB | 1.9/2.1 MB
Progress (4): 245/877 kB | 1.6/12 MB | 1.5/3.6 MB | 1.9/2.1 MB
Progress (5): 245/877 kB | 1.6/12 MB | 1.5/3.6 MB | 1.9/2.1 MB | 0/1.1 MB
Progress (5): 245/877 kB | 1.6/12 MB | 1.5/3.6 MB | 1.9/2.1 MB | 0/1.1 MB
Progress (5): 245/877 kB | 1.6/12 MB | 1.5/3.6 MB | 1.9/2.1 MB | 0/1.1 MB
Progress (5): 245/877 kB | 1.6/12 MB | 1.5/3.6 MB | 1.9/2.1 MB | 0/1.1 MB
Progress (5): 261/877 kB | 1.6/12 MB | 1.5/3.6 MB | 1.9/2.1 MB | 0/1.1 MB
Progress (5): 261/877 kB | 1.6/12 MB | 1.5/3.6 MB | 1.9/2.1 MB | 0/1.1 MB
Progress (5): 261/877 kB | 1.6/12 MB | 1.5/3.6 MB | 1.9/2.1 MB | 0/1.1 MB
Progress (5): 261/877 kB | 1.6/12 MB | 1.5/3.6 MB | 1.9/2.1 MB | 0/1.1 MB
Progress (5): 261/877 kB | 1.6/12 MB | 1.5/3.6 MB | 1.9/2.1 MB | 0/1.1 MB
Progress (5): 261/877 kB | 1.6/12 MB | 1.5/3.6 MB | 1.9/2.1 MB | 0.1/1.1 MB
Progress (5): 261/877 kB | 1.6/12 MB | 1.5/3.6 MB | 1.9/2.1 MB | 0.1/1.1 MB
Progress (5): 261/877 kB | 1.6/12 MB | 1.5/3.6 MB | 1.9/2.1 MB | 0.1/1.1 MB
Progress (5): 261/877 kB | 1.6/12 MB | 1.5/3.6 MB | 1.9/2.1 MB | 0.1/1.1 MB
Progress (5): 261/877 kB | 1.6/12 MB | 1.5/3.6 MB | 1.9/2.1 MB | 0.1/1.1 MB
Progress (5): 261/877 kB | 1.6/12 MB | 1.5/3.6 MB | 2.0/2.1 MB | 0.1/1.1 MB
Progress (5): 261/877 kB | 1.6/12 MB | 1.5/3.6 MB | 2.0/2.1 MB | 0.1/1.1 MB
Progress (5): 261/877 kB | 1.6/12 MB | 1.5/3.6 MB | 2.0/2.1 MB | 0.1/1.1 MB
Progress (5): 261/877 kB | 1.6/12 MB | 1.5/3.6 MB | 2.0/2.1 MB | 0.1/1.1 MB
Progress (5): 261/877 kB | 1.6/12 MB | 1.6/3.6 MB | 2.0/2.1 MB | 0.1/1.1 MB
Progress (5): 261/877 kB | 1.6/12 MB | 1.6/3.6 MB | 2.0/2.1 MB | 0.1/1.1 MB
Progress (5): 261/877 kB | 1.6/12 MB | 1.6/3.6 MB | 2.0/2.1 MB | 0.1/1.1 MB
Progress (5): 261/877 kB | 1.6/12 MB | 1.6/3.6 MB | 2.0/2.1 MB | 0.1/1.1 MB
Progress (5): 261/877 kB | 1.6/12 MB | 1.6/3.6 MB | 2.0/2.1 MB | 0.1/1.1 MB
Progress (5): 261/877 kB | 1.6/12 MB | 1.6/3.6 MB | 2.0/2.1 MB | 0.1/1.1 MB
Progress (5): 261/877 kB | 1.6/12 MB | 1.6/3.6 MB | 2.0/2.1 MB | 0.1/1.1 MB
Progress (5): 261/877 kB | 1.6/12 MB | 1.6/3.6 MB | 2.0/2.1 MB | 0.1/1.1 MB
Progress (5): 261/877 kB | 1.6/12 MB | 1.6/3.6 MB | 2.0/2.1 MB | 0.1/1.1 MB
Progress (5): 261/877 kB | 1.6/12 MB | 1.6/3.6 MB | 2.0/2.1 MB | 0.1/1.1 MB
Progress (5): 261/877 kB | 1.6/12 MB | 1.6/3.6 MB | 2.0/2.1 MB | 0.1/1.1 MB
Progress (5): 261/877 kB | 1.6/12 MB | 1.6/3.6 MB | 2.1/2.1 MB | 0.1/1.1 MB
Progress (5): 261/877 kB | 1.6/12 MB | 1.6/3.6 MB | 2.1/2.1 MB | 0.1/1.1 MB
Progress (5): 261/877 kB | 1.6/12 MB | 1.6/3.6 MB | 2.1/2.1 MB | 0.2/1.1 MB
Progress (5): 261/877 kB | 1.6/12 MB | 1.6/3.6 MB | 2.1/2.1 MB | 0.2/1.1 MB
Progress (5): 261/877 kB | 1.6/12 MB | 1.6/3.6 MB | 2.1/2.1 MB | 0.2/1.1 MB
Progress (5): 261/877 kB | 1.6/12 MB | 1.6/3.6 MB | 2.1 MB | 0.2/1.1 MB    
Progress (5): 261/877 kB | 1.6/12 MB | 1.6/3.6 MB | 2.1 MB | 0.2/1.1 MB
Progress (5): 261/877 kB | 1.6/12 MB | 1.6/3.6 MB | 2.1 MB | 0.2/1.1 MB
Progress (5): 261/877 kB | 1.6/12 MB | 1.6/3.6 MB | 2.1 MB | 0.2/1.1 MB
Progress (5): 261/877 kB | 1.6/12 MB | 1.6/3.6 MB | 2.1 MB | 0.2/1.1 MB
Progress (5): 261/877 kB | 1.6/12 MB | 1.6/3.6 MB | 2.1 MB | 0.2/1.1 MB
Progress (5): 261/877 kB | 1.6/12 MB | 1.6/3.6 MB | 2.1 MB | 0.2/1.1 MB
Progress (5): 261/877 kB | 1.6/12 MB | 1.7/3.6 MB | 2.1 MB | 0.2/1.1 MB
                                                                       
Downloaded from central: https://repo.maven.apache.org/maven2/org/springframework/spring-web/6.2.2/spring-web-6.2.2.jar (2.1 MB at 615 kB/s)
Downloading from central: https://repo.maven.apache.org/maven2/org/springframework/spring-expression/6.2.2/spring-expression-6.2.2.jar
Progress (4): 261/877 kB | 1.6/12 MB | 1.7/3.6 MB | 0.2/1.1 MB
Progress (4): 261/877 kB | 1.6/12 MB | 1.7/3.6 MB | 0.2/1.1 MB
Progress (4): 261/877 kB | 1.6/12 MB | 1.7/3.6 MB | 0.3/1.1 MB
Progress (4): 261/877 kB | 1.6/12 MB | 1.7/3.6 MB | 0.3/1.1 MB
Progress (4): 261/877 kB | 1.6/12 MB | 1.7/3.6 MB | 0.3/1.1 MB
Progress (4): 261/877 kB | 1.6/12 MB | 1.7/3.6 MB | 0.3/1.1 MB
Progress (4): 261/877 kB | 1.6/12 MB | 1.7/3.6 MB | 0.3/1.1 MB
Progress (4): 261/877 kB | 1.6/12 MB | 1.7/3.6 MB | 0.3/1.1 MB
Progress (4): 261/877 kB | 1.6/12 MB | 1.7/3.6 MB | 0.3/1.1 MB
Progress (4): 261/877 kB | 1.6/12 MB | 1.7/3.6 MB | 0.3/1.1 MB
Progress (4): 261/877 kB | 1.6/12 MB | 1.7/3.6 MB | 0.3/1.1 MB
Progress (4): 261/877 kB | 1.6/12 MB | 1.7/3.6 MB | 0.3/1.1 MB
Progress (4): 261/877 kB | 1.6/12 MB | 1.7/3.6 MB | 0.3/1.1 MB
Progress (4): 278/877 kB | 1.6/12 MB | 1.7/3.6 MB | 0.3/1.1 MB
Progress (4): 278/877 kB | 1.6/12 MB | 1.7/3.6 MB | 0.4/1.1 MB
Progress (4): 278/877 kB | 1.6/12 MB | 1.8/3.6 MB | 0.4/1.1 MB
Progress (4): 278/877 kB | 1.6/12 MB | 1.8/3.6 MB | 0.4/1.1 MB
Progress (4): 278/877 kB | 1.6/12 MB | 1.8/3.6 MB | 0.4/1.1 MB
Progress (4): 278/877 kB | 1.6/12 MB | 1.8/3.6 MB | 0.4/1.1 MB
Progress (4): 278/877 kB | 1.6/12 MB | 1.8/3.6 MB | 0.4/1.1 MB
Progress (4): 278/877 kB | 1.6/12 MB | 1.8/3.6 MB | 0.4/1.1 MB
Progress (4): 278/877 kB | 1.6/12 MB | 1.8/3.6 MB | 0.4/1.1 MB
Progress (4): 278/877 kB | 1.6/12 MB | 1.8/3.6 MB | 0.4/1.1 MB
Progress (4): 278/877 kB | 1.6/12 MB | 1.8/3.6 MB | 0.4/1.1 MB
Progress (4): 278/877 kB | 1.6/12 MB | 1.8/3.6 MB | 0.4/1.1 MB
Progress (4): 278/877 kB | 1.6/12 MB | 1.8/3.6 MB | 0.4/1.1 MB
Progress (4): 278/877 kB | 1.6/12 MB | 1.8/3.6 MB | 0.4/1.1 MB
Progress (4): 278/877 kB | 1.6/12 MB | 1.8/3.6 MB | 0.5/1.1 MB
Progress (4): 278/877 kB | 1.6/12 MB | 1.9/3.6 MB | 0.5/1.1 MB
Progress (4): 278/877 kB | 1.6/12 MB | 1.9/3.6 MB | 0.5/1.1 MB
Progress (4): 278/877 kB | 1.7/12 MB | 1.9/3.6 MB | 0.5/1.1 MB
Progress (4): 278/877 kB | 1.7/12 MB | 1.9/3.6 MB | 0.5/1.1 MB
Progress (5): 278/877 kB | 1.7/12 MB | 1.9/3.6 MB | 0.5/1.1 MB | 7.7/318 kB
Progress (5): 278/877 kB | 1.7/12 MB | 1.9/3.6 MB | 0.5/1.1 MB | 16/318 kB 
Progress (5): 278/877 kB | 1.7/12 MB | 1.9/3.6 MB | 0.5/1.1 MB | 28/318 kB
Progress (5): 278/877 kB | 1.7/12 MB | 1.9/3.6 MB | 0.5/1.1 MB | 44/318 kB
Progress (5): 278/877 kB | 1.7/12 MB | 1.9/3.6 MB | 0.5/1.1 MB | 61/318 kB
Progress (5): 278/877 kB | 1.7/12 MB | 1.9/3.6 MB | 0.5/1.1 MB | 77/318 kB
Progress (5): 278/877 kB | 1.7/12 MB | 1.9/3.6 MB | 0.5/1.1 MB | 93/318 kB
Progress (5): 278/877 kB | 1.7/12 MB | 1.9/3.6 MB | 0.5/1.1 MB | 93/318 kB
Progress (5): 278/877 kB | 1.7/12 MB | 1.9/3.6 MB | 0.5/1.1 MB | 110/318 kB
Progress (5): 278/877 kB | 1.7/12 MB | 1.9/3.6 MB | 0.5/1.1 MB | 110/318 kB
Progress (5): 278/877 kB | 1.7/12 MB | 1.9/3.6 MB | 0.5/1.1 MB | 110/318 kB
Progress (5): 278/877 kB | 1.7/12 MB | 1.9/3.6 MB | 0.5/1.1 MB | 126/318 kB
Progress (5): 278/877 kB | 1.7/12 MB | 1.9/3.6 MB | 0.5/1.1 MB | 126/318 kB
Progress (5): 278/877 kB | 1.7/12 MB | 1.9/3.6 MB | 0.5/1.1 MB | 143/318 kB
Progress (5): 278/877 kB | 1.7/12 MB | 1.9/3.6 MB | 0.5/1.1 MB | 143/318 kB
Progress (5): 278/877 kB | 1.7/12 MB | 1.9/3.6 MB | 0.5/1.1 MB | 143/318 kB
Progress (5): 278/877 kB | 1.7/12 MB | 1.9/3.6 MB | 0.5/1.1 MB | 143/318 kB
Progress (5): 278/877 kB | 1.7/12 MB | 1.9/3.6 MB | 0.5/1.1 MB | 159/318 kB
Progress (5): 278/877 kB | 1.7/12 MB | 1.9/3.6 MB | 0.5/1.1 MB | 159/318 kB
Progress (5): 278/877 kB | 1.7/12 MB | 1.9/3.6 MB | 0.5/1.1 MB | 159/318 kB
Progress (5): 278/877 kB | 1.7/12 MB | 1.9/3.6 MB | 0.6/1.1 MB | 159/318 kB
Progress (5): 278/877 kB | 1.7/12 MB | 1.9/3.6 MB | 0.6/1.1 MB | 175/318 kB
Progress (5): 278/877 kB | 1.7/12 MB | 2.0/3.6 MB | 0.6/1.1 MB | 175/318 kB
Progress (5): 278/877 kB | 1.7/12 MB | 2.0/3.6 MB | 0.6/1.1 MB | 192/318 kB
Progress (5): 278/877 kB | 1.7/12 MB | 2.0/3.6 MB | 0.6/1.1 MB | 192/318 kB
Progress (5): 278/877 kB | 1.7/12 MB | 2.0/3.6 MB | 0.6/1.1 MB | 192/318 kB
Progress (5): 278/877 kB | 1.7/12 MB | 2.0/3.6 MB | 0.6/1.1 MB | 192/318 kB
Progress (5): 278/877 kB | 1.7/12 MB | 2.0/3.6 MB | 0.6/1.1 MB | 192/318 kB
Progress (5): 278/877 kB | 1.7/12 MB | 2.0/3.6 MB | 0.6/1.1 MB | 208/318 kB
Progress (5): 278/877 kB | 1.7/12 MB | 2.0/3.6 MB | 0.6/1.1 MB | 225/318 kB
Progress (5): 278/877 kB | 1.7/12 MB | 2.0/3.6 MB | 0.6/1.1 MB | 225/318 kB
Progress (5): 278/877 kB | 1.7/12 MB | 2.0/3.6 MB | 0.6/1.1 MB | 225/318 kB
Progress (5): 278/877 kB | 1.7/12 MB | 2.0/3.6 MB | 0.6/1.1 MB | 225/318 kB
Progress (5): 278/877 kB | 1.7/12 MB | 2.0/3.6 MB | 0.6/1.1 MB | 241/318 kB
Progress (5): 278/877 kB | 1.7/12 MB | 2.0/3.6 MB | 0.6/1.1 MB | 257/318 kB
Progress (5): 278/877 kB | 1.7/12 MB | 2.0/3.6 MB | 0.6/1.1 MB | 257/318 kB
Progress (5): 278/877 kB | 1.7/12 MB | 2.0/3.6 MB | 0.6/1.1 MB | 257/318 kB
Progress (5): 278/877 kB | 1.7/12 MB | 2.0/3.6 MB | 0.7/1.1 MB | 257/318 kB
Progress (5): 278/877 kB | 1.7/12 MB | 2.0/3.6 MB | 0.7/1.1 MB | 274/318 kB
Progress (5): 278/877 kB | 1.7/12 MB | 2.0/3.6 MB | 0.7/1.1 MB | 274/318 kB
Progress (5): 278/877 kB | 1.7/12 MB | 2.0/3.6 MB | 0.7/1.1 MB | 274/318 kB
Progress (5): 278/877 kB | 1.7/12 MB | 2.0/3.6 MB | 0.7/1.1 MB | 290/318 kB
Progress (5): 278/877 kB | 1.7/12 MB | 2.1/3.6 MB | 0.7/1.1 MB | 290/318 kB
Progress (5): 278/877 kB | 1.7/12 MB | 2.1/3.6 MB | 0.7/1.1 MB | 290/318 kB
Progress (5): 278/877 kB | 1.7/12 MB | 2.1/3.6 MB | 0.7/1.1 MB | 306/318 kB
Progress (5): 278/877 kB | 1.7/12 MB | 2.1/3.6 MB | 0.7/1.1 MB | 306/318 kB
Progress (5): 278/877 kB | 1.7/12 MB | 2.1/3.6 MB | 0.7/1.1 MB | 306/318 kB
Progress (5): 278/877 kB | 1.7/12 MB | 2.1/3.6 MB | 0.7/1.1 MB | 318 kB    
                                                                       
Downloaded from central: https://repo.maven.apache.org/maven2/org/springframework/spring-expression/6.2.2/spring-expression-6.2.2.jar (318 kB at 90 kB/s)
Downloading from central: https://repo.maven.apache.org/maven2/org/springframework/boot/spring-boot-configuration-processor/3.4.2/spring-boot-configuration-processor-3.4.2.jar
Progress (4): 278/877 kB | 1.7/12 MB | 2.1/3.6 MB | 0.7/1.1 MB
Progress (4): 278/877 kB | 1.7/12 MB | 2.1/3.6 MB | 0.7/1.1 MB
Progress (4): 294/877 kB | 1.7/12 MB | 2.1/3.6 MB | 0.7/1.1 MB
Progress (4): 294/877 kB | 1.7/12 MB | 2.1/3.6 MB | 0.7/1.1 MB
Progress (4): 294/877 kB | 1.7/12 MB | 2.1/3.6 MB | 0.7/1.1 MB
Progress (4): 294/877 kB | 1.7/12 MB | 2.1/3.6 MB | 0.7/1.1 MB
Progress (4): 294/877 kB | 1.7/12 MB | 2.1/3.6 MB | 0.7/1.1 MB
Progress (4): 294/877 kB | 1.7/12 MB | 2.1/3.6 MB | 0.7/1.1 MB
Progress (4): 294/877 kB | 1.7/12 MB | 2.1/3.6 MB | 0.7/1.1 MB
Progress (4): 294/877 kB | 1.7/12 MB | 2.1/3.6 MB | 0.7/1.1 MB
Progress (4): 294/877 kB | 1.7/12 MB | 2.1/3.6 MB | 0.8/1.1 MB
Progress (4): 294/877 kB | 1.7/12 MB | 2.2/3.6 MB | 0.8/1.1 MB
Progress (4): 294/877 kB | 1.7/12 MB | 2.2/3.6 MB | 0.8/1.1 MB
Progress (4): 294/877 kB | 1.7/12 MB | 2.2/3.6 MB | 0.8/1.1 MB
Progress (4): 294/877 kB | 1.7/12 MB | 2.2/3.6 MB | 0.8/1.1 MB
Progress (4): 294/877 kB | 1.7/12 MB | 2.2/3.6 MB | 0.8/1.1 MB
Progress (4): 294/877 kB | 1.7/12 MB | 2.2/3.6 MB | 0.8/1.1 MB
Progress (4): 294/877 kB | 1.7/12 MB | 2.2/3.6 MB | 0.8/1.1 MB
Progress (4): 294/877 kB | 1.7/12 MB | 2.2/3.6 MB | 0.8/1.1 MB
Progress (4): 294/877 kB | 1.7/12 MB | 2.2/3.6 MB | 0.8/1.1 MB
Progress (4): 294/877 kB | 1.7/12 MB | 2.2/3.6 MB | 0.8/1.1 MB
Progress (4): 294/877 kB | 1.7/12 MB | 2.2/3.6 MB | 0.8/1.1 MB
Progress (4): 294/877 kB | 1.7/12 MB | 2.2/3.6 MB | 0.9/1.1 MB
Progress (4): 294/877 kB | 1.7/12 MB | 2.2/3.6 MB | 0.9/1.1 MB
Progress (4): 294/877 kB | 1.7/12 MB | 2.2/3.6 MB | 0.9/1.1 MB
Progress (4): 294/877 kB | 1.7/12 MB | 2.3/3.6 MB | 0.9/1.1 MB
Progress (4): 294/877 kB | 1.7/12 MB | 2.3/3.6 MB | 0.9/1.1 MB
Progress (4): 294/877 kB | 1.7/12 MB | 2.3/3.6 MB | 0.9/1.1 MB
Progress (4): 294/877 kB | 1.7/12 MB | 2.3/3.6 MB | 0.9/1.1 MB
Progress (4): 294/877 kB | 1.7/12 MB | 2.3/3.6 MB | 0.9/1.1 MB
Progress (4): 294/877 kB | 1.7/12 MB | 2.3/3.6 MB | 0.9/1.1 MB
Progress (4): 294/877 kB | 1.7/12 MB | 2.3/3.6 MB | 0.9/1.1 MB
Progress (4): 294/877 kB | 1.7/12 MB | 2.3/3.6 MB | 0.9/1.1 MB
Progress (4): 294/877 kB | 1.7/12 MB | 2.3/3.6 MB | 0.9/1.1 MB
Progress (4): 294/877 kB | 1.7/12 MB | 2.3/3.6 MB | 0.9/1.1 MB
Progress (4): 294/877 kB | 1.7/12 MB | 2.3/3.6 MB | 0.9/1.1 MB
Progress (4): 294/877 kB | 1.7/12 MB | 2.3/3.6 MB | 1.0/1.1 MB
Progress (4): 294/877 kB | 1.7/12 MB | 2.4/3.6 MB | 1.0/1.1 MB
Progress (4): 294/877 kB | 1.7/12 MB | 2.4/3.6 MB | 1.0/1.1 MB
Progress (4): 294/877 kB | 1.8/12 MB | 2.4/3.6 MB | 1.0/1.1 MB
Progress (4): 294/877 kB | 1.8/12 MB | 2.4/3.6 MB | 1.0/1.1 MB
Progress (4): 294/877 kB | 1.8/12 MB | 2.4/3.6 MB | 1.0/1.1 MB
Progress (4): 294/877 kB | 1.8/12 MB | 2.4/3.6 MB | 1.0/1.1 MB
Progress (4): 294/877 kB | 1.8/12 MB | 2.4/3.6 MB | 1.0/1.1 MB
Progress (4): 294/877 kB | 1.8/12 MB | 2.4/3.6 MB | 1.0/1.1 MB
Progress (4): 294/877 kB | 1.8/12 MB | 2.4/3.6 MB | 1.0/1.1 MB
Progress (4): 294/877 kB | 1.8/12 MB | 2.4/3.6 MB | 1.0/1.1 MB
Progress (4): 294/877 kB | 1.8/12 MB | 2.4/3.6 MB | 1.0/1.1 MB
Progress (5): 294/877 kB | 1.8/12 MB | 2.4/3.6 MB | 1.0/1.1 MB | 7.7/133 kB
Progress (5): 294/877 kB | 1.8/12 MB | 2.4/3.6 MB | 1.0/1.1 MB | 16/133 kB 
Progress (5): 294/877 kB | 1.8/12 MB | 2.4/3.6 MB | 1.0/1.1 MB | 32/133 kB
Progress (5): 294/877 kB | 1.8/12 MB | 2.4/3.6 MB | 1.0/1.1 MB | 48/133 kB
Progress (5): 294/877 kB | 1.8/12 MB | 2.4/3.6 MB | 1.0/1.1 MB | 48/133 kB
Progress (5): 294/877 kB | 1.8/12 MB | 2.4/3.6 MB | 1.0/1.1 MB | 65/133 kB
Progress (5): 294/877 kB | 1.8/12 MB | 2.4/3.6 MB | 1.1/1.1 MB | 65/133 kB
Progress (5): 294/877 kB | 1.8/12 MB | 2.4/3.6 MB | 1.1/1.1 MB | 65/133 kB
Progress (5): 294/877 kB | 1.8/12 MB | 2.4/3.6 MB | 1.1 MB | 65/133 kB    
Progress (5): 294/877 kB | 1.8/12 MB | 2.4/3.6 MB | 1.1 MB | 81/133 kB
Progress (5): 294/877 kB | 1.8/12 MB | 2.4/3.6 MB | 1.1 MB | 81/133 kB
Progress (5): 294/877 kB | 1.8/12 MB | 2.4/3.6 MB | 1.1 MB | 98/133 kB
Progress (5): 294/877 kB | 1.8/12 MB | 2.4/3.6 MB | 1.1 MB | 98/133 kB
Progress (5): 294/877 kB | 1.8/12 MB | 2.4/3.6 MB | 1.1 MB | 114/133 kB
Progress (5): 294/877 kB | 1.8/12 MB | 2.5/3.6 MB | 1.1 MB | 114/133 kB
Progress (5): 294/877 kB | 1.8/12 MB | 2.5/3.6 MB | 1.1 MB | 130/133 kB
Progress (5): 294/877 kB | 1.8/12 MB | 2.5/3.6 MB | 1.1 MB | 133 kB    
Progress (5): 294/877 kB | 1.8/12 MB | 2.5/3.6 MB | 1.1 MB | 133 kB
Progress (5): 294/877 kB | 1.8/12 MB | 2.5/3.6 MB | 1.1 MB | 133 kB
Progress (5): 294/877 kB | 1.8/12 MB | 2.5/3.6 MB | 1.1 MB | 133 kB
Progress (5): 294/877 kB | 1.8/12 MB | 2.5/3.6 MB | 1.1 MB | 133 kB
                                                                   
Downloaded from central: https://repo.maven.apache.org/maven2/org/springframework/boot/spring-boot-configuration-processor/3.4.2/spring-boot-configuration-processor-3.4.2.jar (133 kB at 36 kB/s)
Downloading from central: https://repo.maven.apache.org/maven2/org/slf4j/jcl-over-slf4j/2.0.16/jcl-over-slf4j-2.0.16.jar
Progress (4): 294/877 kB | 1.8/12 MB | 2.5/3.6 MB | 1.1 MB
                                                          
Downloaded from central: https://repo.maven.apache.org/maven2/org/springframework/spring-webmvc/6.2.2/spring-webmvc-6.2.2.jar (1.1 MB at 296 kB/s)
Downloading from central: https://repo.maven.apache.org/maven2/org/springframework/boot/spring-boot-starter-security/3.4.2/spring-boot-starter-security-3.4.2.jar
Progress (3): 294/877 kB | 1.8/12 MB | 2.5/3.6 MB
Progress (3): 294/877 kB | 1.8/12 MB | 2.6/3.6 MB
Progress (3): 294/877 kB | 1.8/12 MB | 2.6/3.6 MB
Progress (3): 294/877 kB | 1.8/12 MB | 2.6/3.6 MB
Progress (3): 294/877 kB | 1.8/12 MB | 2.6/3.6 MB
Progress (3): 294/877 kB | 1.8/12 MB | 2.6/3.6 MB
Progress (3): 311/877 kB | 1.8/12 MB | 2.6/3.6 MB
Progress (3): 311/877 kB | 1.8/12 MB | 2.6/3.6 MB
Progress (3): 311/877 kB | 1.8/12 MB | 2.6/3.6 MB
Progress (3): 311/877 kB | 1.8/12 MB | 2.7/3.6 MB
Progress (3): 311/877 kB | 1.8/12 MB | 2.7/3.6 MB
Progress (3): 311/877 kB | 1.8/12 MB | 2.7/3.6 MB
Progress (3): 311/877 kB | 1.8/12 MB | 2.7/3.6 MB
Progress (4): 311/877 kB | 1.8/12 MB | 2.7/3.6 MB | 7.7/18 kB
Progress (4): 311/877 kB | 1.8/12 MB | 2.7/3.6 MB | 12/18 kB 
Progress (4): 311/877 kB | 1.8/12 MB | 2.7/3.6 MB | 18 kB   
                                                         
Downloaded from central: https://repo.maven.apache.org/maven2/org/slf4j/jcl-over-slf4j/2.0.16/jcl-over-slf4j-2.0.16.jar (18 kB at 4.9 kB/s)
Downloading from central: https://repo.maven.apache.org/maven2/org/springframework/security/spring-security-config/6.4.2/spring-security-config-6.4.2.jar
Progress (3): 311/877 kB | 1.8/12 MB | 2.7/3.6 MB
Progress (3): 311/877 kB | 1.8/12 MB | 2.7/3.6 MB
Progress (3): 311/877 kB | 1.8/12 MB | 2.7/3.6 MB
Progress (3): 311/877 kB | 1.8/12 MB | 2.8/3.6 MB
Progress (4): 311/877 kB | 1.8/12 MB | 2.8/3.6 MB | 4.7 kB
Progress (4): 311/877 kB | 1.8/12 MB | 2.8/3.6 MB | 4.7 kB
Progress (4): 311/877 kB | 1.8/12 MB | 2.8/3.6 MB | 4.7 kB
Progress (4): 311/877 kB | 1.8/12 MB | 2.8/3.6 MB | 4.7 kB
                                                          
Downloaded from central: https://repo.maven.apache.org/maven2/org/springframework/boot/spring-boot-starter-security/3.4.2/spring-boot-starter-security-3.4.2.jar (4.7 kB at 1.3 kB/s)
Downloading from central: https://repo.maven.apache.org/maven2/org/springframework/security/spring-security-web/6.4.2/spring-security-web-6.4.2.jar
Progress (3): 311/877 kB | 1.8/12 MB | 2.8/3.6 MB
Progress (3): 311/877 kB | 1.8/12 MB | 2.8/3.6 MB
Progress (3): 311/877 kB | 1.8/12 MB | 2.8/3.6 MB
Progress (3): 311/877 kB | 1.9/12 MB | 2.8/3.6 MB
Progress (3): 311/877 kB | 1.9/12 MB | 2.9/3.6 MB
Progress (3): 311/877 kB | 1.9/12 MB | 2.9/3.6 MB
Progress (3): 311/877 kB | 1.9/12 MB | 2.9/3.6 MB
Progress (3): 327/877 kB | 1.9/12 MB | 2.9/3.6 MB
Progress (3): 327/877 kB | 1.9/12 MB | 2.9/3.6 MB
Progress (4): 327/877 kB | 1.9/12 MB | 2.9/3.6 MB | 0/2.0 MB
Progress (4): 327/877 kB | 1.9/12 MB | 2.9/3.6 MB | 0/2.0 MB
Progress (4): 327/877 kB | 1.9/12 MB | 2.9/3.6 MB | 0/2.0 MB
Progress (4): 327/877 kB | 1.9/12 MB | 2.9/3.6 MB | 0/2.0 MB
Progress (4): 327/877 kB | 1.9/12 MB | 2.9/3.6 MB | 0/2.0 MB
Progress (4): 327/877 kB | 1.9/12 MB | 2.9/3.6 MB | 0/2.0 MB
Progress (4): 327/877 kB | 1.9/12 MB | 2.9/3.6 MB | 0/2.0 MB
Progress (4): 327/877 kB | 1.9/12 MB | 2.9/3.6 MB | 0.1/2.0 MB
Progress (4): 327/877 kB | 1.9/12 MB | 3.0/3.6 MB | 0.1/2.0 MB
Progress (4): 327/877 kB | 1.9/12 MB | 3.0/3.6 MB | 0.1/2.0 MB
Progress (4): 327/877 kB | 1.9/12 MB | 3.0/3.6 MB | 0.1/2.0 MB
Progress (4): 327/877 kB | 1.9/12 MB | 3.0/3.6 MB | 0.1/2.0 MB
Progress (4): 327/877 kB | 1.9/12 MB | 3.0/3.6 MB | 0.1/2.0 MB
Progress (4): 327/877 kB | 1.9/12 MB | 3.0/3.6 MB | 0.1/2.0 MB
Progress (4): 327/877 kB | 1.9/12 MB | 3.0/3.6 MB | 0.1/2.0 MB
Progress (4): 327/877 kB | 1.9/12 MB | 3.0/3.6 MB | 0.1/2.0 MB
Progress (4): 327/877 kB | 1.9/12 MB | 3.0/3.6 MB | 0.1/2.0 MB
Progress (4): 327/877 kB | 1.9/12 MB | 3.0/3.6 MB | 0.1/2.0 MB
Progress (4): 327/877 kB | 1.9/12 MB | 3.0/3.6 MB | 0.2/2.0 MB
Progress (5): 327/877 kB | 1.9/12 MB | 3.0/3.6 MB | 0.2/2.0 MB | 7.7/993 kB
Progress (5): 327/877 kB | 1.9/12 MB | 3.0/3.6 MB | 0.2/2.0 MB | 12/993 kB 
Progress (5): 327/877 kB | 1.9/12 MB | 3.0/3.6 MB | 0.2/2.0 MB | 28/993 kB
Progress (5): 327/877 kB | 1.9/12 MB | 3.0/3.6 MB | 0.2/2.0 MB | 28/993 kB
Progress (5): 327/877 kB | 1.9/12 MB | 3.0/3.6 MB | 0.2/2.0 MB | 44/993 kB
Progress (5): 327/877 kB | 1.9/12 MB | 3.0/3.6 MB | 0.2/2.0 MB | 44/993 kB
Progress (5): 327/877 kB | 1.9/12 MB | 3.0/3.6 MB | 0.2/2.0 MB | 44/993 kB
Progress (5): 327/877 kB | 1.9/12 MB | 3.0/3.6 MB | 0.2/2.0 MB | 44/993 kB
Progress (5): 327/877 kB | 1.9/12 MB | 3.1/3.6 MB | 0.2/2.0 MB | 44/993 kB
Progress (5): 327/877 kB | 1.9/12 MB | 3.1/3.6 MB | 0.2/2.0 MB | 61/993 kB
Progress (5): 327/877 kB | 1.9/12 MB | 3.1/3.6 MB | 0.2/2.0 MB | 61/993 kB
Progress (5): 327/877 kB | 1.9/12 MB | 3.1/3.6 MB | 0.2/2.0 MB | 61/993 kB
Progress (5): 327/877 kB | 1.9/12 MB | 3.1/3.6 MB | 0.2/2.0 MB | 77/993 kB
Progress (5): 327/877 kB | 1.9/12 MB | 3.1/3.6 MB | 0.2/2.0 MB | 77/993 kB
Progress (5): 327/877 kB | 1.9/12 MB | 3.1/3.6 MB | 0.2/2.0 MB | 77/993 kB
Progress (5): 327/877 kB | 1.9/12 MB | 3.1/3.6 MB | 0.2/2.0 MB | 93/993 kB
Progress (5): 327/877 kB | 1.9/12 MB | 3.1/3.6 MB | 0.2/2.0 MB | 93/993 kB
Progress (5): 327/877 kB | 1.9/12 MB | 3.1/3.6 MB | 0.3/2.0 MB | 93/993 kB
Progress (5): 327/877 kB | 1.9/12 MB | 3.1/3.6 MB | 0.3/2.0 MB | 93/993 kB
Progress (5): 327/877 kB | 1.9/12 MB | 3.1/3.6 MB | 0.3/2.0 MB | 93/993 kB
Progress (5): 327/877 kB | 1.9/12 MB | 3.1/3.6 MB | 0.3/2.0 MB | 93/993 kB
Progress (5): 327/877 kB | 1.9/12 MB | 3.1/3.6 MB | 0.3/2.0 MB | 110/993 kB
Progress (5): 327/877 kB | 1.9/12 MB | 3.1/3.6 MB | 0.3/2.0 MB | 110/993 kB
Progress (5): 327/877 kB | 1.9/12 MB | 3.1/3.6 MB | 0.3/2.0 MB | 110/993 kB
Progress (5): 327/877 kB | 1.9/12 MB | 3.1/3.6 MB | 0.3/2.0 MB | 110/993 kB
Progress (5): 327/877 kB | 1.9/12 MB | 3.1/3.6 MB | 0.3/2.0 MB | 126/993 kB
Progress (5): 327/877 kB | 1.9/12 MB | 3.1/3.6 MB | 0.3/2.0 MB | 126/993 kB
Progress (5): 327/877 kB | 1.9/12 MB | 3.1/3.6 MB | 0.3/2.0 MB | 143/993 kB
Progress (5): 327/877 kB | 1.9/12 MB | 3.2/3.6 MB | 0.3/2.0 MB | 143/993 kB
Progress (5): 327/877 kB | 1.9/12 MB | 3.2/3.6 MB | 0.3/2.0 MB | 143/993 kB
Progress (5): 327/877 kB | 1.9/12 MB | 3.2/3.6 MB | 0.3/2.0 MB | 159/993 kB
Progress (5): 327/877 kB | 1.9/12 MB | 3.2/3.6 MB | 0.3/2.0 MB | 159/993 kB
Progress (5): 327/877 kB | 1.9/12 MB | 3.2/3.6 MB | 0.3/2.0 MB | 175/993 kB
Progress (5): 327/877 kB | 1.9/12 MB | 3.2/3.6 MB | 0.3/2.0 MB | 175/993 kB
Progress (5): 327/877 kB | 1.9/12 MB | 3.2/3.6 MB | 0.3/2.0 MB | 175/993 kB
Progress (5): 327/877 kB | 1.9/12 MB | 3.2/3.6 MB | 0.3/2.0 MB | 175/993 kB
Progress (5): 327/877 kB | 1.9/12 MB | 3.2/3.6 MB | 0.4/2.0 MB | 175/993 kB
Progress (5): 327/877 kB | 1.9/12 MB | 3.2/3.6 MB | 0.4/2.0 MB | 175/993 kB
Progress (5): 327/877 kB | 1.9/12 MB | 3.2/3.6 MB | 0.4/2.0 MB | 175/993 kB
Progress (5): 327/877 kB | 1.9/12 MB | 3.2/3.6 MB | 0.4/2.0 MB | 192/993 kB
Progress (5): 327/877 kB | 1.9/12 MB | 3.2/3.6 MB | 0.4/2.0 MB | 192/993 kB
Progress (5): 327/877 kB | 1.9/12 MB | 3.2/3.6 MB | 0.4/2.0 MB | 208/993 kB
Progress (5): 327/877 kB | 1.9/12 MB | 3.2/3.6 MB | 0.4/2.0 MB | 208/993 kB
Progress (5): 327/877 kB | 1.9/12 MB | 3.2/3.6 MB | 0.4/2.0 MB | 208/993 kB
Progress (5): 327/877 kB | 1.9/12 MB | 3.2/3.6 MB | 0.4/2.0 MB | 208/993 kB
Progress (5): 327/877 kB | 1.9/12 MB | 3.2/3.6 MB | 0.4/2.0 MB | 208/993 kB
Progress (5): 327/877 kB | 1.9/12 MB | 3.2/3.6 MB | 0.4/2.0 MB | 208/993 kB
Progress (5): 327/877 kB | 1.9/12 MB | 3.2/3.6 MB | 0.4/2.0 MB | 225/993 kB
Progress (5): 327/877 kB | 1.9/12 MB | 3.2/3.6 MB | 0.4/2.0 MB | 225/993 kB
Progress (5): 327/877 kB | 1.9/12 MB | 3.2/3.6 MB | 0.5/2.0 MB | 225/993 kB
Progress (5): 327/877 kB | 1.9/12 MB | 3.2/3.6 MB | 0.5/2.0 MB | 241/993 kB
Progress (5): 327/877 kB | 1.9/12 MB | 3.2/3.6 MB | 0.5/2.0 MB | 241/993 kB
Progress (5): 327/877 kB | 1.9/12 MB | 3.3/3.6 MB | 0.5/2.0 MB | 241/993 kB
Progress (5): 327/877 kB | 1.9/12 MB | 3.3/3.6 MB | 0.5/2.0 MB | 257/993 kB
Progress (5): 327/877 kB | 1.9/12 MB | 3.3/3.6 MB | 0.5/2.0 MB | 257/993 kB
Progress (5): 327/877 kB | 1.9/12 MB | 3.3/3.6 MB | 0.5/2.0 MB | 257/993 kB
Progress (5): 327/877 kB | 1.9/12 MB | 3.3/3.6 MB | 0.5/2.0 MB | 257/993 kB
Progress (5): 327/877 kB | 1.9/12 MB | 3.3/3.6 MB | 0.5/2.0 MB | 274/993 kB
Progress (5): 343/877 kB | 1.9/12 MB | 3.3/3.6 MB | 0.5/2.0 MB | 274/993 kB
Progress (5): 343/877 kB | 1.9/12 MB | 3.3/3.6 MB | 0.5/2.0 MB | 274/993 kB
Progress (5): 343/877 kB | 1.9/12 MB | 3.3/3.6 MB | 0.5/2.0 MB | 274/993 kB
Progress (5): 343/877 kB | 1.9/12 MB | 3.3/3.6 MB | 0.5/2.0 MB | 274/993 kB
Progress (5): 343/877 kB | 1.9/12 MB | 3.3/3.6 MB | 0.5/2.0 MB | 290/993 kB
Progress (5): 343/877 kB | 1.9/12 MB | 3.3/3.6 MB | 0.5/2.0 MB | 290/993 kB
Progress (5): 343/877 kB | 1.9/12 MB | 3.3/3.6 MB | 0.5/2.0 MB | 290/993 kB
Progress (5): 343/877 kB | 1.9/12 MB | 3.3/3.6 MB | 0.5/2.0 MB | 306/993 kB
Progress (5): 343/877 kB | 1.9/12 MB | 3.3/3.6 MB | 0.5/2.0 MB | 306/993 kB
Progress (5): 343/877 kB | 1.9/12 MB | 3.3/3.6 MB | 0.6/2.0 MB | 306/993 kB
Progress (5): 343/877 kB | 1.9/12 MB | 3.3/3.6 MB | 0.6/2.0 MB | 323/993 kB
Progress (5): 343/877 kB | 1.9/12 MB | 3.3/3.6 MB | 0.6/2.0 MB | 323/993 kB
Progress (5): 343/877 kB | 1.9/12 MB | 3.3/3.6 MB | 0.6/2.0 MB | 323/993 kB
Progress (5): 343/877 kB | 1.9/12 MB | 3.3/3.6 MB | 0.6/2.0 MB | 323/993 kB
Progress (5): 343/877 kB | 1.9/12 MB | 3.3/3.6 MB | 0.6/2.0 MB | 339/993 kB
Progress (5): 343/877 kB | 1.9/12 MB | 3.3/3.6 MB | 0.6/2.0 MB | 339/993 kB
Progress (5): 343/877 kB | 1.9/12 MB | 3.4/3.6 MB | 0.6/2.0 MB | 339/993 kB
Progress (5): 343/877 kB | 1.9/12 MB | 3.4/3.6 MB | 0.6/2.0 MB | 339/993 kB
Progress (5): 343/877 kB | 1.9/12 MB | 3.4/3.6 MB | 0.6/2.0 MB | 356/993 kB
Progress (5): 343/877 kB | 1.9/12 MB | 3.4/3.6 MB | 0.6/2.0 MB | 356/993 kB
Progress (5): 343/877 kB | 1.9/12 MB | 3.4/3.6 MB | 0.6/2.0 MB | 372/993 kB
Progress (5): 343/877 kB | 1.9/12 MB | 3.4/3.6 MB | 0.6/2.0 MB | 372/993 kB
Progress (5): 343/877 kB | 1.9/12 MB | 3.4/3.6 MB | 0.6/2.0 MB | 372/993 kB
Progress (5): 343/877 kB | 1.9/12 MB | 3.4/3.6 MB | 0.7/2.0 MB | 372/993 kB
Progress (5): 343/877 kB | 1.9/12 MB | 3.4/3.6 MB | 0.7/2.0 MB | 388/993 kB
Progress (5): 343/877 kB | 1.9/12 MB | 3.4/3.6 MB | 0.7/2.0 MB | 388/993 kB
Progress (5): 343/877 kB | 2.0/12 MB | 3.4/3.6 MB | 0.7/2.0 MB | 388/993 kB
Progress (5): 343/877 kB | 2.0/12 MB | 3.4/3.6 MB | 0.7/2.0 MB | 388/993 kB
Progress (5): 343/877 kB | 2.0/12 MB | 3.4/3.6 MB | 0.7/2.0 MB | 388/993 kB
Progress (5): 343/877 kB | 2.0/12 MB | 3.4/3.6 MB | 0.7/2.0 MB | 405/993 kB
Progress (5): 343/877 kB | 2.0/12 MB | 3.4/3.6 MB | 0.7/2.0 MB | 405/993 kB
Progress (5): 343/877 kB | 2.0/12 MB | 3.4/3.6 MB | 0.7/2.0 MB | 405/993 kB
Progress (5): 343/877 kB | 2.0/12 MB | 3.4/3.6 MB | 0.7/2.0 MB | 405/993 kB
Progress (5): 343/877 kB | 2.0/12 MB | 3.4/3.6 MB | 0.7/2.0 MB | 405/993 kB
Progress (5): 343/877 kB | 2.0/12 MB | 3.4/3.6 MB | 0.7/2.0 MB | 421/993 kB
Progress (5): 343/877 kB | 2.0/12 MB | 3.4/3.6 MB | 0.7/2.0 MB | 438/993 kB
Progress (5): 343/877 kB | 2.0/12 MB | 3.4/3.6 MB | 0.7/2.0 MB | 438/993 kB
Progress (5): 343/877 kB | 2.0/12 MB | 3.4/3.6 MB | 0.8/2.0 MB | 438/993 kB
Progress (5): 343/877 kB | 2.0/12 MB | 3.4/3.6 MB | 0.8/2.0 MB | 454/993 kB
Progress (5): 343/877 kB | 2.0/12 MB | 3.4/3.6 MB | 0.8/2.0 MB | 454/993 kB
Progress (5): 343/877 kB | 2.0/12 MB | 3.5/3.6 MB | 0.8/2.0 MB | 454/993 kB
Progress (5): 343/877 kB | 2.0/12 MB | 3.5/3.6 MB | 0.8/2.0 MB | 454/993 kB
Progress (5): 343/877 kB | 2.0/12 MB | 3.5/3.6 MB | 0.8/2.0 MB | 454/993 kB
Progress (5): 343/877 kB | 2.0/12 MB | 3.5/3.6 MB | 0.8/2.0 MB | 470/993 kB
Progress (5): 343/877 kB | 2.0/12 MB | 3.5/3.6 MB | 0.8/2.0 MB | 470/993 kB
Progress (5): 343/877 kB | 2.0/12 MB | 3.5/3.6 MB | 0.8/2.0 MB | 470/993 kB
Progress (5): 343/877 kB | 2.0/12 MB | 3.5/3.6 MB | 0.8/2.0 MB | 470/993 kB
Progress (5): 343/877 kB | 2.0/12 MB | 3.5/3.6 MB | 0.8/2.0 MB | 470/993 kB
Progress (5): 343/877 kB | 2.0/12 MB | 3.5/3.6 MB | 0.8/2.0 MB | 470/993 kB
Progress (5): 343/877 kB | 2.0/12 MB | 3.5/3.6 MB | 0.8/2.0 MB | 470/993 kB
Progress (5): 343/877 kB | 2.0/12 MB | 3.5/3.6 MB | 0.8/2.0 MB | 487/993 kB
Progress (5): 343/877 kB | 2.0/12 MB | 3.5/3.6 MB | 0.8/2.0 MB | 503/993 kB
Progress (5): 343/877 kB | 2.0/12 MB | 3.5/3.6 MB | 0.8/2.0 MB | 503/993 kB
Progress (5): 343/877 kB | 2.0/12 MB | 3.5/3.6 MB | 0.8/2.0 MB | 503/993 kB
Progress (5): 343/877 kB | 2.0/12 MB | 3.5/3.6 MB | 0.9/2.0 MB | 503/993 kB
Progress (5): 343/877 kB | 2.0/12 MB | 3.5/3.6 MB | 0.9/2.0 MB | 519/993 kB
Progress (5): 343/877 kB | 2.0/12 MB | 3.5/3.6 MB | 0.9/2.0 MB | 519/993 kB
Progress (5): 343/877 kB | 2.0/12 MB | 3.5/3.6 MB | 0.9/2.0 MB | 519/993 kB
Progress (5): 343/877 kB | 2.0/12 MB | 3.5/3.6 MB | 0.9/2.0 MB | 536/993 kB
Progress (5): 343/877 kB | 2.0/12 MB | 3.6/3.6 MB | 0.9/2.0 MB | 536/993 kB
Progress (5): 343/877 kB | 2.0/12 MB | 3.6/3.6 MB | 0.9/2.0 MB | 536/993 kB
Progress (5): 343/877 kB | 2.0/12 MB | 3.6/3.6 MB | 0.9/2.0 MB | 552/993 kB
Progress (5): 343/877 kB | 2.0/12 MB | 3.6/3.6 MB | 0.9/2.0 MB | 552/993 kB
Progress (5): 343/877 kB | 2.0/12 MB | 3.6/3.6 MB | 0.9/2.0 MB | 552/993 kB
Progress (5): 343/877 kB | 2.0/12 MB | 3.6/3.6 MB | 0.9/2.0 MB | 552/993 kB
Progress (5): 343/877 kB | 2.0/12 MB | 3.6/3.6 MB | 0.9/2.0 MB | 569/993 kB
Progress (5): 343/877 kB | 2.0/12 MB | 3.6/3.6 MB | 0.9/2.0 MB | 569/993 kB
Progress (5): 343/877 kB | 2.0/12 MB | 3.6/3.6 MB | 0.9/2.0 MB | 569/993 kB
Progress (5): 343/877 kB | 2.0/12 MB | 3.6 MB | 0.9/2.0 MB | 569/993 kB    
Progress (5): 343/877 kB | 2.0/12 MB | 3.6 MB | 0.9/2.0 MB | 585/993 kB
Progress (5): 343/877 kB | 2.0/12 MB | 3.6 MB | 0.9/2.0 MB | 585/993 kB
Progress (5): 343/877 kB | 2.0/12 MB | 3.6 MB | 0.9/2.0 MB | 585/993 kB
Progress (5): 343/877 kB | 2.0/12 MB | 3.6 MB | 0.9/2.0 MB | 601/993 kB
Progress (5): 343/877 kB | 2.0/12 MB | 3.6 MB | 1.0/2.0 MB | 601/993 kB
Progress (5): 343/877 kB | 2.0/12 MB | 3.6 MB | 1.0/2.0 MB | 601/993 kB
Progress (5): 343/877 kB | 2.0/12 MB | 3.6 MB | 1.0/2.0 MB | 618/993 kB
Progress (5): 343/877 kB | 2.0/12 MB | 3.6 MB | 1.0/2.0 MB | 618/993 kB
                                                                       
Downloaded from central: https://repo.maven.apache.org/maven2/org/apache/tomcat/embed/tomcat-embed-core/10.1.34/tomcat-embed-core-10.1.34.jar (3.6 MB at 899 kB/s)
Downloading from central: https://repo.maven.apache.org/maven2/org/springframework/boot/spring-boot-devtools/3.4.2/spring-boot-devtools-3.4.2.jar
Progress (4): 343/877 kB | 2.0/12 MB | 1.0/2.0 MB | 618/993 kB
Progress (4): 343/877 kB | 2.0/12 MB | 1.0/2.0 MB | 634/993 kB
Progress (4): 343/877 kB | 2.0/12 MB | 1.0/2.0 MB | 634/993 kB
Progress (4): 360/877 kB | 2.0/12 MB | 1.0/2.0 MB | 634/993 kB
Progress (4): 360/877 kB | 2.0/12 MB | 1.0/2.0 MB | 651/993 kB
Progress (4): 360/877 kB | 2.0/12 MB | 1.0/2.0 MB | 651/993 kB
Progress (4): 360/877 kB | 2.0/12 MB | 1.0/2.0 MB | 667/993 kB
Progress (4): 360/877 kB | 2.0/12 MB | 1.1/2.0 MB | 667/993 kB
Progress (4): 360/877 kB | 2.0/12 MB | 1.1/2.0 MB | 667/993 kB
Progress (4): 360/877 kB | 2.0/12 MB | 1.1/2.0 MB | 683/993 kB
Progress (4): 360/877 kB | 2.0/12 MB | 1.1/2.0 MB | 683/993 kB
Progress (4): 360/877 kB | 2.0/12 MB | 1.1/2.0 MB | 683/993 kB
Progress (4): 360/877 kB | 2.0/12 MB | 1.1/2.0 MB | 700/993 kB
Progress (4): 360/877 kB | 2.0/12 MB | 1.1/2.0 MB | 700/993 kB
Progress (4): 360/877 kB | 2.0/12 MB | 1.1/2.0 MB | 700/993 kB
Progress (4): 360/877 kB | 2.0/12 MB | 1.1/2.0 MB | 716/993 kB
Progress (4): 360/877 kB | 2.0/12 MB | 1.1/2.0 MB | 732/993 kB
Progress (4): 360/877 kB | 2.0/12 MB | 1.1/2.0 MB | 732/993 kB
Progress (4): 360/877 kB | 2.0/12 MB | 1.2/2.0 MB | 732/993 kB
Progress (4): 360/877 kB | 2.0/12 MB | 1.2/2.0 MB | 749/993 kB
Progress (4): 360/877 kB | 2.0/12 MB | 1.2/2.0 MB | 749/993 kB
Progress (4): 360/877 kB | 2.0/12 MB | 1.2/2.0 MB | 749/993 kB
Progress (4): 360/877 kB | 2.0/12 MB | 1.2/2.0 MB | 765/993 kB
Progress (4): 360/877 kB | 2.0/12 MB | 1.2/2.0 MB | 765/993 kB
Progress (4): 360/877 kB | 2.0/12 MB | 1.2/2.0 MB | 765/993 kB
Progress (4): 360/877 kB | 2.0/12 MB | 1.2/2.0 MB | 782/993 kB
Progress (4): 360/877 kB | 2.0/12 MB | 1.2/2.0 MB | 782/993 kB
Progress (4): 360/877 kB | 2.0/12 MB | 1.2/2.0 MB | 782/993 kB
Progress (4): 360/877 kB | 2.0/12 MB | 1.2/2.0 MB | 798/993 kB
Progress (4): 360/877 kB | 2.0/12 MB | 1.2/2.0 MB | 814/993 kB
Progress (4): 360/877 kB | 2.0/12 MB | 1.3/2.0 MB | 814/993 kB
Progress (4): 360/877 kB | 2.0/12 MB | 1.3/2.0 MB | 831/993 kB
Progress (4): 360/877 kB | 2.0/12 MB | 1.3/2.0 MB | 831/993 kB
Progress (4): 360/877 kB | 2.0/12 MB | 1.3/2.0 MB | 847/993 kB
Progress (4): 360/877 kB | 2.0/12 MB | 1.3/2.0 MB | 847/993 kB
Progress (4): 360/877 kB | 2.0/12 MB | 1.3/2.0 MB | 847/993 kB
Progress (4): 360/877 kB | 2.0/12 MB | 1.3/2.0 MB | 847/993 kB
Progress (5): 360/877 kB | 2.0/12 MB | 1.3/2.0 MB | 847/993 kB | 7.7/203 kB
Progress (5): 360/877 kB | 2.0/12 MB | 1.3/2.0 MB | 847/993 kB | 16/203 kB 
Progress (5): 360/877 kB | 2.0/12 MB | 1.3/2.0 MB | 847/993 kB | 32/203 kB
Progress (5): 360/877 kB | 2.0/12 MB | 1.3/2.0 MB | 864/993 kB | 32/203 kB
Progress (5): 360/877 kB | 2.0/12 MB | 1.3/2.0 MB | 864/993 kB | 49/203 kB
Progress (5): 360/877 kB | 2.0/12 MB | 1.3/2.0 MB | 864/993 kB | 49/203 kB
Progress (5): 360/877 kB | 2.0/12 MB | 1.3/2.0 MB | 880/993 kB | 49/203 kB
Progress (5): 360/877 kB | 2.0/12 MB | 1.4/2.0 MB | 880/993 kB | 49/203 kB
Progress (5): 360/877 kB | 2.0/12 MB | 1.4/2.0 MB | 880/993 kB | 65/203 kB
Progress (5): 360/877 kB | 2.0/12 MB | 1.4/2.0 MB | 880/993 kB | 65/203 kB
Progress (5): 360/877 kB | 2.0/12 MB | 1.4/2.0 MB | 896/993 kB | 65/203 kB
Progress (5): 360/877 kB | 2.0/12 MB | 1.4/2.0 MB | 896/993 kB | 65/203 kB
Progress (5): 360/877 kB | 2.0/12 MB | 1.4/2.0 MB | 896/993 kB | 65/203 kB
Progress (5): 360/877 kB | 2.0/12 MB | 1.4/2.0 MB | 896/993 kB | 81/203 kB
Progress (5): 360/877 kB | 2.0/12 MB | 1.4/2.0 MB | 896/993 kB | 81/203 kB
Progress (5): 360/877 kB | 2.0/12 MB | 1.4/2.0 MB | 896/993 kB | 98/203 kB
Progress (5): 360/877 kB | 2.0/12 MB | 1.4/2.0 MB | 913/993 kB | 98/203 kB
Progress (5): 360/877 kB | 2.0/12 MB | 1.4/2.0 MB | 913/993 kB | 98/203 kB
Progress (5): 376/877 kB | 2.0/12 MB | 1.4/2.0 MB | 913/993 kB | 98/203 kB
Progress (5): 376/877 kB | 2.0/12 MB | 1.4/2.0 MB | 913/993 kB | 114/203 kB
Progress (5): 376/877 kB | 2.0/12 MB | 1.4/2.0 MB | 929/993 kB | 114/203 kB
Progress (5): 376/877 kB | 2.0/12 MB | 1.4/2.0 MB | 929/993 kB | 114/203 kB
Progress (5): 376/877 kB | 2.0/12 MB | 1.5/2.0 MB | 929/993 kB | 114/203 kB
Progress (5): 376/877 kB | 2.0/12 MB | 1.5/2.0 MB | 929/993 kB | 131/203 kB
Progress (5): 376/877 kB | 2.0/12 MB | 1.5/2.0 MB | 945/993 kB | 131/203 kB
Progress (5): 376/877 kB | 2.0/12 MB | 1.5/2.0 MB | 945/993 kB | 147/203 kB
Progress (5): 376/877 kB | 2.0/12 MB | 1.5/2.0 MB | 962/993 kB | 147/203 kB
Progress (5): 376/877 kB | 2.0/12 MB | 1.5/2.0 MB | 962/993 kB | 147/203 kB
Progress (5): 376/877 kB | 2.0/12 MB | 1.5/2.0 MB | 978/993 kB | 147/203 kB
Progress (5): 376/877 kB | 2.0/12 MB | 1.5/2.0 MB | 978/993 kB | 147/203 kB
Progress (5): 376/877 kB | 2.0/12 MB | 1.5/2.0 MB | 978/993 kB | 163/203 kB
Progress (5): 376/877 kB | 2.0/12 MB | 1.5/2.0 MB | 978/993 kB | 180/203 kB
Progress (5): 376/877 kB | 2.0/12 MB | 1.5/2.0 MB | 978/993 kB | 180/203 kB
Progress (5): 376/877 kB | 2.1/12 MB | 1.5/2.0 MB | 978/993 kB | 180/203 kB
Progress (5): 376/877 kB | 2.1/12 MB | 1.5/2.0 MB | 978/993 kB | 180/203 kB
Progress (5): 376/877 kB | 2.1/12 MB | 1.5/2.0 MB | 993 kB | 180/203 kB    
Progress (5): 376/877 kB | 2.1/12 MB | 1.5/2.0 MB | 993 kB | 180/203 kB
Progress (5): 376/877 kB | 2.1/12 MB | 1.5/2.0 MB | 993 kB | 196/203 kB
                                                                       
Downloaded from central: https://repo.maven.apache.org/maven2/org/springframework/security/spring-security-web/6.4.2/spring-security-web-6.4.2.jar (993 kB at 241 kB/s)
Downloading from central: https://repo.maven.apache.org/maven2/org/springframework/boot/spring-boot/3.4.2/spring-boot-3.4.2.jar
Progress (4): 376/877 kB | 2.1/12 MB | 1.6/2.0 MB | 196/203 kB
Progress (4): 376/877 kB | 2.1/12 MB | 1.6/2.0 MB | 203 kB    
Progress (4): 376/877 kB | 2.1/12 MB | 1.6/2.0 MB | 203 kB
Progress (4): 376/877 kB | 2.1/12 MB | 1.6/2.0 MB | 203 kB
Progress (4): 376/877 kB | 2.1/12 MB | 1.6/2.0 MB | 203 kB
Progress (4): 376/877 kB | 2.1/12 MB | 1.6/2.0 MB | 203 kB
                                                          
Downloaded from central: https://repo.maven.apache.org/maven2/org/springframework/boot/spring-boot-devtools/3.4.2/spring-boot-devtools-3.4.2.jar (203 kB at 49 kB/s)
Downloading from central: https://repo.maven.apache.org/maven2/org/springframework/boot/spring-boot-autoconfigure/3.4.2/spring-boot-autoconfigure-3.4.2.jar
Progress (3): 376/877 kB | 2.1/12 MB | 1.6/2.0 MB
Progress (3): 376/877 kB | 2.1/12 MB | 1.6/2.0 MB
Progress (3): 376/877 kB | 2.1/12 MB | 1.7/2.0 MB
Progress (3): 376/877 kB | 2.1/12 MB | 1.7/2.0 MB
Progress (3): 376/877 kB | 2.1/12 MB | 1.7/2.0 MB
Progress (3): 376/877 kB | 2.1/12 MB | 1.7/2.0 MB
Progress (3): 376/877 kB | 2.1/12 MB | 1.7/2.0 MB
Progress (3): 376/877 kB | 2.1/12 MB | 1.7/2.0 MB
Progress (3): 376/877 kB | 2.1/12 MB | 1.8/2.0 MB
Progress (3): 376/877 kB | 2.1/12 MB | 1.8/2.0 MB
Progress (3): 376/877 kB | 2.1/12 MB | 1.8/2.0 MB
Progress (3): 376/877 kB | 2.1/12 MB | 1.8/2.0 MB
Progress (3): 376/877 kB | 2.1/12 MB | 1.8/2.0 MB
Progress (3): 376/877 kB | 2.1/12 MB | 1.8/2.0 MB
Progress (3): 376/877 kB | 2.1/12 MB | 1.8/2.0 MB
Progress (3): 376/877 kB | 2.1/12 MB | 1.9/2.0 MB
Progress (3): 376/877 kB | 2.1/12 MB | 1.9/2.0 MB
Progress (3): 376/877 kB | 2.1/12 MB | 1.9/2.0 MB
Progress (3): 392/877 kB | 2.1/12 MB | 1.9/2.0 MB
Progress (3): 392/877 kB | 2.1/12 MB | 1.9/2.0 MB
Progress (3): 392/877 kB | 2.1/12 MB | 1.9/2.0 MB
Progress (4): 392/877 kB | 2.1/12 MB | 1.9/2.0 MB | 0/1.8 MB
Progress (4): 392/877 kB | 2.1/12 MB | 1.9/2.0 MB | 0/1.8 MB
Progress (4): 392/877 kB | 2.1/12 MB | 1.9/2.0 MB | 0/1.8 MB
Progress (4): 392/877 kB | 2.1/12 MB | 1.9/2.0 MB | 0/1.8 MB
Progress (4): 392/877 kB | 2.1/12 MB | 1.9/2.0 MB | 0/1.8 MB
Progress (4): 392/877 kB | 2.1/12 MB | 2.0/2.0 MB | 0/1.8 MB
Progress (4): 392/877 kB | 2.1/12 MB | 2.0/2.0 MB | 0/1.8 MB
Progress (4): 392/877 kB | 2.1/12 MB | 2.0/2.0 MB | 0/1.8 MB
Progress (4): 392/877 kB | 2.1/12 MB | 2.0/2.0 MB | 0.1/1.8 MB
Progress (4): 392/877 kB | 2.1/12 MB | 2.0/2.0 MB | 0.1/1.8 MB
Progress (4): 392/877 kB | 2.1/12 MB | 2.0/2.0 MB | 0.1/1.8 MB
Progress (4): 392/877 kB | 2.1/12 MB | 2.0/2.0 MB | 0.1/1.8 MB
Progress (4): 392/877 kB | 2.1/12 MB | 2.0 MB | 0.1/1.8 MB    
Progress (4): 392/877 kB | 2.1/12 MB | 2.0 MB | 0.1/1.8 MB
Progress (5): 392/877 kB | 2.1/12 MB | 2.0 MB | 0.1/1.8 MB | 0/2.0 MB
Progress (5): 392/877 kB | 2.1/12 MB | 2.0 MB | 0.1/1.8 MB | 0/2.0 MB
Progress (5): 392/877 kB | 2.1/12 MB | 2.0 MB | 0.1/1.8 MB | 0/2.0 MB
Progress (5): 392/877 kB | 2.1/12 MB | 2.0 MB | 0.1/1.8 MB | 0/2.0 MB
Progress (5): 392/877 kB | 2.1/12 MB | 2.0 MB | 0.1/1.8 MB | 0/2.0 MB
Progress (5): 392/877 kB | 2.1/12 MB | 2.0 MB | 0.1/1.8 MB | 0/2.0 MB
Progress (5): 392/877 kB | 2.1/12 MB | 2.0 MB | 0.1/1.8 MB | 0/2.0 MB
Progress (5): 392/877 kB | 2.1/12 MB | 2.0 MB | 0.1/1.8 MB | 0.1/2.0 MB
                                                                       
Downloaded from central: https://repo.maven.apache.org/maven2/org/springframework/security/spring-security-config/6.4.2/spring-security-config-6.4.2.jar (2.0 MB at 481 kB/s)
Downloading from central: https://repo.maven.apache.org/maven2/org/postgresql/postgresql/42.7.5/postgresql-42.7.5.jar
Progress (4): 392/877 kB | 2.1/12 MB | 0.1/1.8 MB | 0.1/2.0 MB
Progress (4): 392/877 kB | 2.1/12 MB | 0.1/1.8 MB | 0.1/2.0 MB
Progress (4): 392/877 kB | 2.1/12 MB | 0.1/1.8 MB | 0.1/2.0 MB
Progress (4): 392/877 kB | 2.1/12 MB | 0.2/1.8 MB | 0.1/2.0 MB
Progress (4): 392/877 kB | 2.1/12 MB | 0.2/1.8 MB | 0.1/2.0 MB
Progress (4): 392/877 kB | 2.1/12 MB | 0.2/1.8 MB | 0.1/2.0 MB
Progress (4): 392/877 kB | 2.1/12 MB | 0.2/1.8 MB | 0.1/2.0 MB
Progress (4): 392/877 kB | 2.1/12 MB | 0.2/1.8 MB | 0.1/2.0 MB
Progress (4): 392/877 kB | 2.1/12 MB | 0.2/1.8 MB | 0.1/2.0 MB
Progress (4): 392/877 kB | 2.1/12 MB | 0.2/1.8 MB | 0.1/2.0 MB
Progress (4): 392/877 kB | 2.1/12 MB | 0.2/1.8 MB | 0.1/2.0 MB
Progress (4): 392/877 kB | 2.1/12 MB | 0.2/1.8 MB | 0.1/2.0 MB
Progress (4): 392/877 kB | 2.1/12 MB | 0.2/1.8 MB | 0.1/2.0 MB
Progress (4): 392/877 kB | 2.1/12 MB | 0.2/1.8 MB | 0.1/2.0 MB
Progress (4): 392/877 kB | 2.1/12 MB | 0.2/1.8 MB | 0.2/2.0 MB
Progress (4): 409/877 kB | 2.1/12 MB | 0.2/1.8 MB | 0.2/2.0 MB
Progress (4): 409/877 kB | 2.1/12 MB | 0.2/1.8 MB | 0.2/2.0 MB
Progress (4): 409/877 kB | 2.1/12 MB | 0.2/1.8 MB | 0.2/2.0 MB
Progress (4): 409/877 kB | 2.1/12 MB | 0.2/1.8 MB | 0.2/2.0 MB
Progress (4): 409/877 kB | 2.1/12 MB | 0.2/1.8 MB | 0.2/2.0 MB
Progress (4): 409/877 kB | 2.1/12 MB | 0.3/1.8 MB | 0.2/2.0 MB
Progress (4): 409/877 kB | 2.1/12 MB | 0.3/1.8 MB | 0.2/2.0 MB
Progress (4): 409/877 kB | 2.1/12 MB | 0.3/1.8 MB | 0.2/2.0 MB
Progress (4): 409/877 kB | 2.1/12 MB | 0.3/1.8 MB | 0.2/2.0 MB
Progress (4): 409/877 kB | 2.1/12 MB | 0.3/1.8 MB | 0.2/2.0 MB
Progress (4): 409/877 kB | 2.1/12 MB | 0.3/1.8 MB | 0.3/2.0 MB
Progress (4): 409/877 kB | 2.1/12 MB | 0.3/1.8 MB | 0.3/2.0 MB
Progress (4): 409/877 kB | 2.1/12 MB | 0.3/1.8 MB | 0.3/2.0 MB
Progress (4): 409/877 kB | 2.1/12 MB | 0.3/1.8 MB | 0.3/2.0 MB
Progress (4): 409/877 kB | 2.1/12 MB | 0.3/1.8 MB | 0.3/2.0 MB
Progress (4): 409/877 kB | 2.1/12 MB | 0.3/1.8 MB | 0.3/2.0 MB
Progress (4): 409/877 kB | 2.1/12 MB | 0.3/1.8 MB | 0.3/2.0 MB
Progress (4): 409/877 kB | 2.1/12 MB | 0.3/1.8 MB | 0.3/2.0 MB
Progress (4): 409/877 kB | 2.1/12 MB | 0.4/1.8 MB | 0.3/2.0 MB
Progress (5): 409/877 kB | 2.1/12 MB | 0.4/1.8 MB | 0.3/2.0 MB | 0/1.1 MB
Progress (5): 409/877 kB | 2.1/12 MB | 0.4/1.8 MB | 0.3/2.0 MB | 0/1.1 MB
Progress (5): 409/877 kB | 2.1/12 MB | 0.4/1.8 MB | 0.3/2.0 MB | 0/1.1 MB
Progress (5): 409/877 kB | 2.1/12 MB | 0.4/1.8 MB | 0.3/2.0 MB | 0/1.1 MB
Progress (5): 409/877 kB | 2.1/12 MB | 0.4/1.8 MB | 0.3/2.0 MB | 0/1.1 MB
Progress (5): 409/877 kB | 2.1/12 MB | 0.4/1.8 MB | 0.3/2.0 MB | 0/1.1 MB
Progress (5): 409/877 kB | 2.2/12 MB | 0.4/1.8 MB | 0.3/2.0 MB | 0/1.1 MB
Progress (5): 409/877 kB | 2.2/12 MB | 0.4/1.8 MB | 0.3/2.0 MB | 0/1.1 MB
Progress (5): 409/877 kB | 2.2/12 MB | 0.4/1.8 MB | 0.3/2.0 MB | 0.1/1.1 MB
Progress (5): 409/877 kB | 2.2/12 MB | 0.4/1.8 MB | 0.3/2.0 MB | 0.1/1.1 MB
Progress (5): 409/877 kB | 2.2/12 MB | 0.4/1.8 MB | 0.3/2.0 MB | 0.1/1.1 MB
Progress (5): 409/877 kB | 2.2/12 MB | 0.4/1.8 MB | 0.3/2.0 MB | 0.1/1.1 MB
Progress (5): 409/877 kB | 2.2/12 MB | 0.4/1.8 MB | 0.3/2.0 MB | 0.1/1.1 MB
Progress (5): 409/877 kB | 2.2/12 MB | 0.4/1.8 MB | 0.4/2.0 MB | 0.1/1.1 MB
Progress (5): 409/877 kB | 2.2/12 MB | 0.4/1.8 MB | 0.4/2.0 MB | 0.1/1.1 MB
Progress (5): 409/877 kB | 2.2/12 MB | 0.4/1.8 MB | 0.4/2.0 MB | 0.1/1.1 MB
Progress (5): 409/877 kB | 2.2/12 MB | 0.4/1.8 MB | 0.4/2.0 MB | 0.1/1.1 MB
Progress (5): 409/877 kB | 2.2/12 MB | 0.4/1.8 MB | 0.4/2.0 MB | 0.1/1.1 MB
Progress (5): 409/877 kB | 2.2/12 MB | 0.4/1.8 MB | 0.4/2.0 MB | 0.1/1.1 MB
Progress (5): 409/877 kB | 2.2/12 MB | 0.4/1.8 MB | 0.4/2.0 MB | 0.1/1.1 MB
Progress (5): 409/877 kB | 2.2/12 MB | 0.4/1.8 MB | 0.4/2.0 MB | 0.2/1.1 MB
Progress (5): 409/877 kB | 2.2/12 MB | 0.4/1.8 MB | 0.4/2.0 MB | 0.2/1.1 MB
Progress (5): 409/877 kB | 2.2/12 MB | 0.4/1.8 MB | 0.4/2.0 MB | 0.2/1.1 MB
Progress (5): 409/877 kB | 2.2/12 MB | 0.4/1.8 MB | 0.4/2.0 MB | 0.2/1.1 MB
Progress (5): 409/877 kB | 2.2/12 MB | 0.5/1.8 MB | 0.4/2.0 MB | 0.2/1.1 MB
Progress (5): 409/877 kB | 2.2/12 MB | 0.5/1.8 MB | 0.4/2.0 MB | 0.2/1.1 MB
Progress (5): 409/877 kB | 2.2/12 MB | 0.5/1.8 MB | 0.4/2.0 MB | 0.2/1.1 MB
Progress (5): 409/877 kB | 2.2/12 MB | 0.5/1.8 MB | 0.4/2.0 MB | 0.2/1.1 MB
Progress (5): 409/877 kB | 2.2/12 MB | 0.5/1.8 MB | 0.4/2.0 MB | 0.2/1.1 MB
Progress (5): 425/877 kB | 2.2/12 MB | 0.5/1.8 MB | 0.4/2.0 MB | 0.2/1.1 MB
Progress (5): 425/877 kB | 2.2/12 MB | 0.5/1.8 MB | 0.4/2.0 MB | 0.2/1.1 MB
Progress (5): 425/877 kB | 2.2/12 MB | 0.5/1.8 MB | 0.4/2.0 MB | 0.2/1.1 MB
Progress (5): 425/877 kB | 2.2/12 MB | 0.5/1.8 MB | 0.4/2.0 MB | 0.2/1.1 MB
Progress (5): 425/877 kB | 2.2/12 MB | 0.5/1.8 MB | 0.4/2.0 MB | 0.2/1.1 MB
Progress (5): 425/877 kB | 2.2/12 MB | 0.5/1.8 MB | 0.4/2.0 MB | 0.3/1.1 MB
Progress (5): 425/877 kB | 2.2/12 MB | 0.5/1.8 MB | 0.4/2.0 MB | 0.3/1.1 MB
Progress (5): 425/877 kB | 2.2/12 MB | 0.5/1.8 MB | 0.4/2.0 MB | 0.3/1.1 MB
Progress (5): 425/877 kB | 2.2/12 MB | 0.5/1.8 MB | 0.4/2.0 MB | 0.3/1.1 MB
Progress (5): 425/877 kB | 2.2/12 MB | 0.5/1.8 MB | 0.4/2.0 MB | 0.3/1.1 MB
Progress (5): 425/877 kB | 2.2/12 MB | 0.5/1.8 MB | 0.4/2.0 MB | 0.3/1.1 MB
Progress (5): 425/877 kB | 2.2/12 MB | 0.5/1.8 MB | 0.5/2.0 MB | 0.3/1.1 MB
Progress (5): 425/877 kB | 2.2/12 MB | 0.5/1.8 MB | 0.5/2.0 MB | 0.3/1.1 MB
Progress (5): 425/877 kB | 2.2/12 MB | 0.5/1.8 MB | 0.5/2.0 MB | 0.3/1.1 MB
Progress (5): 425/877 kB | 2.2/12 MB | 0.5/1.8 MB | 0.5/2.0 MB | 0.3/1.1 MB
Progress (5): 425/877 kB | 2.2/12 MB | 0.5/1.8 MB | 0.5/2.0 MB | 0.3/1.1 MB
Progress (5): 425/877 kB | 2.2/12 MB | 0.5/1.8 MB | 0.5/2.0 MB | 0.3/1.1 MB
Progress (5): 425/877 kB | 2.2/12 MB | 0.5/1.8 MB | 0.5/2.0 MB | 0.4/1.1 MB
Progress (5): 425/877 kB | 2.2/12 MB | 0.5/1.8 MB | 0.5/2.0 MB | 0.4/1.1 MB
Progress (5): 425/877 kB | 2.2/12 MB | 0.5/1.8 MB | 0.5/2.0 MB | 0.4/1.1 MB
Progress (5): 425/877 kB | 2.2/12 MB | 0.5/1.8 MB | 0.5/2.0 MB | 0.4/1.1 MB
Progress (5): 425/877 kB | 2.2/12 MB | 0.6/1.8 MB | 0.5/2.0 MB | 0.4/1.1 MB
Progress (5): 425/877 kB | 2.2/12 MB | 0.6/1.8 MB | 0.5/2.0 MB | 0.4/1.1 MB
Progress (5): 425/877 kB | 2.2/12 MB | 0.6/1.8 MB | 0.5/2.0 MB | 0.4/1.1 MB
Progress (5): 425/877 kB | 2.2/12 MB | 0.6/1.8 MB | 0.5/2.0 MB | 0.4/1.1 MB
Progress (5): 425/877 kB | 2.2/12 MB | 0.6/1.8 MB | 0.5/2.0 MB | 0.4/1.1 MB
Progress (5): 425/877 kB | 2.2/12 MB | 0.6/1.8 MB | 0.5/2.0 MB | 0.4/1.1 MB
Progress (5): 425/877 kB | 2.2/12 MB | 0.6/1.8 MB | 0.5/2.0 MB | 0.4/1.1 MB
Progress (5): 425/877 kB | 2.2/12 MB | 0.6/1.8 MB | 0.5/2.0 MB | 0.4/1.1 MB
Progress (5): 425/877 kB | 2.2/12 MB | 0.6/1.8 MB | 0.5/2.0 MB | 0.4/1.1 MB
Progress (5): 425/877 kB | 2.2/12 MB | 0.6/1.8 MB | 0.6/2.0 MB | 0.4/1.1 MB
Progress (5): 425/877 kB | 2.2/12 MB | 0.6/1.8 MB | 0.6/2.0 MB | 0.4/1.1 MB
Progress (5): 425/877 kB | 2.2/12 MB | 0.6/1.8 MB | 0.6/2.0 MB | 0.4/1.1 MB
Progress (5): 425/877 kB | 2.2/12 MB | 0.6/1.8 MB | 0.6/2.0 MB | 0.4/1.1 MB
Progress (5): 425/877 kB | 2.2/12 MB | 0.6/1.8 MB | 0.6/2.0 MB | 0.4/1.1 MB
Progress (5): 425/877 kB | 2.2/12 MB | 0.6/1.8 MB | 0.6/2.0 MB | 0.5/1.1 MB
Progress (5): 425/877 kB | 2.2/12 MB | 0.6/1.8 MB | 0.6/2.0 MB | 0.5/1.1 MB
Progress (5): 425/877 kB | 2.2/12 MB | 0.6/1.8 MB | 0.6/2.0 MB | 0.5/1.1 MB
Progress (5): 425/877 kB | 2.2/12 MB | 0.6/1.8 MB | 0.6/2.0 MB | 0.5/1.1 MB
Progress (5): 425/877 kB | 2.2/12 MB | 0.6/1.8 MB | 0.6/2.0 MB | 0.5/1.1 MB
Progress (5): 425/877 kB | 2.2/12 MB | 0.6/1.8 MB | 0.6/2.0 MB | 0.5/1.1 MB
Progress (5): 425/877 kB | 2.2/12 MB | 0.6/1.8 MB | 0.6/2.0 MB | 0.5/1.1 MB
Progress (5): 425/877 kB | 2.2/12 MB | 0.7/1.8 MB | 0.6/2.0 MB | 0.5/1.1 MB
Progress (5): 425/877 kB | 2.2/12 MB | 0.7/1.8 MB | 0.6/2.0 MB | 0.5/1.1 MB
Progress (5): 425/877 kB | 2.2/12 MB | 0.7/1.8 MB | 0.6/2.0 MB | 0.5/1.1 MB
Progress (5): 425/877 kB | 2.2/12 MB | 0.7/1.8 MB | 0.6/2.0 MB | 0.5/1.1 MB
Progress (5): 425/877 kB | 2.2/12 MB | 0.7/1.8 MB | 0.6/2.0 MB | 0.5/1.1 MB
Progress (5): 425/877 kB | 2.2/12 MB | 0.7/1.8 MB | 0.6/2.0 MB | 0.5/1.1 MB
Progress (5): 442/877 kB | 2.2/12 MB | 0.7/1.8 MB | 0.6/2.0 MB | 0.5/1.1 MB
Progress (5): 442/877 kB | 2.2/12 MB | 0.7/1.8 MB | 0.6/2.0 MB | 0.5/1.1 MB
Progress (5): 442/877 kB | 2.2/12 MB | 0.7/1.8 MB | 0.6/2.0 MB | 0.6/1.1 MB
Progress (5): 442/877 kB | 2.2/12 MB | 0.7/1.8 MB | 0.6/2.0 MB | 0.6/1.1 MB
Progress (5): 442/877 kB | 2.2/12 MB | 0.7/1.8 MB | 0.6/2.0 MB | 0.6/1.1 MB
Progress (5): 442/877 kB | 2.2/12 MB | 0.7/1.8 MB | 0.6/2.0 MB | 0.6/1.1 MB
Progress (5): 442/877 kB | 2.2/12 MB | 0.7/1.8 MB | 0.7/2.0 MB | 0.6/1.1 MB
Progress (5): 442/877 kB | 2.2/12 MB | 0.7/1.8 MB | 0.7/2.0 MB | 0.6/1.1 MB
Progress (5): 442/877 kB | 2.2/12 MB | 0.7/1.8 MB | 0.7/2.0 MB | 0.6/1.1 MB
Progress (5): 442/877 kB | 2.2/12 MB | 0.7/1.8 MB | 0.7/2.0 MB | 0.6/1.1 MB
Progress (5): 442/877 kB | 2.2/12 MB | 0.7/1.8 MB | 0.7/2.0 MB | 0.6/1.1 MB
Progress (5): 442/877 kB | 2.2/12 MB | 0.7/1.8 MB | 0.7/2.0 MB | 0.6/1.1 MB
Progress (5): 442/877 kB | 2.2/12 MB | 0.7/1.8 MB | 0.7/2.0 MB | 0.6/1.1 MB
Progress (5): 442/877 kB | 2.2/12 MB | 0.7/1.8 MB | 0.7/2.0 MB | 0.7/1.1 MB
Progress (5): 442/877 kB | 2.2/12 MB | 0.7/1.8 MB | 0.7/2.0 MB | 0.7/1.1 MB
Progress (5): 442/877 kB | 2.2/12 MB | 0.7/1.8 MB | 0.7/2.0 MB | 0.7/1.1 MB
Progress (5): 442/877 kB | 2.2/12 MB | 0.7/1.8 MB | 0.7/2.0 MB | 0.7/1.1 MB
Progress (5): 442/877 kB | 2.2/12 MB | 0.7/1.8 MB | 0.7/2.0 MB | 0.7/1.1 MB
Progress (5): 442/877 kB | 2.2/12 MB | 0.7/1.8 MB | 0.7/2.0 MB | 0.7/1.1 MB
Progress (5): 442/877 kB | 2.2/12 MB | 0.7/1.8 MB | 0.7/2.0 MB | 0.7/1.1 MB
Progress (5): 442/877 kB | 2.2/12 MB | 0.8/1.8 MB | 0.7/2.0 MB | 0.7/1.1 MB
Progress (5): 442/877 kB | 2.2/12 MB | 0.8/1.8 MB | 0.7/2.0 MB | 0.7/1.1 MB
Progress (5): 442/877 kB | 2.2/12 MB | 0.8/1.8 MB | 0.7/2.0 MB | 0.7/1.1 MB
Progress (5): 442/877 kB | 2.2/12 MB | 0.8/1.8 MB | 0.7/2.0 MB | 0.7/1.1 MB
Progress (5): 442/877 kB | 2.2/12 MB | 0.8/1.8 MB | 0.7/2.0 MB | 0.7/1.1 MB
Progress (5): 442/877 kB | 2.2/12 MB | 0.8/1.8 MB | 0.7/2.0 MB | 0.7/1.1 MB
Progress (5): 442/877 kB | 2.2/12 MB | 0.8/1.8 MB | 0.7/2.0 MB | 0.7/1.1 MB
Progress (5): 442/877 kB | 2.2/12 MB | 0.8/1.8 MB | 0.7/2.0 MB | 0.7/1.1 MB
Progress (5): 442/877 kB | 2.2/12 MB | 0.8/1.8 MB | 0.7/2.0 MB | 0.7/1.1 MB
Progress (5): 442/877 kB | 2.2/12 MB | 0.8/1.8 MB | 0.7/2.0 MB | 0.7/1.1 MB
Progress (5): 442/877 kB | 2.2/12 MB | 0.8/1.8 MB | 0.7/2.0 MB | 0.7/1.1 MB
Progress (5): 458/877 kB | 2.2/12 MB | 0.8/1.8 MB | 0.7/2.0 MB | 0.7/1.1 MB
Progress (5): 458/877 kB | 2.2/12 MB | 0.8/1.8 MB | 0.8/2.0 MB | 0.7/1.1 MB
Progress (5): 458/877 kB | 2.2/12 MB | 0.8/1.8 MB | 0.8/2.0 MB | 0.7/1.1 MB
Progress (5): 458/877 kB | 2.2/12 MB | 0.8/1.8 MB | 0.8/2.0 MB | 0.7/1.1 MB
Progress (5): 458/877 kB | 2.2/12 MB | 0.8/1.8 MB | 0.8/2.0 MB | 0.8/1.1 MB
Progress (5): 458/877 kB | 2.2/12 MB | 0.8/1.8 MB | 0.8/2.0 MB | 0.8/1.1 MB
Progress (5): 458/877 kB | 2.2/12 MB | 0.8/1.8 MB | 0.8/2.0 MB | 0.8/1.1 MB
Progress (5): 458/877 kB | 2.2/12 MB | 0.8/1.8 MB | 0.8/2.0 MB | 0.8/1.1 MB
Progress (5): 458/877 kB | 2.2/12 MB | 0.9/1.8 MB | 0.8/2.0 MB | 0.8/1.1 MB
Progress (5): 458/877 kB | 2.2/12 MB | 0.9/1.8 MB | 0.8/2.0 MB | 0.8/1.1 MB
Progress (5): 458/877 kB | 2.2/12 MB | 0.9/1.8 MB | 0.8/2.0 MB | 0.8/1.1 MB
Progress (5): 458/877 kB | 2.2/12 MB | 0.9/1.8 MB | 0.8/2.0 MB | 0.8/1.1 MB
Progress (5): 458/877 kB | 2.2/12 MB | 0.9/1.8 MB | 0.8/2.0 MB | 0.8/1.1 MB
Progress (5): 458/877 kB | 2.2/12 MB | 0.9/1.8 MB | 0.8/2.0 MB | 0.8/1.1 MB
Progress (5): 458/877 kB | 2.2/12 MB | 0.9/1.8 MB | 0.8/2.0 MB | 0.8/1.1 MB
Progress (5): 458/877 kB | 2.2/12 MB | 0.9/1.8 MB | 0.9/2.0 MB | 0.8/1.1 MB
Progress (5): 458/877 kB | 2.2/12 MB | 0.9/1.8 MB | 0.9/2.0 MB | 0.8/1.1 MB
Progress (5): 458/877 kB | 2.2/12 MB | 0.9/1.8 MB | 0.9/2.0 MB | 0.8/1.1 MB
Progress (5): 458/877 kB | 2.2/12 MB | 0.9/1.8 MB | 0.9/2.0 MB | 0.8/1.1 MB
Progress (5): 458/877 kB | 2.2/12 MB | 1.0/1.8 MB | 0.9/2.0 MB | 0.8/1.1 MB
Progress (5): 458/877 kB | 2.2/12 MB | 1.0/1.8 MB | 0.9/2.0 MB | 0.8/1.1 MB
Progress (5): 458/877 kB | 2.2/12 MB | 1.0/1.8 MB | 0.9/2.0 MB | 0.8/1.1 MB
Progress (5): 458/877 kB | 2.2/12 MB | 1.0/1.8 MB | 0.9/2.0 MB | 0.8/1.1 MB
Progress (5): 458/877 kB | 2.2/12 MB | 1.0/1.8 MB | 0.9/2.0 MB | 0.8/1.1 MB
Progress (5): 458/877 kB | 2.2/12 MB | 1.0/1.8 MB | 0.9/2.0 MB | 0.8/1.1 MB
Progress (5): 458/877 kB | 2.2/12 MB | 1.0/1.8 MB | 0.9/2.0 MB | 0.8/1.1 MB
Progress (5): 458/877 kB | 2.3/12 MB | 1.0/1.8 MB | 0.9/2.0 MB | 0.8/1.1 MB
Progress (5): 458/877 kB | 2.3/12 MB | 1.0/1.8 MB | 0.9/2.0 MB | 0.8/1.1 MB
Progress (5): 458/877 kB | 2.3/12 MB | 1.0/1.8 MB | 0.9/2.0 MB | 0.8/1.1 MB
Progress (5): 458/877 kB | 2.3/12 MB | 1.0/1.8 MB | 0.9/2.0 MB | 0.8/1.1 MB
Progress (5): 458/877 kB | 2.3/12 MB | 1.0/1.8 MB | 0.9/2.0 MB | 0.9/1.1 MB
Progress (5): 458/877 kB | 2.3/12 MB | 1.0/1.8 MB | 0.9/2.0 MB | 0.9/1.1 MB
Progress (5): 458/877 kB | 2.3/12 MB | 1.0/1.8 MB | 0.9/2.0 MB | 0.9/1.1 MB
Progress (5): 458/877 kB | 2.3/12 MB | 1.0/1.8 MB | 0.9/2.0 MB | 0.9/1.1 MB
Progress (5): 458/877 kB | 2.3/12 MB | 1.0/1.8 MB | 0.9/2.0 MB | 0.9/1.1 MB
Progress (5): 458/877 kB | 2.3/12 MB | 1.0/1.8 MB | 0.9/2.0 MB | 0.9/1.1 MB
Progress (5): 458/877 kB | 2.3/12 MB | 1.0/1.8 MB | 0.9/2.0 MB | 1.0/1.1 MB
Progress (5): 458/877 kB | 2.3/12 MB | 1.0/1.8 MB | 0.9/2.0 MB | 1.0/1.1 MB
Progress (5): 458/877 kB | 2.3/12 MB | 1.0/1.8 MB | 0.9/2.0 MB | 1.0/1.1 MB
Progress (5): 458/877 kB | 2.3/12 MB | 1.0/1.8 MB | 0.9/2.0 MB | 1.0/1.1 MB
Progress (5): 458/877 kB | 2.3/12 MB | 1.0/1.8 MB | 0.9/2.0 MB | 1.0/1.1 MB
Progress (5): 458/877 kB | 2.3/12 MB | 1.0/1.8 MB | 0.9/2.0 MB | 1.0/1.1 MB
Progress (5): 458/877 kB | 2.3/12 MB | 1.0/1.8 MB | 0.9/2.0 MB | 1.1/1.1 MB
Progress (5): 458/877 kB | 2.3/12 MB | 1.0/1.8 MB | 0.9/2.0 MB | 1.1/1.1 MB
Progress (5): 458/877 kB | 2.3/12 MB | 1.0/1.8 MB | 0.9/2.0 MB | 1.1 MB    
Progress (5): 458/877 kB | 2.3/12 MB | 1.0/1.8 MB | 0.9/2.0 MB | 1.1 MB
Progress (5): 458/877 kB | 2.3/12 MB | 1.0/1.8 MB | 0.9/2.0 MB | 1.1 MB
                                                                       
Downloaded from central: https://repo.maven.apache.org/maven2/org/postgresql/postgresql/42.7.5/postgresql-42.7.5.jar (1.1 MB at 244 kB/s)
Downloading from central: https://repo.maven.apache.org/maven2/org/checkerframework/checker-qual/3.48.3/checker-qual-3.48.3.jar
Progress (4): 458/877 kB | 2.3/12 MB | 1.0/1.8 MB | 0.9/2.0 MB
Progress (4): 458/877 kB | 2.3/12 MB | 1.0/1.8 MB | 0.9/2.0 MB
Progress (4): 474/877 kB | 2.3/12 MB | 1.0/1.8 MB | 0.9/2.0 MB
Progress (4): 474/877 kB | 2.3/12 MB | 1.0/1.8 MB | 0.9/2.0 MB
Progress (4): 474/877 kB | 2.3/12 MB | 1.0/1.8 MB | 0.9/2.0 MB
Progress (4): 474/877 kB | 2.3/12 MB | 1.0/1.8 MB | 0.9/2.0 MB
Progress (4): 474/877 kB | 2.3/12 MB | 1.1/1.8 MB | 0.9/2.0 MB
Progress (4): 474/877 kB | 2.3/12 MB | 1.1/1.8 MB | 1.0/2.0 MB
Progress (4): 474/877 kB | 2.3/12 MB | 1.1/1.8 MB | 1.0/2.0 MB
Progress (4): 474/877 kB | 2.3/12 MB | 1.1/1.8 MB | 1.0/2.0 MB
Progress (4): 474/877 kB | 2.3/12 MB | 1.1/1.8 MB | 1.0/2.0 MB
Progress (4): 474/877 kB | 2.3/12 MB | 1.1/1.8 MB | 1.0/2.0 MB
Progress (4): 474/877 kB | 2.3/12 MB | 1.1/1.8 MB | 1.0/2.0 MB
Progress (4): 474/877 kB | 2.3/12 MB | 1.1/1.8 MB | 1.0/2.0 MB
Progress (4): 474/877 kB | 2.3/12 MB | 1.1/1.8 MB | 1.0/2.0 MB
Progress (4): 474/877 kB | 2.3/12 MB | 1.1/1.8 MB | 1.0/2.0 MB
Progress (4): 474/877 kB | 2.3/12 MB | 1.1/1.8 MB | 1.0/2.0 MB
Progress (4): 474/877 kB | 2.3/12 MB | 1.1/1.8 MB | 1.0/2.0 MB
Progress (4): 474/877 kB | 2.3/12 MB | 1.2/1.8 MB | 1.0/2.0 MB
Progress (4): 474/877 kB | 2.3/12 MB | 1.2/1.8 MB | 1.0/2.0 MB
Progress (4): 474/877 kB | 2.3/12 MB | 1.2/1.8 MB | 1.0/2.0 MB
Progress (4): 491/877 kB | 2.3/12 MB | 1.2/1.8 MB | 1.0/2.0 MB
Progress (4): 491/877 kB | 2.3/12 MB | 1.2/1.8 MB | 1.0/2.0 MB
Progress (4): 491/877 kB | 2.3/12 MB | 1.2/1.8 MB | 1.0/2.0 MB
Progress (4): 491/877 kB | 2.3/12 MB | 1.2/1.8 MB | 1.0/2.0 MB
Progress (4): 491/877 kB | 2.3/12 MB | 1.2/1.8 MB | 1.0/2.0 MB
Progress (4): 491/877 kB | 2.3/12 MB | 1.2/1.8 MB | 1.0/2.0 MB
Progress (4): 491/877 kB | 2.3/12 MB | 1.2/1.8 MB | 1.1/2.0 MB
Progress (4): 491/877 kB | 2.3/12 MB | 1.3/1.8 MB | 1.1/2.0 MB
Progress (4): 491/877 kB | 2.3/12 MB | 1.3/1.8 MB | 1.1/2.0 MB
Progress (4): 491/877 kB | 2.3/12 MB | 1.3/1.8 MB | 1.1/2.0 MB
Progress (4): 491/877 kB | 2.3/12 MB | 1.3/1.8 MB | 1.1/2.0 MB
Progress (4): 491/877 kB | 2.3/12 MB | 1.3/1.8 MB | 1.1/2.0 MB
Progress (5): 491/877 kB | 2.3/12 MB | 1.3/1.8 MB | 1.1/2.0 MB | 7.7/239 kB
Progress (5): 491/877 kB | 2.3/12 MB | 1.3/1.8 MB | 1.1/2.0 MB | 16/239 kB 
Progress (5): 491/877 kB | 2.3/12 MB | 1.3/1.8 MB | 1.1/2.0 MB | 32/239 kB
Progress (5): 491/877 kB | 2.3/12 MB | 1.3/1.8 MB | 1.1/2.0 MB | 49/239 kB
Progress (5): 491/877 kB | 2.3/12 MB | 1.3/1.8 MB | 1.1/2.0 MB | 49/239 kB
Progress (5): 491/877 kB | 2.3/12 MB | 1.3/1.8 MB | 1.1/2.0 MB | 49/239 kB
Progress (5): 491/877 kB | 2.3/12 MB | 1.3/1.8 MB | 1.1/2.0 MB | 65/239 kB
Progress (5): 491/877 kB | 2.3/12 MB | 1.3/1.8 MB | 1.2/2.0 MB | 65/239 kB
Progress (5): 491/877 kB | 2.3/12 MB | 1.3/1.8 MB | 1.2/2.0 MB | 65/239 kB
Progress (5): 491/877 kB | 2.3/12 MB | 1.3/1.8 MB | 1.2/2.0 MB | 65/239 kB
Progress (5): 491/877 kB | 2.3/12 MB | 1.3/1.8 MB | 1.2/2.0 MB | 65/239 kB
Progress (5): 491/877 kB | 2.3/12 MB | 1.3/1.8 MB | 1.2/2.0 MB | 65/239 kB
Progress (5): 491/877 kB | 2.3/12 MB | 1.3/1.8 MB | 1.2/2.0 MB | 81/239 kB
Progress (5): 491/877 kB | 2.3/12 MB | 1.3/1.8 MB | 1.2/2.0 MB | 98/239 kB
Progress (5): 491/877 kB | 2.3/12 MB | 1.3/1.8 MB | 1.2/2.0 MB | 98/239 kB
Progress (5): 491/877 kB | 2.3/12 MB | 1.3/1.8 MB | 1.2/2.0 MB | 114/239 kB
Progress (5): 491/877 kB | 2.3/12 MB | 1.3/1.8 MB | 1.2/2.0 MB | 131/239 kB
Progress (5): 491/877 kB | 2.3/12 MB | 1.3/1.8 MB | 1.2/2.0 MB | 131/239 kB
Progress (5): 491/877 kB | 2.3/12 MB | 1.3/1.8 MB | 1.2/2.0 MB | 131/239 kB
Progress (5): 491/877 kB | 2.3/12 MB | 1.3/1.8 MB | 1.2/2.0 MB | 147/239 kB
Progress (5): 491/877 kB | 2.3/12 MB | 1.3/1.8 MB | 1.2/2.0 MB | 147/239 kB
Progress (5): 491/877 kB | 2.3/12 MB | 1.3/1.8 MB | 1.2/2.0 MB | 163/239 kB
Progress (5): 491/877 kB | 2.3/12 MB | 1.3/1.8 MB | 1.2/2.0 MB | 163/239 kB
Progress (5): 491/877 kB | 2.3/12 MB | 1.3/1.8 MB | 1.2/2.0 MB | 163/239 kB
Progress (5): 491/877 kB | 2.3/12 MB | 1.3/1.8 MB | 1.2/2.0 MB | 163/239 kB
Progress (5): 491/877 kB | 2.3/12 MB | 1.3/1.8 MB | 1.2/2.0 MB | 180/239 kB
Progress (5): 491/877 kB | 2.3/12 MB | 1.4/1.8 MB | 1.2/2.0 MB | 180/239 kB
Progress (5): 491/877 kB | 2.3/12 MB | 1.4/1.8 MB | 1.3/2.0 MB | 180/239 kB
Progress (5): 491/877 kB | 2.3/12 MB | 1.4/1.8 MB | 1.3/2.0 MB | 196/239 kB
Progress (5): 491/877 kB | 2.3/12 MB | 1.4/1.8 MB | 1.3/2.0 MB | 196/239 kB
Progress (5): 491/877 kB | 2.3/12 MB | 1.4/1.8 MB | 1.3/2.0 MB | 196/239 kB
Progress (5): 491/877 kB | 2.3/12 MB | 1.4/1.8 MB | 1.3/2.0 MB | 213/239 kB
Progress (5): 491/877 kB | 2.3/12 MB | 1.4/1.8 MB | 1.3/2.0 MB | 229/239 kB
Progress (5): 491/877 kB | 2.3/12 MB | 1.4/1.8 MB | 1.3/2.0 MB | 229/239 kB
Progress (5): 491/877 kB | 2.3/12 MB | 1.4/1.8 MB | 1.3/2.0 MB | 239 kB    
Progress (5): 507/877 kB | 2.3/12 MB | 1.4/1.8 MB | 1.3/2.0 MB | 239 kB
Progress (5): 507/877 kB | 2.3/12 MB | 1.4/1.8 MB | 1.3/2.0 MB | 239 kB
Progress (5): 507/877 kB | 2.3/12 MB | 1.4/1.8 MB | 1.3/2.0 MB | 239 kB
                                                                       
Downloaded from central: https://repo.maven.apache.org/maven2/org/checkerframework/checker-qual/3.48.3/checker-qual-3.48.3.jar (239 kB at 52 kB/s)
Downloading from central: https://repo.maven.apache.org/maven2/org/webjars/webjars-locator-lite/1.0.1/webjars-locator-lite-1.0.1.jar
Progress (4): 507/877 kB | 2.3/12 MB | 1.4/1.8 MB | 1.3/2.0 MB
Progress (4): 507/877 kB | 2.3/12 MB | 1.4/1.8 MB | 1.3/2.0 MB
Progress (4): 507/877 kB | 2.3/12 MB | 1.4/1.8 MB | 1.3/2.0 MB
Progress (4): 507/877 kB | 2.3/12 MB | 1.4/1.8 MB | 1.3/2.0 MB
Progress (4): 507/877 kB | 2.3/12 MB | 1.4/1.8 MB | 1.3/2.0 MB
Progress (4): 507/877 kB | 2.4/12 MB | 1.4/1.8 MB | 1.3/2.0 MB
Progress (4): 507/877 kB | 2.4/12 MB | 1.4/1.8 MB | 1.3/2.0 MB
Progress (4): 507/877 kB | 2.4/12 MB | 1.4/1.8 MB | 1.4/2.0 MB
Progress (4): 507/877 kB | 2.4/12 MB | 1.5/1.8 MB | 1.4/2.0 MB
Progress (4): 507/877 kB | 2.4/12 MB | 1.5/1.8 MB | 1.4/2.0 MB
Progress (4): 507/877 kB | 2.4/12 MB | 1.5/1.8 MB | 1.4/2.0 MB
Progress (4): 507/877 kB | 2.4/12 MB | 1.5/1.8 MB | 1.4/2.0 MB
Progress (4): 507/877 kB | 2.4/12 MB | 1.5/1.8 MB | 1.4/2.0 MB
Progress (4): 507/877 kB | 2.4/12 MB | 1.5/1.8 MB | 1.4/2.0 MB
Progress (4): 507/877 kB | 2.4/12 MB | 1.5/1.8 MB | 1.4/2.0 MB
Progress (4): 507/877 kB | 2.4/12 MB | 1.5/1.8 MB | 1.4/2.0 MB
Progress (4): 507/877 kB | 2.4/12 MB | 1.5/1.8 MB | 1.4/2.0 MB
Progress (4): 507/877 kB | 2.4/12 MB | 1.5/1.8 MB | 1.4/2.0 MB
Progress (4): 507/877 kB | 2.4/12 MB | 1.5/1.8 MB | 1.5/2.0 MB
Progress (4): 507/877 kB | 2.4/12 MB | 1.5/1.8 MB | 1.5/2.0 MB
Progress (4): 507/877 kB | 2.4/12 MB | 1.5/1.8 MB | 1.5/2.0 MB
Progress (4): 507/877 kB | 2.4/12 MB | 1.5/1.8 MB | 1.5/2.0 MB
Progress (4): 524/877 kB | 2.4/12 MB | 1.5/1.8 MB | 1.5/2.0 MB
Progress (4): 524/877 kB | 2.4/12 MB | 1.5/1.8 MB | 1.5/2.0 MB
Progress (4): 524/877 kB | 2.4/12 MB | 1.6/1.8 MB | 1.5/2.0 MB
Progress (4): 524/877 kB | 2.4/12 MB | 1.6/1.8 MB | 1.5/2.0 MB
Progress (4): 524/877 kB | 2.4/12 MB | 1.6/1.8 MB | 1.5/2.0 MB
Progress (4): 524/877 kB | 2.4/12 MB | 1.6/1.8 MB | 1.5/2.0 MB
Progress (4): 524/877 kB | 2.4/12 MB | 1.6/1.8 MB | 1.5/2.0 MB
Progress (4): 524/877 kB | 2.4/12 MB | 1.6/1.8 MB | 1.5/2.0 MB
Progress (4): 524/877 kB | 2.4/12 MB | 1.6/1.8 MB | 1.6/2.0 MB
Progress (4): 524/877 kB | 2.4/12 MB | 1.6/1.8 MB | 1.6/2.0 MB
Progress (4): 524/877 kB | 2.4/12 MB | 1.6/1.8 MB | 1.6/2.0 MB
Progress (4): 524/877 kB | 2.4/12 MB | 1.6/1.8 MB | 1.6/2.0 MB
Progress (4): 524/877 kB | 2.4/12 MB | 1.7/1.8 MB | 1.6/2.0 MB
Progress (4): 524/877 kB | 2.4/12 MB | 1.7/1.8 MB | 1.6/2.0 MB
Progress (4): 524/877 kB | 2.4/12 MB | 1.7/1.8 MB | 1.6/2.0 MB
Progress (4): 524/877 kB | 2.4/12 MB | 1.7/1.8 MB | 1.6/2.0 MB
Progress (4): 524/877 kB | 2.4/12 MB | 1.7/1.8 MB | 1.6/2.0 MB
Progress (4): 524/877 kB | 2.4/12 MB | 1.7/1.8 MB | 1.6/2.0 MB
Progress (4): 524/877 kB | 2.4/12 MB | 1.7/1.8 MB | 1.6/2.0 MB
Progress (4): 524/877 kB | 2.4/12 MB | 1.7/1.8 MB | 1.6/2.0 MB
Progress (4): 524/877 kB | 2.4/12 MB | 1.7/1.8 MB | 1.6/2.0 MB
Progress (4): 524/877 kB | 2.4/12 MB | 1.7/1.8 MB | 1.6/2.0 MB
Progress (4): 524/877 kB | 2.4/12 MB | 1.7/1.8 MB | 1.6/2.0 MB
Progress (4): 524/877 kB | 2.4/12 MB | 1.7/1.8 MB | 1.6/2.0 MB
Progress (4): 524/877 kB | 2.4/12 MB | 1.7/1.8 MB | 1.6/2.0 MB
Progress (4): 524/877 kB | 2.4/12 MB | 1.7/1.8 MB | 1.7/2.0 MB
Progress (4): 524/877 kB | 2.4/12 MB | 1.7/1.8 MB | 1.7/2.0 MB
Progress (4): 524/877 kB | 2.4/12 MB | 1.8/1.8 MB | 1.7/2.0 MB
Progress (4): 524/877 kB | 2.4/12 MB | 1.8 MB | 1.7/2.0 MB    
Progress (4): 524/877 kB | 2.4/12 MB | 1.8 MB | 1.7/2.0 MB
Progress (5): 524/877 kB | 2.4/12 MB | 1.8 MB | 1.7/2.0 MB | 7.7/8.1 kB
Progress (5): 524/877 kB | 2.4/12 MB | 1.8 MB | 1.7/2.0 MB | 8.1 kB    
Progress (5): 524/877 kB | 2.4/12 MB | 1.8 MB | 1.7/2.0 MB | 8.1 kB
                                                                   
Downloaded from central: https://repo.maven.apache.org/maven2/org/webjars/webjars-locator-lite/1.0.1/webjars-locator-lite-1.0.1.jar (8.1 kB at 1.7 kB/s)
Downloading from central: https://repo.maven.apache.org/maven2/org/springframework/spring-core/6.2.2/spring-core-6.2.2.jar
Downloaded from central: https://repo.maven.apache.org/maven2/org/springframework/boot/spring-boot/3.4.2/spring-boot-3.4.2.jar (1.8 MB at 379 kB/s)
Downloading from central: https://repo.maven.apache.org/maven2/org/springframework/spring-jcl/6.2.2/spring-jcl-6.2.2.jar
Progress (3): 540/877 kB | 2.4/12 MB | 1.7/2.0 MB
Progress (3): 540/877 kB | 2.4/12 MB | 1.7/2.0 MB
Progress (3): 540/877 kB | 2.4/12 MB | 1.7/2.0 MB
Progress (3): 540/877 kB | 2.4/12 MB | 1.7/2.0 MB
Progress (3): 540/877 kB | 2.4/12 MB | 1.7/2.0 MB
Progress (3): 540/877 kB | 2.4/12 MB | 1.8/2.0 MB
Progress (3): 540/877 kB | 2.4/12 MB | 1.8/2.0 MB
Progress (3): 540/877 kB | 2.4/12 MB | 1.8/2.0 MB
Progress (3): 540/877 kB | 2.4/12 MB | 1.8/2.0 MB
Progress (3): 540/877 kB | 2.4/12 MB | 1.8/2.0 MB
Progress (3): 540/877 kB | 2.4/12 MB | 1.8/2.0 MB
Progress (3): 540/877 kB | 2.4/12 MB | 1.9/2.0 MB
Progress (3): 540/877 kB | 2.4/12 MB | 1.9/2.0 MB
Progress (3): 540/877 kB | 2.4/12 MB | 1.9/2.0 MB
Progress (3): 540/877 kB | 2.4/12 MB | 1.9/2.0 MB
Progress (3): 540/877 kB | 2.4/12 MB | 1.9/2.0 MB
Progress (3): 540/877 kB | 2.4/12 MB | 1.9/2.0 MB
Progress (3): 540/877 kB | 2.4/12 MB | 1.9/2.0 MB
Progress (3): 540/877 kB | 2.5/12 MB | 1.9/2.0 MB
Progress (3): 540/877 kB | 2.5/12 MB | 2.0/2.0 MB
Progress (3): 556/877 kB | 2.5/12 MB | 2.0/2.0 MB
Progress (3): 556/877 kB | 2.5/12 MB | 2.0/2.0 MB
Progress (3): 556/877 kB | 2.5/12 MB | 2.0/2.0 MB
Progress (3): 556/877 kB | 2.5/12 MB | 2.0 MB    
                                             
Downloaded from central: https://repo.maven.apache.org/maven2/org/springframework/boot/spring-boot-autoconfigure/3.4.2/spring-boot-autoconfigure-3.4.2.jar (2.0 MB at 423 kB/s)
Downloading from central: https://repo.maven.apache.org/maven2/org/springframework/security/spring-security-crypto/6.4.2/spring-security-crypto-6.4.2.jar
Progress (2): 556/877 kB | 2.5/12 MB
Progress (2): 556/877 kB | 2.5/12 MB
Progress (3): 556/877 kB | 2.5/12 MB | 7.7/25 kB
Progress (4): 556/877 kB | 2.5/12 MB | 7.7/25 kB | 0/2.0 MB
Progress (4): 556/877 kB | 2.5/12 MB | 16/25 kB | 0/2.0 MB 
Progress (4): 556/877 kB | 2.5/12 MB | 16/25 kB | 0/2.0 MB
Progress (4): 556/877 kB | 2.5/12 MB | 25 kB | 0/2.0 MB   
Progress (4): 556/877 kB | 2.5/12 MB | 25 kB | 0/2.0 MB
Progress (4): 556/877 kB | 2.5/12 MB | 25 kB | 0/2.0 MB
Progress (4): 556/877 kB | 2.5/12 MB | 25 kB | 0.1/2.0 MB
                                                         
Downloaded from central: https://repo.maven.apache.org/maven2/org/springframework/spring-jcl/6.2.2/spring-jcl-6.2.2.jar (25 kB at 5.2 kB/s)
Downloading from central: https://repo.maven.apache.org/maven2/net/bytebuddy/byte-buddy/1.15.11/byte-buddy-1.15.11.jar
Progress (3): 573/877 kB | 2.5/12 MB | 0.1/2.0 MB
Progress (3): 573/877 kB | 2.5/12 MB | 0.1/2.0 MB
Progress (3): 573/877 kB | 2.5/12 MB | 0.1/2.0 MB
Progress (3): 573/877 kB | 2.5/12 MB | 0.1/2.0 MB
Progress (3): 573/877 kB | 2.5/12 MB | 0.1/2.0 MB
Progress (3): 573/877 kB | 2.5/12 MB | 0.1/2.0 MB
Progress (3): 573/877 kB | 2.5/12 MB | 0.1/2.0 MB
Progress (3): 573/877 kB | 2.5/12 MB | 0.2/2.0 MB
Progress (3): 573/877 kB | 2.5/12 MB | 0.2/2.0 MB
Progress (3): 573/877 kB | 2.5/12 MB | 0.2/2.0 MB
Progress (3): 573/877 kB | 2.5/12 MB | 0.2/2.0 MB
Progress (3): 573/877 kB | 2.5/12 MB | 0.2/2.0 MB
Progress (3): 573/877 kB | 2.5/12 MB | 0.2/2.0 MB
Progress (3): 573/877 kB | 2.5/12 MB | 0.2/2.0 MB
Progress (3): 573/877 kB | 2.5/12 MB | 0.3/2.0 MB
Progress (3): 573/877 kB | 2.5/12 MB | 0.3/2.0 MB
Progress (3): 573/877 kB | 2.5/12 MB | 0.3/2.0 MB
Progress (3): 589/877 kB | 2.5/12 MB | 0.3/2.0 MB
Progress (3): 589/877 kB | 2.5/12 MB | 0.3/2.0 MB
Progress (3): 589/877 kB | 2.5/12 MB | 0.3/2.0 MB
Progress (3): 589/877 kB | 2.5/12 MB | 0.3/2.0 MB
Progress (3): 589/877 kB | 2.5/12 MB | 0.4/2.0 MB
Progress (3): 589/877 kB | 2.5/12 MB | 0.4/2.0 MB
Progress (3): 589/877 kB | 2.5/12 MB | 0.4/2.0 MB
Progress (3): 589/877 kB | 2.5/12 MB | 0.4/2.0 MB
Progress (3): 589/877 kB | 2.5/12 MB | 0.4/2.0 MB
Progress (3): 589/877 kB | 2.5/12 MB | 0.4/2.0 MB
Progress (3): 589/877 kB | 2.5/12 MB | 0.4/2.0 MB
Progress (3): 589/877 kB | 2.5/12 MB | 0.5/2.0 MB
Progress (3): 589/877 kB | 2.5/12 MB | 0.5/2.0 MB
Progress (3): 589/877 kB | 2.5/12 MB | 0.5/2.0 MB
Progress (3): 589/877 kB | 2.5/12 MB | 0.5/2.0 MB
Progress (3): 589/877 kB | 2.5/12 MB | 0.5/2.0 MB
Progress (3): 589/877 kB | 2.5/12 MB | 0.5/2.0 MB
Progress (3): 589/877 kB | 2.5/12 MB | 0.5/2.0 MB
Progress (3): 589/877 kB | 2.5/12 MB | 0.6/2.0 MB
Progress (3): 589/877 kB | 2.5/12 MB | 0.6/2.0 MB
Progress (3): 589/877 kB | 2.5/12 MB | 0.6/2.0 MB
Progress (3): 589/877 kB | 2.5/12 MB | 0.6/2.0 MB
Progress (3): 589/877 kB | 2.5/12 MB | 0.6/2.0 MB
Progress (3): 589/877 kB | 2.5/12 MB | 0.6/2.0 MB
Progress (3): 589/877 kB | 2.5/12 MB | 0.7/2.0 MB
Progress (3): 589/877 kB | 2.5/12 MB | 0.7/2.0 MB
Progress (3): 589/877 kB | 2.6/12 MB | 0.7/2.0 MB
Progress (3): 605/877 kB | 2.6/12 MB | 0.7/2.0 MB
Progress (3): 605/877 kB | 2.6/12 MB | 0.7/2.0 MB
Progress (4): 605/877 kB | 2.6/12 MB | 0.7/2.0 MB | 16/101 kB
Progress (4): 605/877 kB | 2.6/12 MB | 0.7/2.0 MB | 16/101 kB
Progress (4): 605/877 kB | 2.6/12 MB | 0.7/2.0 MB | 16/101 kB
Progress (4): 605/877 kB | 2.6/12 MB | 0.7/2.0 MB | 33/101 kB
Progress (4): 605/877 kB | 2.6/12 MB | 0.7/2.0 MB | 33/101 kB
Progress (4): 605/877 kB | 2.6/12 MB | 0.7/2.0 MB | 49/101 kB
Progress (4): 605/877 kB | 2.6/12 MB | 0.7/2.0 MB | 49/101 kB
Progress (4): 605/877 kB | 2.6/12 MB | 0.7/2.0 MB | 66/101 kB
Progress (4): 605/877 kB | 2.6/12 MB | 0.8/2.0 MB | 66/101 kB
Progress (4): 605/877 kB | 2.6/12 MB | 0.8/2.0 MB | 66/101 kB
Progress (4): 605/877 kB | 2.6/12 MB | 0.8/2.0 MB | 82/101 kB
Progress (4): 605/877 kB | 2.6/12 MB | 0.8/2.0 MB | 82/101 kB
Progress (4): 605/877 kB | 2.6/12 MB | 0.8/2.0 MB | 98/101 kB
Progress (4): 605/877 kB | 2.6/12 MB | 0.8/2.0 MB | 98/101 kB
Progress (4): 605/877 kB | 2.6/12 MB | 0.8/2.0 MB | 101 kB   
Progress (4): 605/877 kB | 2.6/12 MB | 0.8/2.0 MB | 101 kB
Progress (4): 605/877 kB | 2.6/12 MB | 0.8/2.0 MB | 101 kB
Progress (4): 605/877 kB | 2.6/12 MB | 0.9/2.0 MB | 101 kB
Progress (5): 605/877 kB | 2.6/12 MB | 0.9/2.0 MB | 101 kB | 0/8.5 MB
Progress (5): 605/877 kB | 2.6/12 MB | 0.9/2.0 MB | 101 kB | 0/8.5 MB
Progress (5): 605/877 kB | 2.6/12 MB | 0.9/2.0 MB | 101 kB | 0/8.5 MB
Progress (5): 605/877 kB | 2.6/12 MB | 0.9/2.0 MB | 101 kB | 0/8.5 MB
Progress (5): 605/877 kB | 2.6/12 MB | 0.9/2.0 MB | 101 kB | 0/8.5 MB
                                                                     
Downloaded from central: https://repo.maven.apache.org/maven2/org/springframework/security/spring-security-crypto/6.4.2/spring-security-crypto-6.4.2.jar (101 kB at 21 kB/s)
Downloading from central: https://repo.maven.apache.org/maven2/commons-codec/commons-codec/1.17.2/commons-codec-1.17.2.jar
Progress (4): 605/877 kB | 2.6/12 MB | 0.9/2.0 MB | 0.1/8.5 MB
Progress (4): 605/877 kB | 2.6/12 MB | 0.9/2.0 MB | 0.1/8.5 MB
Progress (4): 605/877 kB | 2.6/12 MB | 0.9/2.0 MB | 0.1/8.5 MB
Progress (4): 605/877 kB | 2.6/12 MB | 0.9/2.0 MB | 0.1/8.5 MB
Progress (4): 605/877 kB | 2.6/12 MB | 0.9/2.0 MB | 0.1/8.5 MB
Progress (4): 605/877 kB | 2.6/12 MB | 0.9/2.0 MB | 0.1/8.5 MB
Progress (4): 622/877 kB | 2.6/12 MB | 0.9/2.0 MB | 0.1/8.5 MB
Progress (4): 622/877 kB | 2.6/12 MB | 0.9/2.0 MB | 0.1/8.5 MB
Progress (4): 622/877 kB | 2.6/12 MB | 0.9/2.0 MB | 0.1/8.5 MB
Progress (4): 622/877 kB | 2.6/12 MB | 0.9/2.0 MB | 0.1/8.5 MB
Progress (4): 622/877 kB | 2.6/12 MB | 0.9/2.0 MB | 0.1/8.5 MB
Progress (4): 622/877 kB | 2.6/12 MB | 1.0/2.0 MB | 0.1/8.5 MB
Progress (4): 622/877 kB | 2.6/12 MB | 1.0/2.0 MB | 0.1/8.5 MB
Progress (4): 622/877 kB | 2.6/12 MB | 1.0/2.0 MB | 0.1/8.5 MB
Progress (4): 622/877 kB | 2.6/12 MB | 1.0/2.0 MB | 0.1/8.5 MB
Progress (4): 622/877 kB | 2.6/12 MB | 1.0/2.0 MB | 0.1/8.5 MB
Progress (4): 622/877 kB | 2.6/12 MB | 1.0/2.0 MB | 0.1/8.5 MB
Progress (4): 622/877 kB | 2.6/12 MB | 1.0/2.0 MB | 0.2/8.5 MB
Progress (4): 622/877 kB | 2.6/12 MB | 1.0/2.0 MB | 0.2/8.5 MB
Progress (4): 622/877 kB | 2.6/12 MB | 1.0/2.0 MB | 0.2/8.5 MB
Progress (4): 622/877 kB | 2.6/12 MB | 1.0/2.0 MB | 0.2/8.5 MB
Progress (4): 622/877 kB | 2.6/12 MB | 1.0/2.0 MB | 0.2/8.5 MB
Progress (4): 622/877 kB | 2.6/12 MB | 1.0/2.0 MB | 0.2/8.5 MB
Progress (4): 622/877 kB | 2.6/12 MB | 1.0/2.0 MB | 0.2/8.5 MB
Progress (4): 622/877 kB | 2.6/12 MB | 1.1/2.0 MB | 0.2/8.5 MB
Progress (4): 622/877 kB | 2.6/12 MB | 1.1/2.0 MB | 0.2/8.5 MB
Progress (4): 622/877 kB | 2.6/12 MB | 1.1/2.0 MB | 0.2/8.5 MB
Progress (4): 622/877 kB | 2.6/12 MB | 1.1/2.0 MB | 0.2/8.5 MB
Progress (4): 622/877 kB | 2.6/12 MB | 1.1/2.0 MB | 0.2/8.5 MB
Progress (4): 622/877 kB | 2.6/12 MB | 1.1/2.0 MB | 0.2/8.5 MB
Progress (4): 622/877 kB | 2.6/12 MB | 1.1/2.0 MB | 0.3/8.5 MB
Progress (4): 622/877 kB | 2.6/12 MB | 1.1/2.0 MB | 0.3/8.5 MB
Progress (4): 622/877 kB | 2.6/12 MB | 1.1/2.0 MB | 0.3/8.5 MB
Progress (4): 622/877 kB | 2.6/12 MB | 1.1/2.0 MB | 0.3/8.5 MB
Progress (4): 622/877 kB | 2.6/12 MB | 1.1/2.0 MB | 0.3/8.5 MB
Progress (4): 622/877 kB | 2.6/12 MB | 1.1/2.0 MB | 0.3/8.5 MB
Progress (4): 622/877 kB | 2.6/12 MB | 1.1/2.0 MB | 0.3/8.5 MB
Progress (4): 622/877 kB | 2.6/12 MB | 1.2/2.0 MB | 0.3/8.5 MB
Progress (4): 622/877 kB | 2.6/12 MB | 1.2/2.0 MB | 0.3/8.5 MB
Progress (4): 622/877 kB | 2.6/12 MB | 1.2/2.0 MB | 0.3/8.5 MB
Progress (4): 622/877 kB | 2.6/12 MB | 1.2/2.0 MB | 0.3/8.5 MB
Progress (4): 638/877 kB | 2.6/12 MB | 1.2/2.0 MB | 0.3/8.5 MB
Progress (4): 638/877 kB | 2.6/12 MB | 1.2/2.0 MB | 0.3/8.5 MB
Progress (4): 638/877 kB | 2.6/12 MB | 1.2/2.0 MB | 0.3/8.5 MB
Progress (4): 638/877 kB | 2.6/12 MB | 1.2/2.0 MB | 0.3/8.5 MB
Progress (4): 638/877 kB | 2.6/12 MB | 1.2/2.0 MB | 0.3/8.5 MB
Progress (4): 638/877 kB | 2.6/12 MB | 1.2/2.0 MB | 0.3/8.5 MB
Progress (4): 638/877 kB | 2.6/12 MB | 1.2/2.0 MB | 0.3/8.5 MB
Progress (4): 638/877 kB | 2.6/12 MB | 1.2/2.0 MB | 0.4/8.5 MB
Progress (4): 638/877 kB | 2.6/12 MB | 1.2/2.0 MB | 0.4/8.5 MB
Progress (4): 638/877 kB | 2.6/12 MB | 1.2/2.0 MB | 0.4/8.5 MB
Progress (4): 638/877 kB | 2.6/12 MB | 1.3/2.0 MB | 0.4/8.5 MB
Progress (4): 638/877 kB | 2.6/12 MB | 1.3/2.0 MB | 0.4/8.5 MB
Progress (4): 638/877 kB | 2.6/12 MB | 1.3/2.0 MB | 0.4/8.5 MB
Progress (4): 638/877 kB | 2.6/12 MB | 1.3/2.0 MB | 0.4/8.5 MB
Progress (4): 638/877 kB | 2.6/12 MB | 1.3/2.0 MB | 0.4/8.5 MB
Progress (5): 638/877 kB | 2.6/12 MB | 1.3/2.0 MB | 0.4/8.5 MB | 7.7/373 kB
Progress (5): 638/877 kB | 2.6/12 MB | 1.3/2.0 MB | 0.4/8.5 MB | 16/373 kB 
Progress (5): 638/877 kB | 2.6/12 MB | 1.3/2.0 MB | 0.4/8.5 MB | 25/373 kB
Progress (5): 638/877 kB | 2.6/12 MB | 1.3/2.0 MB | 0.4/8.5 MB | 41/373 kB
Progress (5): 638/877 kB | 2.6/12 MB | 1.3/2.0 MB | 0.4/8.5 MB | 57/373 kB
Progress (5): 638/877 kB | 2.6/12 MB | 1.3/2.0 MB | 0.4/8.5 MB | 57/373 kB
Progress (5): 638/877 kB | 2.7/12 MB | 1.3/2.0 MB | 0.4/8.5 MB | 57/373 kB
Progress (5): 638/877 kB | 2.7/12 MB | 1.3/2.0 MB | 0.4/8.5 MB | 57/373 kB
Progress (5): 638/877 kB | 2.7/12 MB | 1.3/2.0 MB | 0.4/8.5 MB | 74/373 kB
Progress (5): 638/877 kB | 2.7/12 MB | 1.3/2.0 MB | 0.4/8.5 MB | 74/373 kB
Progress (5): 638/877 kB | 2.7/12 MB | 1.3/2.0 MB | 0.4/8.5 MB | 90/373 kB
Progress (5): 638/877 kB | 2.7/12 MB | 1.4/2.0 MB | 0.4/8.5 MB | 90/373 kB
Progress (5): 638/877 kB | 2.7/12 MB | 1.4/2.0 MB | 0.4/8.5 MB | 90/373 kB
Progress (5): 638/877 kB | 2.7/12 MB | 1.4/2.0 MB | 0.4/8.5 MB | 90/373 kB
Progress (5): 638/877 kB | 2.7/12 MB | 1.4/2.0 MB | 0.4/8.5 MB | 90/373 kB
Progress (5): 638/877 kB | 2.7/12 MB | 1.4/2.0 MB | 0.5/8.5 MB | 90/373 kB
Progress (5): 638/877 kB | 2.7/12 MB | 1.4/2.0 MB | 0.5/8.5 MB | 106/373 kB
Progress (5): 638/877 kB | 2.7/12 MB | 1.4/2.0 MB | 0.5/8.5 MB | 106/373 kB
Progress (5): 638/877 kB | 2.7/12 MB | 1.4/2.0 MB | 0.5/8.5 MB | 106/373 kB
Progress (5): 638/877 kB | 2.7/12 MB | 1.4/2.0 MB | 0.5/8.5 MB | 106/373 kB
Progress (5): 638/877 kB | 2.7/12 MB | 1.4/2.0 MB | 0.5/8.5 MB | 106/373 kB
Progress (5): 638/877 kB | 2.7/12 MB | 1.4/2.0 MB | 0.5/8.5 MB | 123/373 kB
Progress (5): 638/877 kB | 2.7/12 MB | 1.4/2.0 MB | 0.5/8.5 MB | 123/373 kB
Progress (5): 638/877 kB | 2.7/12 MB | 1.4/2.0 MB | 0.5/8.5 MB | 139/373 kB
Progress (5): 638/877 kB | 2.7/12 MB | 1.4/2.0 MB | 0.5/8.5 MB | 139/373 kB
Progress (5): 638/877 kB | 2.7/12 MB | 1.4/2.0 MB | 0.5/8.5 MB | 156/373 kB
Progress (5): 638/877 kB | 2.7/12 MB | 1.5/2.0 MB | 0.5/8.5 MB | 156/373 kB
Progress (5): 638/877 kB | 2.7/12 MB | 1.5/2.0 MB | 0.5/8.5 MB | 156/373 kB
Progress (5): 638/877 kB | 2.7/12 MB | 1.5/2.0 MB | 0.5/8.5 MB | 156/373 kB
Progress (5): 638/877 kB | 2.7/12 MB | 1.5/2.0 MB | 0.5/8.5 MB | 156/373 kB
Progress (5): 655/877 kB | 2.7/12 MB | 1.5/2.0 MB | 0.5/8.5 MB | 156/373 kB
Progress (5): 655/877 kB | 2.7/12 MB | 1.5/2.0 MB | 0.5/8.5 MB | 156/373 kB
Progress (5): 655/877 kB | 2.7/12 MB | 1.5/2.0 MB | 0.5/8.5 MB | 172/373 kB
Progress (5): 655/877 kB | 2.7/12 MB | 1.5/2.0 MB | 0.5/8.5 MB | 172/373 kB
Progress (5): 655/877 kB | 2.7/12 MB | 1.5/2.0 MB | 0.5/8.5 MB | 172/373 kB
Progress (5): 655/877 kB | 2.7/12 MB | 1.5/2.0 MB | 0.5/8.5 MB | 188/373 kB
Progress (5): 655/877 kB | 2.7/12 MB | 1.5/2.0 MB | 0.5/8.5 MB | 188/373 kB
Progress (5): 655/877 kB | 2.7/12 MB | 1.5/2.0 MB | 0.5/8.5 MB | 188/373 kB
Progress (5): 655/877 kB | 2.7/12 MB | 1.5/2.0 MB | 0.5/8.5 MB | 205/373 kB
Progress (5): 655/877 kB | 2.7/12 MB | 1.5/2.0 MB | 0.5/8.5 MB | 205/373 kB
Progress (5): 655/877 kB | 2.7/12 MB | 1.5/2.0 MB | 0.6/8.5 MB | 205/373 kB
Progress (5): 655/877 kB | 2.7/12 MB | 1.5/2.0 MB | 0.6/8.5 MB | 205/373 kB
Progress (5): 655/877 kB | 2.7/12 MB | 1.5/2.0 MB | 0.6/8.5 MB | 221/373 kB
Progress (5): 655/877 kB | 2.7/12 MB | 1.6/2.0 MB | 0.6/8.5 MB | 221/373 kB
Progress (5): 655/877 kB | 2.7/12 MB | 1.6/2.0 MB | 0.6/8.5 MB | 238/373 kB
Progress (5): 655/877 kB | 2.7/12 MB | 1.6/2.0 MB | 0.6/8.5 MB | 238/373 kB
Progress (5): 655/877 kB | 2.7/12 MB | 1.6/2.0 MB | 0.6/8.5 MB | 238/373 kB
Progress (5): 655/877 kB | 2.7/12 MB | 1.6/2.0 MB | 0.6/8.5 MB | 238/373 kB
Progress (5): 655/877 kB | 2.7/12 MB | 1.6/2.0 MB | 0.6/8.5 MB | 238/373 kB
Progress (5): 655/877 kB | 2.7/12 MB | 1.6/2.0 MB | 0.6/8.5 MB | 238/373 kB
Progress (5): 655/877 kB | 2.7/12 MB | 1.6/2.0 MB | 0.6/8.5 MB | 238/373 kB
Progress (5): 655/877 kB | 2.7/12 MB | 1.6/2.0 MB | 0.6/8.5 MB | 238/373 kB
Progress (5): 655/877 kB | 2.7/12 MB | 1.6/2.0 MB | 0.6/8.5 MB | 238/373 kB
Progress (5): 655/877 kB | 2.7/12 MB | 1.7/2.0 MB | 0.6/8.5 MB | 238/373 kB
Progress (5): 655/877 kB | 2.7/12 MB | 1.7/2.0 MB | 0.6/8.5 MB | 238/373 kB
Progress (5): 655/877 kB | 2.7/12 MB | 1.7/2.0 MB | 0.6/8.5 MB | 238/373 kB
Progress (5): 655/877 kB | 2.7/12 MB | 1.7/2.0 MB | 0.6/8.5 MB | 238/373 kB
Progress (5): 671/877 kB | 2.7/12 MB | 1.7/2.0 MB | 0.6/8.5 MB | 238/373 kB
Progress (5): 671/877 kB | 2.7/12 MB | 1.7/2.0 MB | 0.6/8.5 MB | 238/373 kB
Progress (5): 671/877 kB | 2.7/12 MB | 1.7/2.0 MB | 0.6/8.5 MB | 238/373 kB
Progress (5): 671/877 kB | 2.7/12 MB | 1.7/2.0 MB | 0.6/8.5 MB | 238/373 kB
Progress (5): 671/877 kB | 2.7/12 MB | 1.7/2.0 MB | 0.6/8.5 MB | 238/373 kB
Progress (5): 671/877 kB | 2.7/12 MB | 1.7/2.0 MB | 0.6/8.5 MB | 238/373 kB
Progress (5): 671/877 kB | 2.7/12 MB | 1.8/2.0 MB | 0.6/8.5 MB | 238/373 kB
Progress (5): 671/877 kB | 2.7/12 MB | 1.8/2.0 MB | 0.6/8.5 MB | 254/373 kB
Progress (5): 671/877 kB | 2.7/12 MB | 1.8/2.0 MB | 0.6/8.5 MB | 254/373 kB
Progress (5): 671/877 kB | 2.7/12 MB | 1.8/2.0 MB | 0.7/8.5 MB | 254/373 kB
Progress (5): 671/877 kB | 2.7/12 MB | 1.8/2.0 MB | 0.7/8.5 MB | 270/373 kB
Progress (5): 671/877 kB | 2.7/12 MB | 1.8/2.0 MB | 0.7/8.5 MB | 287/373 kB
Progress (5): 671/877 kB | 2.7/12 MB | 1.8/2.0 MB | 0.7/8.5 MB | 287/373 kB
Progress (5): 671/877 kB | 2.7/12 MB | 1.8/2.0 MB | 0.7/8.5 MB | 303/373 kB
Progress (5): 671/877 kB | 2.7/12 MB | 1.8/2.0 MB | 0.7/8.5 MB | 319/373 kB
Progress (5): 671/877 kB | 2.7/12 MB | 1.8/2.0 MB | 0.7/8.5 MB | 336/373 kB
Progress (5): 671/877 kB | 2.7/12 MB | 1.8/2.0 MB | 0.7/8.5 MB | 352/373 kB
Progress (5): 671/877 kB | 2.7/12 MB | 1.8/2.0 MB | 0.7/8.5 MB | 352/373 kB
Progress (5): 671/877 kB | 2.7/12 MB | 1.8/2.0 MB | 0.7/8.5 MB | 352/373 kB
Progress (5): 671/877 kB | 2.7/12 MB | 1.8/2.0 MB | 0.7/8.5 MB | 352/373 kB
Progress (5): 671/877 kB | 2.7/12 MB | 1.8/2.0 MB | 0.7/8.5 MB | 352/373 kB
Progress (5): 671/877 kB | 2.7/12 MB | 1.8/2.0 MB | 0.8/8.5 MB | 352/373 kB
Progress (5): 671/877 kB | 2.7/12 MB | 1.8/2.0 MB | 0.8/8.5 MB | 369/373 kB
Progress (5): 671/877 kB | 2.7/12 MB | 1.8/2.0 MB | 0.8/8.5 MB | 369/373 kB
Progress (5): 671/877 kB | 2.7/12 MB | 1.8/2.0 MB | 0.8/8.5 MB | 373 kB    
Progress (5): 671/877 kB | 2.7/12 MB | 1.8/2.0 MB | 0.8/8.5 MB | 373 kB
Progress (5): 671/877 kB | 2.7/12 MB | 1.8/2.0 MB | 0.8/8.5 MB | 373 kB
Progress (5): 671/877 kB | 2.7/12 MB | 1.8/2.0 MB | 0.8/8.5 MB | 373 kB
Progress (5): 671/877 kB | 2.7/12 MB | 1.8/2.0 MB | 0.8/8.5 MB | 373 kB
                                                                       
Downloaded from central: https://repo.maven.apache.org/maven2/commons-codec/commons-codec/1.17.2/commons-codec-1.17.2.jar (373 kB at 72 kB/s)
Downloading from central: https://repo.maven.apache.org/maven2/io/netty/netty-codec-http/4.1.117.Final/netty-codec-http-4.1.117.Final.jar
Progress (4): 671/877 kB | 2.7/12 MB | 1.8/2.0 MB | 0.8/8.5 MB
Progress (4): 671/877 kB | 2.7/12 MB | 1.8/2.0 MB | 0.9/8.5 MB
Progress (4): 671/877 kB | 2.7/12 MB | 1.8/2.0 MB | 0.9/8.5 MB
Progress (4): 671/877 kB | 2.7/12 MB | 1.8/2.0 MB | 0.9/8.5 MB
Progress (4): 671/877 kB | 2.7/12 MB | 1.8/2.0 MB | 0.9/8.5 MB
Progress (4): 671/877 kB | 2.7/12 MB | 1.8/2.0 MB | 0.9/8.5 MB
Progress (4): 671/877 kB | 2.7/12 MB | 1.8/2.0 MB | 0.9/8.5 MB
Progress (4): 671/877 kB | 2.7/12 MB | 1.8/2.0 MB | 1.0/8.5 MB
Progress (4): 671/877 kB | 2.7/12 MB | 1.8/2.0 MB | 1.0/8.5 MB
Progress (4): 671/877 kB | 2.7/12 MB | 1.8/2.0 MB | 1.0/8.5 MB
Progress (4): 671/877 kB | 2.7/12 MB | 1.8/2.0 MB | 1.0/8.5 MB
Progress (4): 671/877 kB | 2.7/12 MB | 1.8/2.0 MB | 1.0/8.5 MB
Progress (4): 671/877 kB | 2.7/12 MB | 1.8/2.0 MB | 1.0/8.5 MB
Progress (4): 671/877 kB | 2.7/12 MB | 1.8/2.0 MB | 1.1/8.5 MB
Progress (4): 671/877 kB | 2.7/12 MB | 1.8/2.0 MB | 1.1/8.5 MB
Progress (4): 671/877 kB | 2.7/12 MB | 1.8/2.0 MB | 1.1/8.5 MB
Progress (4): 671/877 kB | 2.7/12 MB | 1.8/2.0 MB | 1.1/8.5 MB
Progress (4): 671/877 kB | 2.7/12 MB | 1.8/2.0 MB | 1.1/8.5 MB
Progress (4): 671/877 kB | 2.7/12 MB | 1.8/2.0 MB | 1.1/8.5 MB
Progress (4): 671/877 kB | 2.8/12 MB | 1.8/2.0 MB | 1.1/8.5 MB
Progress (4): 671/877 kB | 2.8/12 MB | 1.8/2.0 MB | 1.1/8.5 MB
Progress (4): 671/877 kB | 2.8/12 MB | 1.8/2.0 MB | 1.1/8.5 MB
Progress (4): 687/877 kB | 2.8/12 MB | 1.8/2.0 MB | 1.1/8.5 MB
Progress (4): 687/877 kB | 2.8/12 MB | 1.8/2.0 MB | 1.2/8.5 MB
Progress (4): 687/877 kB | 2.8/12 MB | 1.8/2.0 MB | 1.2/8.5 MB
Progress (4): 687/877 kB | 2.8/12 MB | 1.8/2.0 MB | 1.2/8.5 MB
Progress (4): 704/877 kB | 2.8/12 MB | 1.8/2.0 MB | 1.2/8.5 MB
Progress (4): 704/877 kB | 2.8/12 MB | 1.8/2.0 MB | 1.2/8.5 MB
Progress (4): 720/877 kB | 2.8/12 MB | 1.8/2.0 MB | 1.2/8.5 MB
Progress (4): 720/877 kB | 2.8/12 MB | 1.8/2.0 MB | 1.2/8.5 MB
Progress (4): 720/877 kB | 2.8/12 MB | 1.8/2.0 MB | 1.2/8.5 MB
Progress (4): 720/877 kB | 2.8/12 MB | 1.8/2.0 MB | 1.2/8.5 MB
Progress (4): 720/877 kB | 2.8/12 MB | 1.8/2.0 MB | 1.2/8.5 MB
Progress (4): 720/877 kB | 2.8/12 MB | 1.8/2.0 MB | 1.2/8.5 MB
Progress (4): 720/877 kB | 2.8/12 MB | 1.8/2.0 MB | 1.2/8.5 MB
Progress (4): 720/877 kB | 2.8/12 MB | 1.8/2.0 MB | 1.2/8.5 MB
Progress (4): 720/877 kB | 2.8/12 MB | 1.8/2.0 MB | 1.2/8.5 MB
Progress (4): 720/877 kB | 2.9/12 MB | 1.8/2.0 MB | 1.2/8.5 MB
Progress (4): 720/877 kB | 2.9/12 MB | 1.8/2.0 MB | 1.3/8.5 MB
Progress (4): 720/877 kB | 2.9/12 MB | 1.8/2.0 MB | 1.3/8.5 MB
Progress (4): 720/877 kB | 2.9/12 MB | 1.8/2.0 MB | 1.3/8.5 MB
Progress (4): 720/877 kB | 2.9/12 MB | 1.8/2.0 MB | 1.3/8.5 MB
Progress (4): 720/877 kB | 2.9/12 MB | 1.8/2.0 MB | 1.3/8.5 MB
Progress (4): 720/877 kB | 2.9/12 MB | 1.8/2.0 MB | 1.3/8.5 MB
Progress (4): 720/877 kB | 2.9/12 MB | 1.8/2.0 MB | 1.4/8.5 MB
Progress (4): 737/877 kB | 2.9/12 MB | 1.8/2.0 MB | 1.4/8.5 MB
Progress (4): 737/877 kB | 2.9/12 MB | 1.8/2.0 MB | 1.4/8.5 MB
Progress (4): 737/877 kB | 2.9/12 MB | 1.8/2.0 MB | 1.4/8.5 MB
Progress (4): 737/877 kB | 2.9/12 MB | 1.8/2.0 MB | 1.4/8.5 MB
Progress (4): 737/877 kB | 2.9/12 MB | 1.8/2.0 MB | 1.4/8.5 MB
Progress (4): 737/877 kB | 2.9/12 MB | 1.8/2.0 MB | 1.4/8.5 MB
Progress (4): 737/877 kB | 2.9/12 MB | 1.8/2.0 MB | 1.4/8.5 MB
Progress (4): 737/877 kB | 2.9/12 MB | 1.8/2.0 MB | 1.5/8.5 MB
Progress (5): 737/877 kB | 2.9/12 MB | 1.8/2.0 MB | 1.5/8.5 MB | 7.7/674 kB
Progress (5): 737/877 kB | 2.9/12 MB | 1.8/2.0 MB | 1.5/8.5 MB | 16/674 kB 
Progress (5): 737/877 kB | 2.9/12 MB | 1.8/2.0 MB | 1.5/8.5 MB | 28/674 kB
Progress (5): 737/877 kB | 2.9/12 MB | 1.8/2.0 MB | 1.5/8.5 MB | 28/674 kB
Progress (5): 737/877 kB | 2.9/12 MB | 1.8/2.0 MB | 1.5/8.5 MB | 28/674 kB
Progress (5): 737/877 kB | 2.9/12 MB | 1.8/2.0 MB | 1.5/8.5 MB | 44/674 kB
Progress (5): 737/877 kB | 2.9/12 MB | 1.8/2.0 MB | 1.5/8.5 MB | 44/674 kB
Progress (5): 737/877 kB | 2.9/12 MB | 1.8/2.0 MB | 1.5/8.5 MB | 44/674 kB
Progress (5): 737/877 kB | 2.9/12 MB | 1.8/2.0 MB | 1.5/8.5 MB | 44/674 kB
Progress (5): 737/877 kB | 2.9/12 MB | 1.8/2.0 MB | 1.6/8.5 MB | 44/674 kB
Progress (5): 737/877 kB | 2.9/12 MB | 1.8/2.0 MB | 1.6/8.5 MB | 61/674 kB
Progress (5): 753/877 kB | 2.9/12 MB | 1.8/2.0 MB | 1.6/8.5 MB | 61/674 kB
Progress (5): 753/877 kB | 2.9/12 MB | 1.8/2.0 MB | 1.6/8.5 MB | 77/674 kB
Progress (5): 753/877 kB | 2.9/12 MB | 1.8/2.0 MB | 1.6/8.5 MB | 77/674 kB
Progress (5): 753/877 kB | 2.9/12 MB | 1.8/2.0 MB | 1.6/8.5 MB | 77/674 kB
Progress (5): 753/877 kB | 2.9/12 MB | 1.8/2.0 MB | 1.6/8.5 MB | 93/674 kB
Progress (5): 753/877 kB | 2.9/12 MB | 1.8/2.0 MB | 1.6/8.5 MB | 93/674 kB
Progress (5): 753/877 kB | 2.9/12 MB | 1.8/2.0 MB | 1.6/8.5 MB | 110/674 kB
Progress (5): 753/877 kB | 2.9/12 MB | 1.8/2.0 MB | 1.6/8.5 MB | 126/674 kB
Progress (5): 753/877 kB | 2.9/12 MB | 1.8/2.0 MB | 1.6/8.5 MB | 143/674 kB
Progress (5): 753/877 kB | 2.9/12 MB | 1.8/2.0 MB | 1.6/8.5 MB | 143/674 kB
Progress (5): 753/877 kB | 2.9/12 MB | 1.8/2.0 MB | 1.6/8.5 MB | 143/674 kB
Progress (5): 753/877 kB | 2.9/12 MB | 1.8/2.0 MB | 1.6/8.5 MB | 143/674 kB
Progress (5): 753/877 kB | 2.9/12 MB | 1.8/2.0 MB | 1.6/8.5 MB | 159/674 kB
Progress (5): 753/877 kB | 2.9/12 MB | 1.8/2.0 MB | 1.6/8.5 MB | 159/674 kB
Progress (5): 753/877 kB | 2.9/12 MB | 1.8/2.0 MB | 1.6/8.5 MB | 159/674 kB
Progress (5): 753/877 kB | 2.9/12 MB | 1.8/2.0 MB | 1.6/8.5 MB | 159/674 kB
Progress (5): 753/877 kB | 2.9/12 MB | 1.8/2.0 MB | 1.7/8.5 MB | 159/674 kB
Progress (5): 753/877 kB | 2.9/12 MB | 1.8/2.0 MB | 1.7/8.5 MB | 175/674 kB
Progress (5): 753/877 kB | 2.9/12 MB | 1.8/2.0 MB | 1.7/8.5 MB | 192/674 kB
Progress (5): 753/877 kB | 2.9/12 MB | 1.8/2.0 MB | 1.7/8.5 MB | 192/674 kB
Progress (5): 753/877 kB | 2.9/12 MB | 1.8/2.0 MB | 1.7/8.5 MB | 208/674 kB
Progress (5): 753/877 kB | 2.9/12 MB | 1.8/2.0 MB | 1.7/8.5 MB | 208/674 kB
Progress (5): 753/877 kB | 2.9/12 MB | 1.8/2.0 MB | 1.7/8.5 MB | 225/674 kB
Progress (5): 753/877 kB | 2.9/12 MB | 1.8/2.0 MB | 1.7/8.5 MB | 225/674 kB
Progress (5): 753/877 kB | 2.9/12 MB | 1.8/2.0 MB | 1.7/8.5 MB | 225/674 kB
Progress (5): 753/877 kB | 2.9/12 MB | 1.8/2.0 MB | 1.7/8.5 MB | 225/674 kB
Progress (5): 753/877 kB | 2.9/12 MB | 1.8/2.0 MB | 1.7/8.5 MB | 241/674 kB
Progress (5): 753/877 kB | 2.9/12 MB | 1.8/2.0 MB | 1.7/8.5 MB | 241/674 kB
Progress (5): 753/877 kB | 2.9/12 MB | 1.8/2.0 MB | 1.7/8.5 MB | 257/674 kB
Progress (5): 753/877 kB | 2.9/12 MB | 1.8/2.0 MB | 1.8/8.5 MB | 257/674 kB
Progress (5): 753/877 kB | 2.9/12 MB | 1.8/2.0 MB | 1.8/8.5 MB | 274/674 kB
Progress (5): 753/877 kB | 2.9/12 MB | 1.8/2.0 MB | 1.8/8.5 MB | 274/674 kB
Progress (5): 753/877 kB | 2.9/12 MB | 1.8/2.0 MB | 1.8/8.5 MB | 274/674 kB
Progress (5): 753/877 kB | 2.9/12 MB | 1.8/2.0 MB | 1.8/8.5 MB | 274/674 kB
Progress (5): 753/877 kB | 2.9/12 MB | 1.8/2.0 MB | 1.8/8.5 MB | 290/674 kB
Progress (5): 753/877 kB | 2.9/12 MB | 1.8/2.0 MB | 1.8/8.5 MB | 306/674 kB
Progress (5): 753/877 kB | 2.9/12 MB | 1.8/2.0 MB | 1.8/8.5 MB | 306/674 kB
Progress (5): 753/877 kB | 2.9/12 MB | 1.8/2.0 MB | 1.8/8.5 MB | 323/674 kB
Progress (5): 753/877 kB | 2.9/12 MB | 1.8/2.0 MB | 1.8/8.5 MB | 323/674 kB
Progress (5): 753/877 kB | 2.9/12 MB | 1.8/2.0 MB | 1.9/8.5 MB | 323/674 kB
Progress (5): 753/877 kB | 2.9/12 MB | 1.8/2.0 MB | 1.9/8.5 MB | 323/674 kB
Progress (5): 753/877 kB | 2.9/12 MB | 1.8/2.0 MB | 1.9/8.5 MB | 323/674 kB
Progress (5): 753/877 kB | 2.9/12 MB | 1.8/2.0 MB | 1.9/8.5 MB | 339/674 kB
Progress (5): 753/877 kB | 2.9/12 MB | 1.8/2.0 MB | 1.9/8.5 MB | 339/674 kB
Progress (5): 753/877 kB | 2.9/12 MB | 1.8/2.0 MB | 1.9/8.5 MB | 356/674 kB
Progress (5): 753/877 kB | 2.9/12 MB | 1.8/2.0 MB | 1.9/8.5 MB | 356/674 kB
Progress (5): 753/877 kB | 2.9/12 MB | 1.9/2.0 MB | 1.9/8.5 MB | 356/674 kB
Progress (5): 753/877 kB | 2.9/12 MB | 1.9/2.0 MB | 1.9/8.5 MB | 356/674 kB
Progress (5): 769/877 kB | 2.9/12 MB | 1.9/2.0 MB | 1.9/8.5 MB | 356/674 kB
Progress (5): 769/877 kB | 2.9/12 MB | 1.9/2.0 MB | 1.9/8.5 MB | 372/674 kB
Progress (5): 769/877 kB | 2.9/12 MB | 1.9/2.0 MB | 1.9/8.5 MB | 372/674 kB
Progress (5): 769/877 kB | 2.9/12 MB | 1.9/2.0 MB | 1.9/8.5 MB | 372/674 kB
Progress (5): 769/877 kB | 2.9/12 MB | 1.9/2.0 MB | 1.9/8.5 MB | 388/674 kB
Progress (5): 769/877 kB | 2.9/12 MB | 1.9/2.0 MB | 1.9/8.5 MB | 388/674 kB
Progress (5): 769/877 kB | 2.9/12 MB | 1.9/2.0 MB | 1.9/8.5 MB | 405/674 kB
Progress (5): 769/877 kB | 2.9/12 MB | 1.9/2.0 MB | 2.0/8.5 MB | 405/674 kB
Progress (5): 769/877 kB | 3.0/12 MB | 1.9/2.0 MB | 2.0/8.5 MB | 405/674 kB
Progress (5): 769/877 kB | 3.0/12 MB | 1.9/2.0 MB | 2.0/8.5 MB | 405/674 kB
Progress (5): 769/877 kB | 3.0/12 MB | 1.9/2.0 MB | 2.0/8.5 MB | 421/674 kB
Progress (5): 769/877 kB | 3.0/12 MB | 1.9/2.0 MB | 2.0/8.5 MB | 438/674 kB
Progress (5): 769/877 kB | 3.0/12 MB | 1.9/2.0 MB | 2.0/8.5 MB | 438/674 kB
Progress (5): 769/877 kB | 3.0/12 MB | 1.9/2.0 MB | 2.0/8.5 MB | 454/674 kB
Progress (5): 769/877 kB | 3.0/12 MB | 1.9/2.0 MB | 2.0/8.5 MB | 454/674 kB
Progress (5): 769/877 kB | 3.0/12 MB | 1.9/2.0 MB | 2.0/8.5 MB | 454/674 kB
Progress (5): 769/877 kB | 3.0/12 MB | 1.9/2.0 MB | 2.0/8.5 MB | 454/674 kB
Progress (5): 769/877 kB | 3.0/12 MB | 1.9/2.0 MB | 2.0/8.5 MB | 470/674 kB
Progress (5): 769/877 kB | 3.0/12 MB | 1.9/2.0 MB | 2.0/8.5 MB | 470/674 kB
Progress (5): 769/877 kB | 3.0/12 MB | 1.9/2.0 MB | 2.0/8.5 MB | 487/674 kB
Progress (5): 769/877 kB | 3.0/12 MB | 1.9/2.0 MB | 2.1/8.5 MB | 487/674 kB
Progress (5): 769/877 kB | 3.0/12 MB | 1.9/2.0 MB | 2.1/8.5 MB | 503/674 kB
Progress (5): 769/877 kB | 3.0/12 MB | 1.9/2.0 MB | 2.1/8.5 MB | 503/674 kB
Progress (5): 769/877 kB | 3.0/12 MB | 1.9/2.0 MB | 2.1/8.5 MB | 519/674 kB
Progress (5): 769/877 kB | 3.0/12 MB | 1.9/2.0 MB | 2.1/8.5 MB | 519/674 kB
Progress (5): 769/877 kB | 3.0/12 MB | 1.9/2.0 MB | 2.1/8.5 MB | 536/674 kB
Progress (5): 769/877 kB | 3.0/12 MB | 1.9/2.0 MB | 2.1/8.5 MB | 536/674 kB
Progress (5): 769/877 kB | 3.0/12 MB | 1.9/2.0 MB | 2.1/8.5 MB | 536/674 kB
Progress (5): 769/877 kB | 3.0/12 MB | 1.9/2.0 MB | 2.1/8.5 MB | 536/674 kB
Progress (5): 769/877 kB | 3.0/12 MB | 1.9/2.0 MB | 2.1/8.5 MB | 536/674 kB
Progress (5): 769/877 kB | 3.0/12 MB | 1.9/2.0 MB | 2.1/8.5 MB | 552/674 kB
Progress (5): 769/877 kB | 3.0/12 MB | 1.9/2.0 MB | 2.1/8.5 MB | 569/674 kB
Progress (5): 769/877 kB | 3.0/12 MB | 1.9/2.0 MB | 2.1/8.5 MB | 569/674 kB
Progress (5): 769/877 kB | 3.0/12 MB | 1.9/2.0 MB | 2.1/8.5 MB | 585/674 kB
Progress (5): 769/877 kB | 3.0/12 MB | 1.9/2.0 MB | 2.1/8.5 MB | 585/674 kB
Progress (5): 769/877 kB | 3.0/12 MB | 1.9/2.0 MB | 2.1/8.5 MB | 585/674 kB
Progress (5): 769/877 kB | 3.0/12 MB | 1.9/2.0 MB | 2.1/8.5 MB | 585/674 kB
Progress (5): 769/877 kB | 3.0/12 MB | 1.9/2.0 MB | 2.1/8.5 MB | 601/674 kB
Progress (5): 769/877 kB | 3.0/12 MB | 1.9/2.0 MB | 2.1/8.5 MB | 601/674 kB
Progress (5): 769/877 kB | 3.0/12 MB | 2.0 MB | 2.1/8.5 MB | 601/674 kB    
Progress (5): 769/877 kB | 3.0/12 MB | 2.0 MB | 2.2/8.5 MB | 601/674 kB
                                                                       
Downloaded from central: https://repo.maven.apache.org/maven2/org/springframework/spring-core/6.2.2/spring-core-6.2.2.jar (2.0 MB at 364 kB/s)
Downloading from central: https://repo.maven.apache.org/maven2/io/netty/netty-codec-http2/4.1.117.Final/netty-codec-http2-4.1.117.Final.jar
Progress (4): 769/877 kB | 3.0/12 MB | 2.2/8.5 MB | 601/674 kB
Progress (4): 769/877 kB | 3.0/12 MB | 2.2/8.5 MB | 618/674 kB
Progress (4): 769/877 kB | 3.0/12 MB | 2.2/8.5 MB | 618/674 kB
Progress (4): 769/877 kB | 3.0/12 MB | 2.2/8.5 MB | 618/674 kB
Progress (4): 786/877 kB | 3.0/12 MB | 2.2/8.5 MB | 618/674 kB
Progress (4): 786/877 kB | 3.0/12 MB | 2.2/8.5 MB | 634/674 kB
Progress (4): 786/877 kB | 3.0/12 MB | 2.2/8.5 MB | 634/674 kB
Progress (4): 786/877 kB | 3.0/12 MB | 2.2/8.5 MB | 651/674 kB
Progress (4): 786/877 kB | 3.0/12 MB | 2.2/8.5 MB | 651/674 kB
Progress (4): 786/877 kB | 3.0/12 MB | 2.2/8.5 MB | 651/674 kB
Progress (4): 786/877 kB | 3.0/12 MB | 2.3/8.5 MB | 651/674 kB
Progress (4): 786/877 kB | 3.0/12 MB | 2.3/8.5 MB | 667/674 kB
Progress (4): 786/877 kB | 3.0/12 MB | 2.3/8.5 MB | 674 kB    
Progress (4): 786/877 kB | 3.0/12 MB | 2.3/8.5 MB | 674 kB
Progress (4): 786/877 kB | 3.0/12 MB | 2.3/8.5 MB | 674 kB
Progress (4): 786/877 kB | 3.0/12 MB | 2.3/8.5 MB | 674 kB
Progress (4): 786/877 kB | 3.0/12 MB | 2.3/8.5 MB | 674 kB
Progress (4): 786/877 kB | 3.0/12 MB | 2.3/8.5 MB | 674 kB
Progress (4): 786/877 kB | 3.0/12 MB | 2.3/8.5 MB | 674 kB
                                                          
Downloaded from central: https://repo.maven.apache.org/maven2/io/netty/netty-codec-http/4.1.117.Final/netty-codec-http-4.1.117.Final.jar (674 kB at 125 kB/s)
Downloading from central: https://repo.maven.apache.org/maven2/io/netty/netty-codec/4.1.117.Final/netty-codec-4.1.117.Final.jar
Progress (3): 802/877 kB | 3.0/12 MB | 2.3/8.5 MB
Progress (3): 802/877 kB | 3.0/12 MB | 2.3/8.5 MB
Progress (3): 802/877 kB | 3.0/12 MB | 2.4/8.5 MB
Progress (3): 802/877 kB | 3.0/12 MB | 2.4/8.5 MB
Progress (3): 802/877 kB | 3.0/12 MB | 2.4/8.5 MB
Progress (3): 802/877 kB | 3.0/12 MB | 2.4/8.5 MB
Progress (3): 802/877 kB | 3.0/12 MB | 2.4/8.5 MB
Progress (3): 802/877 kB | 3.0/12 MB | 2.4/8.5 MB
Progress (3): 802/877 kB | 3.0/12 MB | 2.4/8.5 MB
Progress (3): 802/877 kB | 3.0/12 MB | 2.5/8.5 MB
Progress (3): 802/877 kB | 3.0/12 MB | 2.5/8.5 MB
Progress (3): 802/877 kB | 3.0/12 MB | 2.5/8.5 MB
Progress (3): 802/877 kB | 3.0/12 MB | 2.5/8.5 MB
Progress (3): 802/877 kB | 3.0/12 MB | 2.5/8.5 MB
Progress (3): 802/877 kB | 3.0/12 MB | 2.5/8.5 MB
Progress (3): 802/877 kB | 3.0/12 MB | 2.6/8.5 MB
Progress (3): 802/877 kB | 3.0/12 MB | 2.6/8.5 MB
Progress (3): 802/877 kB | 3.0/12 MB | 2.6/8.5 MB
Progress (3): 802/877 kB | 3.0/12 MB | 2.6/8.5 MB
Progress (3): 802/877 kB | 3.0/12 MB | 2.6/8.5 MB
Progress (3): 802/877 kB | 3.0/12 MB | 2.6/8.5 MB
Progress (3): 818/877 kB | 3.0/12 MB | 2.6/8.5 MB
Progress (3): 818/877 kB | 3.0/12 MB | 2.7/8.5 MB
Progress (4): 818/877 kB | 3.0/12 MB | 2.7/8.5 MB | 7.7/490 kB
Progress (4): 818/877 kB | 3.0/12 MB | 2.7/8.5 MB | 16/490 kB 
Progress (4): 818/877 kB | 3.0/12 MB | 2.7/8.5 MB | 29/490 kB
Progress (4): 818/877 kB | 3.0/12 MB | 2.7/8.5 MB | 45/490 kB
Progress (4): 818/877 kB | 3.0/12 MB | 2.7/8.5 MB | 45/490 kB
Progress (4): 818/877 kB | 3.0/12 MB | 2.7/8.5 MB | 45/490 kB
Progress (4): 818/877 kB | 3.0/12 MB | 2.7/8.5 MB | 45/490 kB
Progress (4): 818/877 kB | 3.0/12 MB | 2.7/8.5 MB | 61/490 kB
Progress (4): 818/877 kB | 3.0/12 MB | 2.7/8.5 MB | 61/490 kB
Progress (4): 818/877 kB | 3.0/12 MB | 2.7/8.5 MB | 78/490 kB
Progress (4): 818/877 kB | 3.0/12 MB | 2.7/8.5 MB | 78/490 kB
Progress (4): 818/877 kB | 3.0/12 MB | 2.7/8.5 MB | 94/490 kB
Progress (4): 818/877 kB | 3.0/12 MB | 2.7/8.5 MB | 94/490 kB
Progress (4): 818/877 kB | 3.0/12 MB | 2.7/8.5 MB | 111/490 kB
Progress (4): 818/877 kB | 3.0/12 MB | 2.8/8.5 MB | 111/490 kB
Progress (4): 818/877 kB | 3.0/12 MB | 2.8/8.5 MB | 127/490 kB
Progress (4): 818/877 kB | 3.0/12 MB | 2.8/8.5 MB | 127/490 kB
Progress (4): 818/877 kB | 3.1/12 MB | 2.8/8.5 MB | 127/490 kB
Progress (4): 818/877 kB | 3.1/12 MB | 2.8/8.5 MB | 143/490 kB
Progress (4): 818/877 kB | 3.1/12 MB | 2.8/8.5 MB | 143/490 kB
Progress (4): 818/877 kB | 3.1/12 MB | 2.8/8.5 MB | 160/490 kB
Progress (4): 818/877 kB | 3.1/12 MB | 2.8/8.5 MB | 160/490 kB
Progress (4): 818/877 kB | 3.1/12 MB | 2.8/8.5 MB | 160/490 kB
Progress (4): 818/877 kB | 3.1/12 MB | 2.8/8.5 MB | 176/490 kB
Progress (4): 818/877 kB | 3.1/12 MB | 2.8/8.5 MB | 193/490 kB
Progress (4): 818/877 kB | 3.1/12 MB | 2.8/8.5 MB | 193/490 kB
Progress (4): 818/877 kB | 3.1/12 MB | 2.8/8.5 MB | 209/490 kB
Progress (4): 818/877 kB | 3.1/12 MB | 2.9/8.5 MB | 209/490 kB
Progress (4): 818/877 kB | 3.1/12 MB | 2.9/8.5 MB | 225/490 kB
Progress (4): 818/877 kB | 3.1/12 MB | 2.9/8.5 MB | 225/490 kB
Progress (4): 818/877 kB | 3.1/12 MB | 2.9/8.5 MB | 225/490 kB
Progress (4): 818/877 kB | 3.1/12 MB | 2.9/8.5 MB | 242/490 kB
Progress (4): 818/877 kB | 3.1/12 MB | 2.9/8.5 MB | 258/490 kB
Progress (4): 818/877 kB | 3.1/12 MB | 2.9/8.5 MB | 258/490 kB
Progress (4): 835/877 kB | 3.1/12 MB | 2.9/8.5 MB | 258/490 kB
Progress (4): 835/877 kB | 3.1/12 MB | 2.9/8.5 MB | 274/490 kB
Progress (4): 835/877 kB | 3.1/12 MB | 2.9/8.5 MB | 274/490 kB
Progress (4): 835/877 kB | 3.1/12 MB | 2.9/8.5 MB | 291/490 kB
Progress (4): 835/877 kB | 3.1/12 MB | 2.9/8.5 MB | 291/490 kB
Progress (4): 835/877 kB | 3.1/12 MB | 2.9/8.5 MB | 291/490 kB
Progress (4): 835/877 kB | 3.1/12 MB | 2.9/8.5 MB | 307/490 kB
Progress (4): 835/877 kB | 3.1/12 MB | 3.0/8.5 MB | 307/490 kB
Progress (5): 835/877 kB | 3.1/12 MB | 3.0/8.5 MB | 307/490 kB | 7.7/355 kB
Progress (5): 835/877 kB | 3.1/12 MB | 3.0/8.5 MB | 307/490 kB | 16/355 kB 
Progress (5): 835/877 kB | 3.1/12 MB | 3.0/8.5 MB | 307/490 kB | 25/355 kB
Progress (5): 835/877 kB | 3.1/12 MB | 3.0/8.5 MB | 307/490 kB | 41/355 kB
Progress (5): 835/877 kB | 3.1/12 MB | 3.0/8.5 MB | 307/490 kB | 57/355 kB
Progress (5): 835/877 kB | 3.1/12 MB | 3.0/8.5 MB | 324/490 kB | 57/355 kB
Progress (5): 835/877 kB | 3.1/12 MB | 3.0/8.5 MB | 324/490 kB | 57/355 kB
Progress (5): 835/877 kB | 3.1/12 MB | 3.0/8.5 MB | 340/490 kB | 57/355 kB
Progress (5): 835/877 kB | 3.1/12 MB | 3.0/8.5 MB | 340/490 kB | 57/355 kB
Progress (5): 835/877 kB | 3.1/12 MB | 3.0/8.5 MB | 340/490 kB | 74/355 kB
Progress (5): 835/877 kB | 3.1/12 MB | 3.0/8.5 MB | 356/490 kB | 74/355 kB
Progress (5): 835/877 kB | 3.1/12 MB | 3.0/8.5 MB | 356/490 kB | 74/355 kB
Progress (5): 835/877 kB | 3.1/12 MB | 3.0/8.5 MB | 373/490 kB | 74/355 kB
Progress (5): 835/877 kB | 3.1/12 MB | 3.0/8.5 MB | 373/490 kB | 74/355 kB
Progress (5): 835/877 kB | 3.1/12 MB | 3.0/8.5 MB | 373/490 kB | 90/355 kB
Progress (5): 835/877 kB | 3.1/12 MB | 3.0/8.5 MB | 389/490 kB | 90/355 kB
Progress (5): 835/877 kB | 3.1/12 MB | 3.0/8.5 MB | 389/490 kB | 90/355 kB
Progress (5): 835/877 kB | 3.1/12 MB | 3.0/8.5 MB | 389/490 kB | 90/355 kB
Progress (5): 835/877 kB | 3.1/12 MB | 3.1/8.5 MB | 389/490 kB | 90/355 kB
Progress (5): 835/877 kB | 3.1/12 MB | 3.1/8.5 MB | 389/490 kB | 106/355 kB
Progress (5): 835/877 kB | 3.1/12 MB | 3.1/8.5 MB | 406/490 kB | 106/355 kB
Progress (5): 835/877 kB | 3.1/12 MB | 3.1/8.5 MB | 406/490 kB | 106/355 kB
Progress (5): 835/877 kB | 3.1/12 MB | 3.1/8.5 MB | 422/490 kB | 106/355 kB
Progress (5): 835/877 kB | 3.1/12 MB | 3.1/8.5 MB | 422/490 kB | 123/355 kB
Progress (5): 835/877 kB | 3.1/12 MB | 3.1/8.5 MB | 422/490 kB | 123/355 kB
Progress (5): 835/877 kB | 3.1/12 MB | 3.1/8.5 MB | 422/490 kB | 139/355 kB
Progress (5): 835/877 kB | 3.1/12 MB | 3.1/8.5 MB | 422/490 kB | 156/355 kB
Progress (5): 835/877 kB | 3.1/12 MB | 3.1/8.5 MB | 422/490 kB | 156/355 kB
Progress (5): 835/877 kB | 3.1/12 MB | 3.1/8.5 MB | 422/490 kB | 156/355 kB
Progress (5): 835/877 kB | 3.1/12 MB | 3.1/8.5 MB | 422/490 kB | 156/355 kB
Progress (5): 835/877 kB | 3.1/12 MB | 3.1/8.5 MB | 422/490 kB | 172/355 kB
Progress (5): 835/877 kB | 3.1/12 MB | 3.1/8.5 MB | 422/490 kB | 188/355 kB
Progress (5): 835/877 kB | 3.1/12 MB | 3.1/8.5 MB | 422/490 kB | 188/355 kB
Progress (5): 835/877 kB | 3.1/12 MB | 3.2/8.5 MB | 422/490 kB | 188/355 kB
Progress (5): 835/877 kB | 3.1/12 MB | 3.2/8.5 MB | 422/490 kB | 205/355 kB
Progress (5): 835/877 kB | 3.1/12 MB | 3.2/8.5 MB | 422/490 kB | 221/355 kB
Progress (5): 835/877 kB | 3.1/12 MB | 3.2/8.5 MB | 422/490 kB | 221/355 kB
Progress (5): 835/877 kB | 3.1/12 MB | 3.2/8.5 MB | 422/490 kB | 238/355 kB
Progress (5): 835/877 kB | 3.1/12 MB | 3.2/8.5 MB | 422/490 kB | 238/355 kB
Progress (5): 835/877 kB | 3.1/12 MB | 3.2/8.5 MB | 422/490 kB | 238/355 kB
Progress (5): 851/877 kB | 3.1/12 MB | 3.2/8.5 MB | 422/490 kB | 238/355 kB
Progress (5): 851/877 kB | 3.1/12 MB | 3.2/8.5 MB | 438/490 kB | 238/355 kB
Progress (5): 851/877 kB | 3.1/12 MB | 3.2/8.5 MB | 455/490 kB | 238/355 kB
Progress (5): 851/877 kB | 3.1/12 MB | 3.2/8.5 MB | 471/490 kB | 238/355 kB
Progress (5): 851/877 kB | 3.1/12 MB | 3.2/8.5 MB | 487/490 kB | 238/355 kB
Progress (5): 851/877 kB | 3.1/12 MB | 3.2/8.5 MB | 487/490 kB | 238/355 kB
Progress (5): 851/877 kB | 3.1/12 MB | 3.2/8.5 MB | 490 kB | 238/355 kB    
                                                                       
Downloaded from central: https://repo.maven.apache.org/maven2/io/netty/netty-codec-http2/4.1.117.Final/netty-codec-http2-4.1.117.Final.jar (490 kB at 89 kB/s)
Downloading from central: https://repo.maven.apache.org/maven2/io/netty/netty-transport/4.1.117.Final/netty-transport-4.1.117.Final.jar
Progress (4): 851/877 kB | 3.1/12 MB | 3.2/8.5 MB | 254/355 kB
Progress (4): 851/877 kB | 3.1/12 MB | 3.2/8.5 MB | 254/355 kB
Progress (4): 851/877 kB | 3.1/12 MB | 3.2/8.5 MB | 254/355 kB
Progress (4): 851/877 kB | 3.1/12 MB | 3.2/8.5 MB | 270/355 kB
Progress (4): 851/877 kB | 3.1/12 MB | 3.3/8.5 MB | 270/355 kB
Progress (4): 851/877 kB | 3.1/12 MB | 3.3/8.5 MB | 287/355 kB
Progress (4): 851/877 kB | 3.1/12 MB | 3.3/8.5 MB | 287/355 kB
Progress (4): 851/877 kB | 3.1/12 MB | 3.3/8.5 MB | 303/355 kB
Progress (4): 851/877 kB | 3.1/12 MB | 3.3/8.5 MB | 319/355 kB
Progress (4): 851/877 kB | 3.1/12 MB | 3.3/8.5 MB | 319/355 kB
Progress (4): 851/877 kB | 3.1/12 MB | 3.3/8.5 MB | 336/355 kB
Progress (4): 851/877 kB | 3.1/12 MB | 3.3/8.5 MB | 336/355 kB
Progress (4): 851/877 kB | 3.1/12 MB | 3.3/8.5 MB | 336/355 kB
Progress (4): 851/877 kB | 3.1/12 MB | 3.3/8.5 MB | 352/355 kB
Progress (4): 851/877 kB | 3.1/12 MB | 3.3/8.5 MB | 355 kB    
Progress (4): 851/877 kB | 3.1/12 MB | 3.3/8.5 MB | 355 kB
Progress (4): 851/877 kB | 3.1/12 MB | 3.3/8.5 MB | 355 kB
Progress (4): 851/877 kB | 3.1/12 MB | 3.3/8.5 MB | 355 kB
                                                          
Downloaded from central: https://repo.maven.apache.org/maven2/io/netty/netty-codec/4.1.117.Final/netty-codec-4.1.117.Final.jar (355 kB at 64 kB/s)
Downloading from central: https://repo.maven.apache.org/maven2/io/netty/netty-common/4.1.117.Final/netty-common-4.1.117.Final.jar
Progress (3): 868/877 kB | 3.1/12 MB | 3.3/8.5 MB
Progress (3): 868/877 kB | 3.1/12 MB | 3.4/8.5 MB
Progress (3): 868/877 kB | 3.1/12 MB | 3.4/8.5 MB
Progress (3): 868/877 kB | 3.1/12 MB | 3.4/8.5 MB
Progress (3): 868/877 kB | 3.2/12 MB | 3.4/8.5 MB
Progress (3): 868/877 kB | 3.2/12 MB | 3.4/8.5 MB
Progress (3): 868/877 kB | 3.2/12 MB | 3.4/8.5 MB
Progress (3): 868/877 kB | 3.2/12 MB | 3.4/8.5 MB
Progress (3): 868/877 kB | 3.2/12 MB | 3.5/8.5 MB
Progress (3): 868/877 kB | 3.2/12 MB | 3.5/8.5 MB
Progress (3): 868/877 kB | 3.2/12 MB | 3.5/8.5 MB
Progress (3): 868/877 kB | 3.2/12 MB | 3.5/8.5 MB
Progress (3): 868/877 kB | 3.2/12 MB | 3.5/8.5 MB
Progress (3): 877 kB | 3.2/12 MB | 3.5/8.5 MB    
Progress (3): 877 kB | 3.2/12 MB | 3.5/8.5 MB
Progress (3): 877 kB | 3.2/12 MB | 3.6/8.5 MB
Progress (3): 877 kB | 3.2/12 MB | 3.6/8.5 MB
                                             
Downloaded from central: https://repo.maven.apache.org/maven2/org/springframework/spring-beans/6.2.2/spring-beans-6.2.2.jar (877 kB at 157 kB/s)
Downloading from central: https://repo.maven.apache.org/maven2/io/netty/netty-buffer/4.1.117.Final/netty-buffer-4.1.117.Final.jar
Progress (2): 3.2/12 MB | 3.6/8.5 MB
Progress (2): 3.2/12 MB | 3.6/8.5 MB
Progress (2): 3.2/12 MB | 3.6/8.5 MB
Progress (2): 3.2/12 MB | 3.6/8.5 MB
Progress (2): 3.2/12 MB | 3.6/8.5 MB
Progress (2): 3.2/12 MB | 3.7/8.5 MB
Progress (2): 3.2/12 MB | 3.7/8.5 MB
Progress (2): 3.2/12 MB | 3.7/8.5 MB
Progress (3): 3.2/12 MB | 3.7/8.5 MB | 7.7/521 kB
Progress (3): 3.2/12 MB | 3.7/8.5 MB | 16/521 kB 
Progress (3): 3.2/12 MB | 3.7/8.5 MB | 32/521 kB
Progress (3): 3.2/12 MB | 3.7/8.5 MB | 32/521 kB
Progress (3): 3.2/12 MB | 3.7/8.5 MB | 49/521 kB
Progress (3): 3.2/12 MB | 3.7/8.5 MB | 49/521 kB
Progress (3): 3.2/12 MB | 3.7/8.5 MB | 49/521 kB
Progress (3): 3.2/12 MB | 3.7/8.5 MB | 65/521 kB
Progress (3): 3.2/12 MB | 3.7/8.5 MB | 81/521 kB
Progress (3): 3.2/12 MB | 3.7/8.5 MB | 81/521 kB
Progress (3): 3.2/12 MB | 3.7/8.5 MB | 98/521 kB
Progress (3): 3.2/12 MB | 3.8/8.5 MB | 98/521 kB
Progress (3): 3.2/12 MB | 3.8/8.5 MB | 114/521 kB
Progress (3): 3.2/12 MB | 3.8/8.5 MB | 114/521 kB
Progress (3): 3.2/12 MB | 3.8/8.5 MB | 131/521 kB
Progress (3): 3.2/12 MB | 3.8/8.5 MB | 131/521 kB
Progress (3): 3.2/12 MB | 3.8/8.5 MB | 147/521 kB
Progress (3): 3.2/12 MB | 3.8/8.5 MB | 147/521 kB
Progress (3): 3.2/12 MB | 3.8/8.5 MB | 163/521 kB
Progress (3): 3.2/12 MB | 3.8/8.5 MB | 163/521 kB
Progress (3): 3.2/12 MB | 3.8/8.5 MB | 163/521 kB
Progress (3): 3.2/12 MB | 3.8/8.5 MB | 163/521 kB
Progress (3): 3.2/12 MB | 3.9/8.5 MB | 163/521 kB
Progress (3): 3.2/12 MB | 3.9/8.5 MB | 180/521 kB
Progress (3): 3.2/12 MB | 3.9/8.5 MB | 196/521 kB
Progress (3): 3.2/12 MB | 3.9/8.5 MB | 196/521 kB
Progress (3): 3.2/12 MB | 3.9/8.5 MB | 196/521 kB
Progress (4): 3.2/12 MB | 3.9/8.5 MB | 196/521 kB | 7.7/718 kB
Progress (4): 3.2/12 MB | 3.9/8.5 MB | 196/521 kB | 12/718 kB 
Progress (4): 3.2/12 MB | 3.9/8.5 MB | 196/521 kB | 12/718 kB
Progress (4): 3.2/12 MB | 3.9/8.5 MB | 213/521 kB | 12/718 kB
Progress (4): 3.2/12 MB | 3.9/8.5 MB | 213/521 kB | 12/718 kB
Progress (4): 3.2/12 MB | 3.9/8.5 MB | 229/521 kB | 12/718 kB
Progress (4): 3.2/12 MB | 3.9/8.5 MB | 229/521 kB | 28/718 kB
Progress (4): 3.2/12 MB | 3.9/8.5 MB | 245/521 kB | 28/718 kB
Progress (4): 3.2/12 MB | 3.9/8.5 MB | 245/521 kB | 44/718 kB
Progress (4): 3.2/12 MB | 3.9/8.5 MB | 245/521 kB | 44/718 kB
Progress (4): 3.2/12 MB | 4.0/8.5 MB | 245/521 kB | 44/718 kB
Progress (4): 3.2/12 MB | 4.0/8.5 MB | 262/521 kB | 44/718 kB
Progress (4): 3.2/12 MB | 4.0/8.5 MB | 262/521 kB | 61/718 kB
Progress (4): 3.2/12 MB | 4.0/8.5 MB | 262/521 kB | 61/718 kB
Progress (4): 3.2/12 MB | 4.0/8.5 MB | 262/521 kB | 61/718 kB
Progress (4): 3.2/12 MB | 4.0/8.5 MB | 278/521 kB | 61/718 kB
Progress (4): 3.2/12 MB | 4.0/8.5 MB | 278/521 kB | 61/718 kB
Progress (4): 3.2/12 MB | 4.0/8.5 MB | 278/521 kB | 77/718 kB
Progress (4): 3.2/12 MB | 4.0/8.5 MB | 294/521 kB | 77/718 kB
Progress (4): 3.2/12 MB | 4.0/8.5 MB | 294/521 kB | 77/718 kB
Progress (4): 3.2/12 MB | 4.0/8.5 MB | 294/521 kB | 93/718 kB
Progress (4): 3.2/12 MB | 4.0/8.5 MB | 311/521 kB | 93/718 kB
Progress (4): 3.2/12 MB | 4.0/8.5 MB | 311/521 kB | 93/718 kB
Progress (4): 3.2/12 MB | 4.0/8.5 MB | 311/521 kB | 93/718 kB
Progress (4): 3.2/12 MB | 4.1/8.5 MB | 311/521 kB | 93/718 kB
Progress (4): 3.2/12 MB | 4.1/8.5 MB | 327/521 kB | 93/718 kB
Progress (4): 3.2/12 MB | 4.1/8.5 MB | 327/521 kB | 110/718 kB
Progress (4): 3.2/12 MB | 4.1/8.5 MB | 344/521 kB | 110/718 kB
Progress (4): 3.2/12 MB | 4.1/8.5 MB | 344/521 kB | 126/718 kB
Progress (4): 3.2/12 MB | 4.1/8.5 MB | 344/521 kB | 126/718 kB
Progress (4): 3.2/12 MB | 4.1/8.5 MB | 344/521 kB | 143/718 kB
Progress (4): 3.2/12 MB | 4.1/8.5 MB | 360/521 kB | 143/718 kB
Progress (4): 3.2/12 MB | 4.1/8.5 MB | 360/521 kB | 143/718 kB
Progress (4): 3.2/12 MB | 4.1/8.5 MB | 376/521 kB | 143/718 kB
Progress (4): 3.2/12 MB | 4.1/8.5 MB | 376/521 kB | 143/718 kB
Progress (4): 3.2/12 MB | 4.1/8.5 MB | 376/521 kB | 143/718 kB
Progress (4): 3.2/12 MB | 4.1/8.5 MB | 376/521 kB | 159/718 kB
Progress (4): 3.2/12 MB | 4.1/8.5 MB | 393/521 kB | 159/718 kB
Progress (4): 3.2/12 MB | 4.1/8.5 MB | 393/521 kB | 159/718 kB
Progress (4): 3.2/12 MB | 4.1/8.5 MB | 409/521 kB | 159/718 kB
Progress (4): 3.2/12 MB | 4.1/8.5 MB | 409/521 kB | 159/718 kB
Progress (4): 3.2/12 MB | 4.1/8.5 MB | 409/521 kB | 175/718 kB
Progress (4): 3.2/12 MB | 4.1/8.5 MB | 409/521 kB | 175/718 kB
Progress (4): 3.2/12 MB | 4.1/8.5 MB | 426/521 kB | 175/718 kB
Progress (4): 3.2/12 MB | 4.2/8.5 MB | 426/521 kB | 175/718 kB
Progress (4): 3.2/12 MB | 4.2/8.5 MB | 426/521 kB | 192/718 kB
Progress (4): 3.2/12 MB | 4.2/8.5 MB | 426/521 kB | 192/718 kB
Progress (4): 3.2/12 MB | 4.2/8.5 MB | 442/521 kB | 192/718 kB
Progress (4): 3.3/12 MB | 4.2/8.5 MB | 442/521 kB | 192/718 kB
Progress (4): 3.3/12 MB | 4.2/8.5 MB | 458/521 kB | 192/718 kB
Progress (4): 3.3/12 MB | 4.2/8.5 MB | 458/521 kB | 208/718 kB
Progress (4): 3.3/12 MB | 4.2/8.5 MB | 458/521 kB | 225/718 kB
Progress (4): 3.3/12 MB | 4.2/8.5 MB | 475/521 kB | 225/718 kB
Progress (4): 3.3/12 MB | 4.2/8.5 MB | 475/521 kB | 225/718 kB
Progress (4): 3.3/12 MB | 4.2/8.5 MB | 475/521 kB | 241/718 kB
Progress (4): 3.3/12 MB | 4.2/8.5 MB | 491/521 kB | 241/718 kB
Progress (4): 3.3/12 MB | 4.2/8.5 MB | 491/521 kB | 241/718 kB
Progress (4): 3.3/12 MB | 4.2/8.5 MB | 491/521 kB | 241/718 kB
Progress (4): 3.3/12 MB | 4.2/8.5 MB | 491/521 kB | 241/718 kB
Progress (5): 3.3/12 MB | 4.2/8.5 MB | 491/521 kB | 241/718 kB | 7.7/338 kB
Progress (5): 3.3/12 MB | 4.2/8.5 MB | 491/521 kB | 241/718 kB | 16/338 kB 
Progress (5): 3.3/12 MB | 4.2/8.5 MB | 507/521 kB | 241/718 kB | 16/338 kB
Progress (5): 3.3/12 MB | 4.2/8.5 MB | 507/521 kB | 257/718 kB | 16/338 kB
Progress (5): 3.3/12 MB | 4.3/8.5 MB | 507/521 kB | 257/718 kB | 16/338 kB
Progress (5): 3.3/12 MB | 4.3/8.5 MB | 521 kB | 257/718 kB | 16/338 kB    
Progress (5): 3.3/12 MB | 4.3/8.5 MB | 521 kB | 274/718 kB | 16/338 kB
Progress (5): 3.3/12 MB | 4.3/8.5 MB | 521 kB | 274/718 kB | 16/338 kB
Progress (5): 3.3/12 MB | 4.3/8.5 MB | 521 kB | 274/718 kB | 16/338 kB
Progress (5): 3.3/12 MB | 4.3/8.5 MB | 521 kB | 290/718 kB | 16/338 kB
Progress (5): 3.3/12 MB | 4.3/8.5 MB | 521 kB | 290/718 kB | 16/338 kB
Progress (5): 3.3/12 MB | 4.3/8.5 MB | 521 kB | 306/718 kB | 16/338 kB
Progress (5): 3.3/12 MB | 4.3/8.5 MB | 521 kB | 323/718 kB | 16/338 kB
Progress (5): 3.3/12 MB | 4.3/8.5 MB | 521 kB | 323/718 kB | 16/338 kB
Progress (5): 3.3/12 MB | 4.3/8.5 MB | 521 kB | 339/718 kB | 16/338 kB
Progress (5): 3.3/12 MB | 4.3/8.5 MB | 521 kB | 356/718 kB | 16/338 kB
Progress (5): 3.3/12 MB | 4.3/8.5 MB | 521 kB | 356/718 kB | 16/338 kB
Progress (5): 3.3/12 MB | 4.4/8.5 MB | 521 kB | 356/718 kB | 16/338 kB
Progress (5): 3.3/12 MB | 4.4/8.5 MB | 521 kB | 356/718 kB | 16/338 kB
Progress (5): 3.3/12 MB | 4.4/8.5 MB | 521 kB | 372/718 kB | 16/338 kB
Progress (5): 3.3/12 MB | 4.4/8.5 MB | 521 kB | 372/718 kB | 16/338 kB
Progress (5): 3.3/12 MB | 4.4/8.5 MB | 521 kB | 388/718 kB | 16/338 kB
Progress (5): 3.3/12 MB | 4.4/8.5 MB | 521 kB | 388/718 kB | 16/338 kB
Progress (5): 3.3/12 MB | 4.4/8.5 MB | 521 kB | 388/718 kB | 16/338 kB
Progress (5): 3.3/12 MB | 4.4/8.5 MB | 521 kB | 405/718 kB | 16/338 kB
Progress (5): 3.3/12 MB | 4.4/8.5 MB | 521 kB | 405/718 kB | 16/338 kB
Progress (5): 3.3/12 MB | 4.4/8.5 MB | 521 kB | 405/718 kB | 16/338 kB
Progress (5): 3.3/12 MB | 4.4/8.5 MB | 521 kB | 405/718 kB | 16/338 kB
Progress (5): 3.3/12 MB | 4.5/8.5 MB | 521 kB | 405/718 kB | 16/338 kB
Progress (5): 3.3/12 MB | 4.5/8.5 MB | 521 kB | 405/718 kB | 16/338 kB
Progress (5): 3.3/12 MB | 4.5/8.5 MB | 521 kB | 405/718 kB | 16/338 kB
Progress (5): 3.3/12 MB | 4.5/8.5 MB | 521 kB | 405/718 kB | 16/338 kB
Progress (5): 3.3/12 MB | 4.5/8.5 MB | 521 kB | 421/718 kB | 16/338 kB
Progress (5): 3.3/12 MB | 4.5/8.5 MB | 521 kB | 421/718 kB | 16/338 kB
Progress (5): 3.3/12 MB | 4.5/8.5 MB | 521 kB | 421/718 kB | 16/338 kB
Progress (5): 3.3/12 MB | 4.5/8.5 MB | 521 kB | 421/718 kB | 32/338 kB
Progress (5): 3.3/12 MB | 4.5/8.5 MB | 521 kB | 438/718 kB | 32/338 kB
Progress (5): 3.3/12 MB | 4.5/8.5 MB | 521 kB | 438/718 kB | 32/338 kB
Progress (5): 3.3/12 MB | 4.5/8.5 MB | 521 kB | 454/718 kB | 32/338 kB
Progress (5): 3.3/12 MB | 4.6/8.5 MB | 521 kB | 454/718 kB | 32/338 kB
Progress (5): 3.3/12 MB | 4.6/8.5 MB | 521 kB | 470/718 kB | 32/338 kB
Progress (5): 3.3/12 MB | 4.6/8.5 MB | 521 kB | 470/718 kB | 32/338 kB
Progress (5): 3.3/12 MB | 4.6/8.5 MB | 521 kB | 487/718 kB | 32/338 kB
Progress (5): 3.3/12 MB | 4.6/8.5 MB | 521 kB | 487/718 kB | 32/338 kB
                                                                      
Downloaded from central: https://repo.maven.apache.org/maven2/io/netty/netty-transport/4.1.117.Final/netty-transport-4.1.117.Final.jar (521 kB at 91 kB/s)
Downloading from central: https://repo.maven.apache.org/maven2/io/netty/netty-handler/4.1.117.Final/netty-handler-4.1.117.Final.jar
Progress (4): 3.3/12 MB | 4.6/8.5 MB | 487/718 kB | 32/338 kB
Progress (4): 3.3/12 MB | 4.6/8.5 MB | 503/718 kB | 32/338 kB
Progress (4): 3.3/12 MB | 4.6/8.5 MB | 519/718 kB | 32/338 kB
Progress (4): 3.3/12 MB | 4.6/8.5 MB | 519/718 kB | 32/338 kB
Progress (4): 3.3/12 MB | 4.6/8.5 MB | 536/718 kB | 32/338 kB
Progress (4): 3.3/12 MB | 4.6/8.5 MB | 536/718 kB | 32/338 kB
Progress (4): 3.3/12 MB | 4.7/8.5 MB | 536/718 kB | 32/338 kB
Progress (4): 3.3/12 MB | 4.7/8.5 MB | 536/718 kB | 32/338 kB
Progress (4): 3.3/12 MB | 4.7/8.5 MB | 536/718 kB | 32/338 kB
Progress (4): 3.3/12 MB | 4.7/8.5 MB | 536/718 kB | 32/338 kB
Progress (4): 3.3/12 MB | 4.7/8.5 MB | 552/718 kB | 32/338 kB
Progress (4): 3.3/12 MB | 4.7/8.5 MB | 552/718 kB | 32/338 kB
Progress (4): 3.3/12 MB | 4.7/8.5 MB | 552/718 kB | 32/338 kB
Progress (4): 3.3/12 MB | 4.8/8.5 MB | 552/718 kB | 32/338 kB
Progress (4): 3.3/12 MB | 4.8/8.5 MB | 552/718 kB | 32/338 kB
Progress (4): 3.3/12 MB | 4.8/8.5 MB | 552/718 kB | 32/338 kB
Progress (4): 3.3/12 MB | 4.8/8.5 MB | 569/718 kB | 32/338 kB
Progress (4): 3.3/12 MB | 4.8/8.5 MB | 569/718 kB | 32/338 kB
Progress (4): 3.3/12 MB | 4.8/8.5 MB | 569/718 kB | 32/338 kB
Progress (4): 3.3/12 MB | 4.8/8.5 MB | 569/718 kB | 32/338 kB
Progress (4): 3.3/12 MB | 4.8/8.5 MB | 569/718 kB | 32/338 kB
Progress (4): 3.3/12 MB | 4.8/8.5 MB | 569/718 kB | 32/338 kB
Progress (4): 3.3/12 MB | 4.9/8.5 MB | 569/718 kB | 32/338 kB
Progress (4): 3.4/12 MB | 4.9/8.5 MB | 569/718 kB | 32/338 kB
Progress (4): 3.4/12 MB | 4.9/8.5 MB | 569/718 kB | 32/338 kB
Progress (4): 3.4/12 MB | 4.9/8.5 MB | 569/718 kB | 32/338 kB
Progress (4): 3.4/12 MB | 4.9/8.5 MB | 569/718 kB | 32/338 kB
Progress (4): 3.4/12 MB | 4.9/8.5 MB | 569/718 kB | 32/338 kB
Progress (4): 3.4/12 MB | 4.9/8.5 MB | 569/718 kB | 32/338 kB
Progress (4): 3.4/12 MB | 5.0/8.5 MB | 569/718 kB | 32/338 kB
Progress (4): 3.4/12 MB | 5.0/8.5 MB | 569/718 kB | 32/338 kB
Progress (4): 3.4/12 MB | 5.0/8.5 MB | 569/718 kB | 32/338 kB
Progress (4): 3.4/12 MB | 5.0/8.5 MB | 569/718 kB | 32/338 kB
Progress (4): 3.4/12 MB | 5.0/8.5 MB | 569/718 kB | 32/338 kB
Progress (4): 3.4/12 MB | 5.0/8.5 MB | 569/718 kB | 32/338 kB
Progress (4): 3.4/12 MB | 5.0/8.5 MB | 569/718 kB | 32/338 kB
Progress (4): 3.4/12 MB | 5.1/8.5 MB | 569/718 kB | 32/338 kB
Progress (4): 3.4/12 MB | 5.1/8.5 MB | 569/718 kB | 32/338 kB
Progress (4): 3.4/12 MB | 5.1/8.5 MB | 585/718 kB | 32/338 kB
Progress (4): 3.4/12 MB | 5.1/8.5 MB | 585/718 kB | 32/338 kB
Progress (4): 3.4/12 MB | 5.1/8.5 MB | 585/718 kB | 32/338 kB
Progress (4): 3.4/12 MB | 5.1/8.5 MB | 601/718 kB | 32/338 kB
Progress (4): 3.4/12 MB | 5.1/8.5 MB | 601/718 kB | 32/338 kB
Progress (4): 3.4/12 MB | 5.1/8.5 MB | 601/718 kB | 32/338 kB
Progress (4): 3.4/12 MB | 5.1/8.5 MB | 618/718 kB | 32/338 kB
Progress (4): 3.4/12 MB | 5.1/8.5 MB | 634/718 kB | 32/338 kB
Progress (4): 3.4/12 MB | 5.1/8.5 MB | 651/718 kB | 32/338 kB
Progress (4): 3.4/12 MB | 5.1/8.5 MB | 667/718 kB | 32/338 kB
Progress (4): 3.4/12 MB | 5.1/8.5 MB | 683/718 kB | 32/338 kB
Progress (4): 3.4/12 MB | 5.1/8.5 MB | 700/718 kB | 32/338 kB
Progress (4): 3.4/12 MB | 5.1/8.5 MB | 716/718 kB | 32/338 kB
Progress (4): 3.4/12 MB | 5.1/8.5 MB | 718 kB | 32/338 kB    
Progress (4): 3.4/12 MB | 5.2/8.5 MB | 718 kB | 32/338 kB
Progress (4): 3.4/12 MB | 5.2/8.5 MB | 718 kB | 32/338 kB
Progress (5): 3.4/12 MB | 5.2/8.5 MB | 718 kB | 32/338 kB | 3.4/580 kB
Progress (5): 3.4/12 MB | 5.2/8.5 MB | 718 kB | 32/338 kB | 20/580 kB 
                                                                     
Downloaded from central: https://repo.maven.apache.org/maven2/io/netty/netty-common/4.1.117.Final/netty-common-4.1.117.Final.jar (718 kB at 124 kB/s)
Downloading from central: https://repo.maven.apache.org/maven2/io/netty/netty-transport-native-unix-common/4.1.117.Final/netty-transport-native-unix-common-4.1.117.Final.jar
Progress (4): 3.4/12 MB | 5.2/8.5 MB | 32/338 kB | 20/580 kB
Progress (4): 3.4/12 MB | 5.2/8.5 MB | 32/338 kB | 36/580 kB
Progress (4): 3.4/12 MB | 5.2/8.5 MB | 32/338 kB | 36/580 kB
Progress (4): 3.4/12 MB | 5.2/8.5 MB | 32/338 kB | 36/580 kB
Progress (4): 3.4/12 MB | 5.2/8.5 MB | 32/338 kB | 53/580 kB
Progress (4): 3.4/12 MB | 5.2/8.5 MB | 32/338 kB | 61/580 kB
Progress (4): 3.4/12 MB | 5.2/8.5 MB | 32/338 kB | 77/580 kB
Progress (4): 3.4/12 MB | 5.2/8.5 MB | 32/338 kB | 77/580 kB
Progress (4): 3.4/12 MB | 5.2/8.5 MB | 32/338 kB | 93/580 kB
Progress (4): 3.4/12 MB | 5.2/8.5 MB | 32/338 kB | 110/580 kB
Progress (4): 3.4/12 MB | 5.2/8.5 MB | 32/338 kB | 110/580 kB
Progress (4): 3.4/12 MB | 5.3/8.5 MB | 32/338 kB | 110/580 kB
Progress (4): 3.4/12 MB | 5.3/8.5 MB | 32/338 kB | 126/580 kB
Progress (4): 3.4/12 MB | 5.3/8.5 MB | 48/338 kB | 126/580 kB
Progress (4): 3.4/12 MB | 5.3/8.5 MB | 48/338 kB | 143/580 kB
Progress (4): 3.4/12 MB | 5.3/8.5 MB | 65/338 kB | 143/580 kB
Progress (4): 3.4/12 MB | 5.3/8.5 MB | 81/338 kB | 143/580 kB
Progress (4): 3.4/12 MB | 5.3/8.5 MB | 81/338 kB | 143/580 kB
Progress (4): 3.4/12 MB | 5.3/8.5 MB | 81/338 kB | 143/580 kB
Progress (4): 3.4/12 MB | 5.3/8.5 MB | 81/338 kB | 159/580 kB
Progress (4): 3.4/12 MB | 5.3/8.5 MB | 81/338 kB | 159/580 kB
Progress (4): 3.4/12 MB | 5.3/8.5 MB | 81/338 kB | 175/580 kB
Progress (4): 3.4/12 MB | 5.3/8.5 MB | 81/338 kB | 175/580 kB
Progress (4): 3.4/12 MB | 5.3/8.5 MB | 81/338 kB | 192/580 kB
Progress (4): 3.4/12 MB | 5.3/8.5 MB | 81/338 kB | 192/580 kB
Progress (4): 3.4/12 MB | 5.3/8.5 MB | 81/338 kB | 208/580 kB
Progress (4): 3.4/12 MB | 5.3/8.5 MB | 81/338 kB | 208/580 kB
Progress (4): 3.4/12 MB | 5.4/8.5 MB | 81/338 kB | 208/580 kB
Progress (4): 3.4/12 MB | 5.4/8.5 MB | 81/338 kB | 225/580 kB
Progress (4): 3.4/12 MB | 5.4/8.5 MB | 81/338 kB | 225/580 kB
Progress (4): 3.4/12 MB | 5.4/8.5 MB | 81/338 kB | 241/580 kB
Progress (4): 3.4/12 MB | 5.4/8.5 MB | 81/338 kB | 241/580 kB
Progress (4): 3.4/12 MB | 5.4/8.5 MB | 81/338 kB | 241/580 kB
Progress (4): 3.4/12 MB | 5.4/8.5 MB | 81/338 kB | 257/580 kB
Progress (4): 3.4/12 MB | 5.4/8.5 MB | 81/338 kB | 274/580 kB
Progress (4): 3.4/12 MB | 5.4/8.5 MB | 81/338 kB | 274/580 kB
Progress (4): 3.4/12 MB | 5.4/8.5 MB | 81/338 kB | 290/580 kB
Progress (4): 3.4/12 MB | 5.4/8.5 MB | 81/338 kB | 290/580 kB
Progress (4): 3.4/12 MB | 5.4/8.5 MB | 81/338 kB | 290/580 kB
Progress (4): 3.4/12 MB | 5.4/8.5 MB | 81/338 kB | 306/580 kB
Progress (4): 3.4/12 MB | 5.4/8.5 MB | 98/338 kB | 306/580 kB
Progress (4): 3.4/12 MB | 5.5/8.5 MB | 98/338 kB | 306/580 kB
Progress (4): 3.4/12 MB | 5.5/8.5 MB | 98/338 kB | 306/580 kB
Progress (4): 3.4/12 MB | 5.5/8.5 MB | 98/338 kB | 323/580 kB
Progress (4): 3.4/12 MB | 5.5/8.5 MB | 98/338 kB | 323/580 kB
Progress (4): 3.4/12 MB | 5.5/8.5 MB | 98/338 kB | 339/580 kB
Progress (4): 3.4/12 MB | 5.5/8.5 MB | 98/338 kB | 339/580 kB
Progress (4): 3.4/12 MB | 5.5/8.5 MB | 98/338 kB | 356/580 kB
Progress (4): 3.4/12 MB | 5.5/8.5 MB | 98/338 kB | 356/580 kB
Progress (4): 3.4/12 MB | 5.5/8.5 MB | 98/338 kB | 356/580 kB
Progress (4): 3.4/12 MB | 5.5/8.5 MB | 98/338 kB | 372/580 kB
Progress (4): 3.4/12 MB | 5.5/8.5 MB | 98/338 kB | 372/580 kB
Progress (4): 3.4/12 MB | 5.6/8.5 MB | 98/338 kB | 372/580 kB
Progress (4): 3.4/12 MB | 5.6/8.5 MB | 98/338 kB | 372/580 kB
Progress (4): 3.4/12 MB | 5.6/8.5 MB | 98/338 kB | 388/580 kB
Progress (4): 3.4/12 MB | 5.6/8.5 MB | 98/338 kB | 388/580 kB
Progress (4): 3.4/12 MB | 5.6/8.5 MB | 98/338 kB | 405/580 kB
Progress (4): 3.4/12 MB | 5.6/8.5 MB | 98/338 kB | 405/580 kB
Progress (4): 3.4/12 MB | 5.6/8.5 MB | 98/338 kB | 421/580 kB
Progress (4): 3.4/12 MB | 5.6/8.5 MB | 98/338 kB | 421/580 kB
Progress (4): 3.4/12 MB | 5.6/8.5 MB | 98/338 kB | 438/580 kB
Progress (4): 3.4/12 MB | 5.6/8.5 MB | 98/338 kB | 438/580 kB
Progress (4): 3.4/12 MB | 5.7/8.5 MB | 98/338 kB | 438/580 kB
Progress (5): 3.4/12 MB | 5.7/8.5 MB | 98/338 kB | 438/580 kB | 7.7/44 kB
Progress (5): 3.4/12 MB | 5.7/8.5 MB | 98/338 kB | 438/580 kB | 16/44 kB 
Progress (5): 3.4/12 MB | 5.7/8.5 MB | 98/338 kB | 438/580 kB | 25/44 kB
Progress (5): 3.4/12 MB | 5.7/8.5 MB | 98/338 kB | 454/580 kB | 25/44 kB
Progress (5): 3.4/12 MB | 5.7/8.5 MB | 98/338 kB | 454/580 kB | 25/44 kB
Progress (5): 3.4/12 MB | 5.7/8.5 MB | 98/338 kB | 454/580 kB | 25/44 kB
Progress (5): 3.4/12 MB | 5.7/8.5 MB | 98/338 kB | 454/580 kB | 41/44 kB
Progress (5): 3.4/12 MB | 5.7/8.5 MB | 98/338 kB | 470/580 kB | 41/44 kB
Progress (5): 3.4/12 MB | 5.7/8.5 MB | 98/338 kB | 470/580 kB | 44 kB   
Progress (5): 3.4/12 MB | 5.7/8.5 MB | 98/338 kB | 470/580 kB | 44 kB
Progress (5): 3.4/12 MB | 5.7/8.5 MB | 98/338 kB | 470/580 kB | 44 kB
Progress (5): 3.4/12 MB | 5.7/8.5 MB | 98/338 kB | 487/580 kB | 44 kB
Progress (5): 3.4/12 MB | 5.7/8.5 MB | 114/338 kB | 487/580 kB | 44 kB
Progress (5): 3.4/12 MB | 5.7/8.5 MB | 114/338 kB | 487/580 kB | 44 kB
Progress (5): 3.4/12 MB | 5.7/8.5 MB | 114/338 kB | 503/580 kB | 44 kB
Progress (5): 3.4/12 MB | 5.7/8.5 MB | 114/338 kB | 503/580 kB | 44 kB
Progress (5): 3.4/12 MB | 5.7/8.5 MB | 114/338 kB | 519/580 kB | 44 kB
Progress (5): 3.4/12 MB | 5.8/8.5 MB | 114/338 kB | 519/580 kB | 44 kB
Progress (5): 3.4/12 MB | 5.8/8.5 MB | 114/338 kB | 536/580 kB | 44 kB
Progress (5): 3.4/12 MB | 5.8/8.5 MB | 114/338 kB | 552/580 kB | 44 kB
Progress (5): 3.4/12 MB | 5.8/8.5 MB | 114/338 kB | 569/580 kB | 44 kB
Progress (5): 3.5/12 MB | 5.8/8.5 MB | 114/338 kB | 569/580 kB | 44 kB
Progress (5): 3.5/12 MB | 5.8/8.5 MB | 114/338 kB | 580 kB | 44 kB    
Progress (5): 3.5/12 MB | 5.8/8.5 MB | 114/338 kB | 580 kB | 44 kB
Progress (5): 3.5/12 MB | 5.8/8.5 MB | 114/338 kB | 580 kB | 44 kB
Progress (5): 3.5/12 MB | 5.8/8.5 MB | 114/338 kB | 580 kB | 44 kB
Progress (5): 3.5/12 MB | 5.8/8.5 MB | 114/338 kB | 580 kB | 44 kB
Progress (5): 3.5/12 MB | 5.8/8.5 MB | 114/338 kB | 580 kB | 44 kB
Progress (5): 3.5/12 MB | 5.9/8.5 MB | 114/338 kB | 580 kB | 44 kB
Progress (5): 3.5/12 MB | 5.9/8.5 MB | 114/338 kB | 580 kB | 44 kB
Progress (5): 3.5/12 MB | 5.9/8.5 MB | 114/338 kB | 580 kB | 44 kB
Progress (5): 3.5/12 MB | 5.9/8.5 MB | 114/338 kB | 580 kB | 44 kB
Progress (5): 3.5/12 MB | 5.9/8.5 MB | 130/338 kB | 580 kB | 44 kB
Progress (5): 3.5/12 MB | 5.9/8.5 MB | 130/338 kB | 580 kB | 44 kB
Progress (5): 3.5/12 MB | 5.9/8.5 MB | 130/338 kB | 580 kB | 44 kB
Progress (5): 3.5/12 MB | 5.9/8.5 MB | 130/338 kB | 580 kB | 44 kB
Progress (5): 3.5/12 MB | 6.0/8.5 MB | 130/338 kB | 580 kB | 44 kB
                                                                  
Downloaded from central: https://repo.maven.apache.org/maven2/io/netty/netty-transport-native-unix-common/4.1.117.Final/netty-transport-native-unix-common-4.1.117.Final.jar (44 kB at 7.5 kB/s)
Downloading from central: https://repo.maven.apache.org/maven2/io/netty/netty-transport-classes-epoll/4.1.117.Final/netty-transport-classes-epoll-4.1.117.Final.jar
Progress (4): 3.5/12 MB | 6.0/8.5 MB | 130/338 kB | 580 kB
Progress (4): 3.5/12 MB | 6.0/8.5 MB | 130/338 kB | 580 kB
Progress (4): 3.5/12 MB | 6.0/8.5 MB | 130/338 kB | 580 kB
Progress (4): 3.5/12 MB | 6.0/8.5 MB | 130/338 kB | 580 kB
Progress (4): 3.5/12 MB | 6.0/8.5 MB | 130/338 kB | 580 kB
Progress (4): 3.5/12 MB | 6.0/8.5 MB | 130/338 kB | 580 kB
Progress (4): 3.5/12 MB | 6.0/8.5 MB | 130/338 kB | 580 kB
Progress (4): 3.5/12 MB | 6.1/8.5 MB | 130/338 kB | 580 kB
Progress (4): 3.5/12 MB | 6.1/8.5 MB | 130/338 kB | 580 kB
Progress (4): 3.5/12 MB | 6.1/8.5 MB | 130/338 kB | 580 kB
Progress (4): 3.5/12 MB | 6.1/8.5 MB | 130/338 kB | 580 kB
                                                          
Downloaded from central: https://repo.maven.apache.org/maven2/io/netty/netty-handler/4.1.117.Final/netty-handler-4.1.117.Final.jar (580 kB at 98 kB/s)
Downloading from central: https://repo.maven.apache.org/maven2/io/netty/netty-resolver/4.1.117.Final/netty-resolver-4.1.117.Final.jar
Progress (3): 3.5/12 MB | 6.1/8.5 MB | 130/338 kB
Progress (3): 3.5/12 MB | 6.1/8.5 MB | 130/338 kB
Progress (3): 3.5/12 MB | 6.1/8.5 MB | 130/338 kB
Progress (3): 3.5/12 MB | 6.1/8.5 MB | 147/338 kB
Progress (3): 3.5/12 MB | 6.2/8.5 MB | 147/338 kB
Progress (3): 3.5/12 MB | 6.2/8.5 MB | 147/338 kB
Progress (3): 3.5/12 MB | 6.2/8.5 MB | 147/338 kB
Progress (3): 3.5/12 MB | 6.2/8.5 MB | 147/338 kB
Progress (3): 3.5/12 MB | 6.2/8.5 MB | 147/338 kB
Progress (3): 3.5/12 MB | 6.2/8.5 MB | 147/338 kB
Progress (3): 3.5/12 MB | 6.3/8.5 MB | 147/338 kB
Progress (3): 3.5/12 MB | 6.3/8.5 MB | 147/338 kB
Progress (3): 3.5/12 MB | 6.3/8.5 MB | 147/338 kB
Progress (3): 3.5/12 MB | 6.3/8.5 MB | 147/338 kB
Progress (3): 3.5/12 MB | 6.3/8.5 MB | 147/338 kB
Progress (3): 3.5/12 MB | 6.3/8.5 MB | 147/338 kB
Progress (3): 3.5/12 MB | 6.3/8.5 MB | 163/338 kB
Progress (3): 3.5/12 MB | 6.3/8.5 MB | 163/338 kB
Progress (3): 3.6/12 MB | 6.3/8.5 MB | 163/338 kB
Progress (4): 3.6/12 MB | 6.3/8.5 MB | 163/338 kB | 7.7/148 kB
Progress (4): 3.6/12 MB | 6.3/8.5 MB | 163/338 kB | 16/148 kB 
Progress (4): 3.6/12 MB | 6.3/8.5 MB | 163/338 kB | 32/148 kB
Progress (4): 3.6/12 MB | 6.3/8.5 MB | 163/338 kB | 49/148 kB
Progress (4): 3.6/12 MB | 6.3/8.5 MB | 163/338 kB | 65/148 kB
Progress (4): 3.6/12 MB | 6.3/8.5 MB | 163/338 kB | 81/148 kB
Progress (4): 3.6/12 MB | 6.3/8.5 MB | 163/338 kB | 98/148 kB
Progress (4): 3.6/12 MB | 6.3/8.5 MB | 163/338 kB | 114/148 kB
Progress (4): 3.6/12 MB | 6.3/8.5 MB | 163/338 kB | 131/148 kB
Progress (4): 3.6/12 MB | 6.3/8.5 MB | 163/338 kB | 147/148 kB
Progress (4): 3.6/12 MB | 6.3/8.5 MB | 180/338 kB | 147/148 kB
Progress (4): 3.6/12 MB | 6.3/8.5 MB | 180/338 kB | 147/148 kB
Progress (4): 3.6/12 MB | 6.3/8.5 MB | 180/338 kB | 148 kB    
                                                          
Downloaded from central: https://repo.maven.apache.org/maven2/io/netty/netty-transport-classes-epoll/4.1.117.Final/netty-transport-classes-epoll-4.1.117.Final.jar (148 kB at 25 kB/s)
Progress (3): 3.6/12 MB | 6.3/8.5 MB | 180/338 kB
Progress (4): 3.6/12 MB | 6.3/8.5 MB | 180/338 kB | 7.7/38 kB
Progress (4): 3.6/12 MB | 6.3/8.5 MB | 180/338 kB | 16/38 kB 
Progress (4): 3.6/12 MB | 6.3/8.5 MB | 180/338 kB | 32/38 kB
Progress (4): 3.6/12 MB | 6.3/8.5 MB | 180/338 kB | 38 kB   
Progress (4): 3.6/12 MB | 6.3/8.5 MB | 180/338 kB | 38 kB
Progress (4): 3.6/12 MB | 6.3/8.5 MB | 180/338 kB | 38 kB
Progress (4): 3.6/12 MB | 6.4/8.5 MB | 180/338 kB | 38 kB
Progress (4): 3.6/12 MB | 6.4/8.5 MB | 196/338 kB | 38 kB
Progress (4): 3.6/12 MB | 6.4/8.5 MB | 196/338 kB | 38 kB
                                                         
Downloaded from central: https://repo.maven.apache.org/maven2/io/netty/netty-resolver/4.1.117.Final/netty-resolver-4.1.117.Final.jar (38 kB at 6.3 kB/s)
Progress (3): 3.6/12 MB | 6.4/8.5 MB | 196/338 kB
Progress (3): 3.6/12 MB | 6.4/8.5 MB | 196/338 kB
Progress (3): 3.6/12 MB | 6.4/8.5 MB | 196/338 kB
Progress (3): 3.6/12 MB | 6.4/8.5 MB | 196/338 kB
Progress (3): 3.6/12 MB | 6.5/8.5 MB | 196/338 kB
Progress (3): 3.6/12 MB | 6.5/8.5 MB | 196/338 kB
Progress (3): 3.6/12 MB | 6.5/8.5 MB | 196/338 kB
Progress (3): 3.6/12 MB | 6.5/8.5 MB | 196/338 kB
Progress (3): 3.6/12 MB | 6.5/8.5 MB | 196/338 kB
Progress (3): 3.6/12 MB | 6.5/8.5 MB | 196/338 kB
Progress (3): 3.6/12 MB | 6.6/8.5 MB | 196/338 kB
Progress (3): 3.6/12 MB | 6.6/8.5 MB | 196/338 kB
Progress (3): 3.6/12 MB | 6.6/8.5 MB | 196/338 kB
Progress (3): 3.6/12 MB | 6.6/8.5 MB | 196/338 kB
Progress (3): 3.6/12 MB | 6.6/8.5 MB | 196/338 kB
Progress (3): 3.6/12 MB | 6.6/8.5 MB | 196/338 kB
Progress (3): 3.6/12 MB | 6.7/8.5 MB | 196/338 kB
Progress (3): 3.6/12 MB | 6.7/8.5 MB | 196/338 kB
Progress (3): 3.6/12 MB | 6.7/8.5 MB | 196/338 kB
Progress (3): 3.6/12 MB | 6.7/8.5 MB | 196/338 kB
Progress (3): 3.6/12 MB | 6.7/8.5 MB | 196/338 kB
Progress (3): 3.6/12 MB | 6.7/8.5 MB | 196/338 kB
Progress (3): 3.6/12 MB | 6.8/8.5 MB | 196/338 kB
Progress (3): 3.6/12 MB | 6.8/8.5 MB | 196/338 kB
Progress (3): 3.6/12 MB | 6.8/8.5 MB | 196/338 kB
Progress (3): 3.6/12 MB | 6.8/8.5 MB | 196/338 kB
Progress (3): 3.6/12 MB | 6.8/8.5 MB | 196/338 kB
Progress (3): 3.6/12 MB | 6.8/8.5 MB | 196/338 kB
Progress (3): 3.6/12 MB | 6.9/8.5 MB | 196/338 kB
Progress (3): 3.6/12 MB | 6.9/8.5 MB | 196/338 kB
Progress (3): 3.6/12 MB | 6.9/8.5 MB | 196/338 kB
Progress (3): 3.6/12 MB | 6.9/8.5 MB | 196/338 kB
Progress (3): 3.6/12 MB | 6.9/8.5 MB | 196/338 kB
Progress (3): 3.6/12 MB | 6.9/8.5 MB | 196/338 kB
Progress (3): 3.6/12 MB | 7.0/8.5 MB | 196/338 kB
Progress (3): 3.6/12 MB | 7.0/8.5 MB | 196/338 kB
Progress (3): 3.6/12 MB | 7.0/8.5 MB | 196/338 kB
Progress (3): 3.6/12 MB | 7.0/8.5 MB | 196/338 kB
Progress (3): 3.6/12 MB | 7.0/8.5 MB | 196/338 kB
Progress (3): 3.6/12 MB | 7.0/8.5 MB | 196/338 kB
Progress (3): 3.6/12 MB | 7.0/8.5 MB | 196/338 kB
Progress (3): 3.6/12 MB | 7.1/8.5 MB | 196/338 kB
Progress (3): 3.6/12 MB | 7.1/8.5 MB | 196/338 kB
Progress (3): 3.6/12 MB | 7.1/8.5 MB | 196/338 kB
Progress (3): 3.6/12 MB | 7.1/8.5 MB | 196/338 kB
Progress (3): 3.6/12 MB | 7.1/8.5 MB | 196/338 kB
Progress (3): 3.6/12 MB | 7.1/8.5 MB | 196/338 kB
Progress (3): 3.6/12 MB | 7.1/8.5 MB | 196/338 kB
Progress (3): 3.6/12 MB | 7.1/8.5 MB | 212/338 kB
Progress (3): 3.6/12 MB | 7.2/8.5 MB | 212/338 kB
Progress (3): 3.6/12 MB | 7.2/8.5 MB | 212/338 kB
Progress (3): 3.6/12 MB | 7.2/8.5 MB | 212/338 kB
Progress (3): 3.6/12 MB | 7.2/8.5 MB | 212/338 kB
Progress (3): 3.6/12 MB | 7.2/8.5 MB | 212/338 kB
Progress (3): 3.6/12 MB | 7.2/8.5 MB | 212/338 kB
Progress (3): 3.6/12 MB | 7.3/8.5 MB | 212/338 kB
Progress (3): 3.6/12 MB | 7.3/8.5 MB | 212/338 kB
Progress (3): 3.6/12 MB | 7.3/8.5 MB | 212/338 kB
Progress (3): 3.6/12 MB | 7.3/8.5 MB | 212/338 kB
Progress (3): 3.6/12 MB | 7.3/8.5 MB | 212/338 kB
Progress (3): 3.6/12 MB | 7.3/8.5 MB | 212/338 kB
Progress (3): 3.6/12 MB | 7.3/8.5 MB | 212/338 kB
Progress (3): 3.6/12 MB | 7.4/8.5 MB | 212/338 kB
Progress (3): 3.6/12 MB | 7.4/8.5 MB | 212/338 kB
Progress (3): 3.6/12 MB | 7.4/8.5 MB | 212/338 kB
Progress (3): 3.6/12 MB | 7.4/8.5 MB | 212/338 kB
Progress (3): 3.6/12 MB | 7.4/8.5 MB | 229/338 kB
Progress (3): 3.6/12 MB | 7.4/8.5 MB | 229/338 kB
Progress (3): 3.6/12 MB | 7.4/8.5 MB | 229/338 kB
Progress (3): 3.6/12 MB | 7.5/8.5 MB | 229/338 kB
Progress (3): 3.7/12 MB | 7.5/8.5 MB | 229/338 kB
Progress (3): 3.7/12 MB | 7.5/8.5 MB | 229/338 kB
Progress (3): 3.7/12 MB | 7.5/8.5 MB | 229/338 kB
Progress (3): 3.7/12 MB | 7.5/8.5 MB | 229/338 kB
Progress (3): 3.7/12 MB | 7.5/8.5 MB | 229/338 kB
Progress (3): 3.7/12 MB | 7.5/8.5 MB | 229/338 kB
Progress (3): 3.7/12 MB | 7.6/8.5 MB | 229/338 kB
Progress (3): 3.7/12 MB | 7.6/8.5 MB | 229/338 kB
Progress (3): 3.7/12 MB | 7.6/8.5 MB | 229/338 kB
Progress (3): 3.7/12 MB | 7.6/8.5 MB | 229/338 kB
Progress (3): 3.7/12 MB | 7.6/8.5 MB | 229/338 kB
Progress (3): 3.7/12 MB | 7.6/8.5 MB | 229/338 kB
Progress (3): 3.7/12 MB | 7.6/8.5 MB | 229/338 kB
Progress (3): 3.7/12 MB | 7.6/8.5 MB | 245/338 kB
Progress (3): 3.7/12 MB | 7.6/8.5 MB | 245/338 kB
Progress (3): 3.7/12 MB | 7.7/8.5 MB | 245/338 kB
Progress (3): 3.7/12 MB | 7.7/8.5 MB | 245/338 kB
Progress (3): 3.7/12 MB | 7.7/8.5 MB | 245/338 kB
Progress (3): 3.7/12 MB | 7.7/8.5 MB | 245/338 kB
Progress (3): 3.7/12 MB | 7.7/8.5 MB | 245/338 kB
Progress (3): 3.7/12 MB | 7.7/8.5 MB | 245/338 kB
Progress (3): 3.7/12 MB | 7.8/8.5 MB | 245/338 kB
Progress (3): 3.7/12 MB | 7.8/8.5 MB | 245/338 kB
Progress (3): 3.7/12 MB | 7.8/8.5 MB | 245/338 kB
Progress (3): 3.7/12 MB | 7.8/8.5 MB | 245/338 kB
Progress (3): 3.7/12 MB | 7.8/8.5 MB | 245/338 kB
Progress (3): 3.7/12 MB | 7.8/8.5 MB | 245/338 kB
Progress (3): 3.7/12 MB | 7.9/8.5 MB | 245/338 kB
Progress (3): 3.7/12 MB | 7.9/8.5 MB | 245/338 kB
Progress (3): 3.7/12 MB | 7.9/8.5 MB | 245/338 kB
Progress (3): 3.7/12 MB | 7.9/8.5 MB | 245/338 kB
Progress (3): 3.7/12 MB | 7.9/8.5 MB | 245/338 kB
Progress (3): 3.7/12 MB | 7.9/8.5 MB | 245/338 kB
Progress (3): 3.7/12 MB | 7.9/8.5 MB | 245/338 kB
Progress (3): 3.7/12 MB | 7.9/8.5 MB | 245/338 kB
Progress (3): 3.7/12 MB | 7.9/8.5 MB | 261/338 kB
Progress (3): 3.7/12 MB | 7.9/8.5 MB | 261/338 kB
Progress (3): 3.7/12 MB | 8.0/8.5 MB | 261/338 kB
Progress (3): 3.7/12 MB | 8.0/8.5 MB | 261/338 kB
Progress (3): 3.7/12 MB | 8.0/8.5 MB | 261/338 kB
Progress (3): 3.7/12 MB | 8.0/8.5 MB | 261/338 kB
Progress (3): 3.7/12 MB | 8.0/8.5 MB | 261/338 kB
Progress (3): 3.7/12 MB | 8.0/8.5 MB | 261/338 kB
Progress (3): 3.7/12 MB | 8.1/8.5 MB | 261/338 kB
Progress (3): 3.7/12 MB | 8.1/8.5 MB | 261/338 kB
Progress (3): 3.7/12 MB | 8.1/8.5 MB | 261/338 kB
Progress (3): 3.7/12 MB | 8.1/8.5 MB | 261/338 kB
Progress (3): 3.7/12 MB | 8.1/8.5 MB | 261/338 kB
Progress (3): 3.7/12 MB | 8.1/8.5 MB | 261/338 kB
Progress (3): 3.7/12 MB | 8.1/8.5 MB | 261/338 kB
Progress (3): 3.7/12 MB | 8.1/8.5 MB | 278/338 kB
Progress (3): 3.7/12 MB | 8.2/8.5 MB | 278/338 kB
Progress (3): 3.7/12 MB | 8.2/8.5 MB | 278/338 kB
Progress (3): 3.7/12 MB | 8.2/8.5 MB | 278/338 kB
Progress (3): 3.7/12 MB | 8.2/8.5 MB | 278/338 kB
Progress (3): 3.7/12 MB | 8.2/8.5 MB | 278/338 kB
Progress (3): 3.7/12 MB | 8.2/8.5 MB | 278/338 kB
Progress (3): 3.8/12 MB | 8.2/8.5 MB | 278/338 kB
Progress (3): 3.8/12 MB | 8.3/8.5 MB | 278/338 kB
Progress (3): 3.8/12 MB | 8.3/8.5 MB | 278/338 kB
Progress (3): 3.8/12 MB | 8.3/8.5 MB | 278/338 kB
Progress (3): 3.8/12 MB | 8.3/8.5 MB | 278/338 kB
Progress (3): 3.8/12 MB | 8.3/8.5 MB | 278/338 kB
Progress (3): 3.8/12 MB | 8.3/8.5 MB | 278/338 kB
Progress (3): 3.8/12 MB | 8.4/8.5 MB | 278/338 kB
Progress (3): 3.8/12 MB | 8.4/8.5 MB | 278/338 kB
Progress (3): 3.8/12 MB | 8.4/8.5 MB | 278/338 kB
Progress (3): 3.8/12 MB | 8.4/8.5 MB | 278/338 kB
Progress (3): 3.8/12 MB | 8.4/8.5 MB | 278/338 kB
Progress (3): 3.8/12 MB | 8.4/8.5 MB | 294/338 kB
Progress (3): 3.8/12 MB | 8.4/8.5 MB | 294/338 kB
Progress (3): 3.8/12 MB | 8.4/8.5 MB | 294/338 kB
Progress (3): 3.8/12 MB | 8.5/8.5 MB | 294/338 kB
Progress (3): 3.8/12 MB | 8.5/8.5 MB | 294/338 kB
Progress (3): 3.8/12 MB | 8.5 MB | 294/338 kB    
Progress (3): 3.8/12 MB | 8.5 MB | 311/338 kB
Progress (3): 3.8/12 MB | 8.5 MB | 311/338 kB
Progress (3): 3.8/12 MB | 8.5 MB | 311/338 kB
Progress (3): 3.8/12 MB | 8.5 MB | 327/338 kB
Progress (3): 3.8/12 MB | 8.5 MB | 327/338 kB
                                             
Downloaded from central: https://repo.maven.apache.org/maven2/net/bytebuddy/byte-buddy/1.15.11/byte-buddy-1.15.11.jar (8.5 MB at 1.4 MB/s)
Progress (2): 3.9/12 MB | 327/338 kB
Progress (2): 3.9/12 MB | 338 kB    
                                
Downloaded from central: https://repo.maven.apache.org/maven2/io/netty/netty-buffer/4.1.117.Final/netty-buffer-4.1.117.Final.jar (338 kB at 54 kB/s)
Progress (1): 3.9/12 MB
Progress (1): 3.9/12 MB
Progress (1): 3.9/12 MB
Progress (1): 3.9/12 MB
Progress (1): 3.9/12 MB
Progress (1): 4.0/12 MB
Progress (1): 4.0/12 MB
Progress (1): 4.0/12 MB
Progress (1): 4.0/12 MB
Progress (1): 4.0/12 MB
Progress (1): 4.0/12 MB
Progress (1): 4.0/12 MB
Progress (1): 4.1/12 MB
