Apache Maven 3.9.11 (3e54c93a704957b63ee3494413a2b544fd3d825b)
Maven home: C:\Users\Youcode\.m2\wrapper\dists\apache-maven-3.9.11\03d7e36a140982eea48e22c1dcac01d8862b2550b2939e09a0809bbc5182a5bc
Java version: 24.0.1, vendor: Oracle Corporation, runtime: C:\Program Files\Java\jdk-24
Default locale: en_US, platform encoding: UTF-8
OS name: "windows 11", version: "10.0", arch: "amd64", family: "windows"
WARNING: A terminally deprecated method in sun.misc.Unsafe has been called
WARNING: sun.misc.Unsafe::staticFieldBase has been called by com.google.inject.internal.aop.HiddenClassDefiner (file:/C:/Users/Youcode/.m2/wrapper/dists/apache-maven-3.9.11/03d7e36a140982eea48e22c1dcac01d8862b2550b2939e09a0809bbc5182a5bc/lib/guice-5.1.0-classes.jar)
WARNING: Please consider reporting this to the maintainers of class com.google.inject.internal.aop.HiddenClassDefiner
WARNING: sun.misc.Unsafe::staticFieldBase will be removed in a future release
[DEBUG] Created new class realm maven.api
[DEBUG] Importing foreign packages into class realm maven.api
[DEBUG]   Imported: javax.annotation.* < plexus.core
[DEBUG]   Imported: javax.annotation.security.* < plexus.core
[DEBUG]   Imported: javax.inject.* < plexus.core
[DEBUG]   Imported: org.apache.maven.* < plexus.core
[DEBUG]   Imported: org.apache.maven.artifact < plexus.core
[DEBUG]   Imported: org.apache.maven.classrealm < plexus.core
[DEBUG]   Imported: org.apache.maven.cli < plexus.core
[DEBUG]   Imported: org.apache.maven.configuration < plexus.core
[DEBUG]   Imported: org.apache.maven.exception < plexus.core
[DEBUG]   Imported: org.apache.maven.execution < plexus.core
[DEBUG]   Imported: org.apache.maven.execution.scope < plexus.core
[DEBUG]   Imported: org.apache.maven.graph < plexus.core
[DEBUG]   Imported: org.apache.maven.lifecycle < plexus.core
[DEBUG]   Imported: org.apache.maven.model < plexus.core
[DEBUG]   Imported: org.apache.maven.monitor < plexus.core
[DEBUG]   Imported: org.apache.maven.plugin < plexus.core
[DEBUG]   Imported: org.apache.maven.profiles < plexus.core
[DEBUG]   Imported: org.apache.maven.project < plexus.core
[DEBUG]   Imported: org.apache.maven.reporting < plexus.core
[DEBUG]   Imported: org.apache.maven.repository < plexus.core
[DEBUG]   Imported: org.apache.maven.rtinfo < plexus.core
[DEBUG]   Imported: org.apache.maven.settings < plexus.core
[DEBUG]   Imported: org.apache.maven.toolchain < plexus.core
[DEBUG]   Imported: org.apache.maven.usability < plexus.core
[DEBUG]   Imported: org.apache.maven.wagon.* < plexus.core
[DEBUG]   Imported: org.apache.maven.wagon.authentication < plexus.core
[DEBUG]   Imported: org.apache.maven.wagon.authorization < plexus.core
[DEBUG]   Imported: org.apache.maven.wagon.events < plexus.core
[DEBUG]   Imported: org.apache.maven.wagon.observers < plexus.core
[DEBUG]   Imported: org.apache.maven.wagon.proxy < plexus.core
[DEBUG]   Imported: org.apache.maven.wagon.repository < plexus.core
[DEBUG]   Imported: org.apache.maven.wagon.resource < plexus.core
[DEBUG]   Imported: org.codehaus.classworlds < plexus.core
[DEBUG]   Imported: org.codehaus.plexus.* < plexus.core
[DEBUG]   Imported: org.codehaus.plexus.classworlds < plexus.core
[DEBUG]   Imported: org.codehaus.plexus.component < plexus.core
[DEBUG]   Imported: org.codehaus.plexus.configuration < plexus.core
[DEBUG]   Imported: org.codehaus.plexus.container < plexus.core
[DEBUG]   Imported: org.codehaus.plexus.context < plexus.core
[DEBUG]   Imported: org.codehaus.plexus.lifecycle < plexus.core
[DEBUG]   Imported: org.codehaus.plexus.logging < plexus.core
[DEBUG]   Imported: org.codehaus.plexus.personality < plexus.core
[DEBUG]   Imported: org.codehaus.plexus.util.xml.Xpp3Dom < plexus.core
[DEBUG]   Imported: org.codehaus.plexus.util.xml.pull.XmlPullParser < plexus.core
[DEBUG]   Imported: org.codehaus.plexus.util.xml.pull.XmlPullParserException < plexus.core
[DEBUG]   Imported: org.codehaus.plexus.util.xml.pull.XmlSerializer < plexus.core
[DEBUG]   Imported: org.eclipse.aether.* < plexus.core
[DEBUG]   Imported: org.eclipse.aether.artifact < plexus.core
[DEBUG]   Imported: org.eclipse.aether.collection < plexus.core
[DEBUG]   Imported: org.eclipse.aether.deployment < plexus.core
[DEBUG]   Imported: org.eclipse.aether.graph < plexus.core
[DEBUG]   Imported: org.eclipse.aether.impl < plexus.core
[DEBUG]   Imported: org.eclipse.aether.installation < plexus.core
[DEBUG]   Imported: org.eclipse.aether.internal.impl < plexus.core
[DEBUG]   Imported: org.eclipse.aether.metadata < plexus.core
[DEBUG]   Imported: org.eclipse.aether.repository < plexus.core
[DEBUG]   Imported: org.eclipse.aether.resolution < plexus.core
[DEBUG]   Imported: org.eclipse.aether.spi < plexus.core
[DEBUG]   Imported: org.eclipse.aether.transfer < plexus.core
[DEBUG]   Imported: org.eclipse.aether.util < plexus.core
[DEBUG]   Imported: org.eclipse.aether.version < plexus.core
[DEBUG]   Imported: org.fusesource.jansi.* < plexus.core
[DEBUG]   Imported: org.slf4j.* < plexus.core
[DEBUG]   Imported: org.slf4j.event.* < plexus.core
[DEBUG]   Imported: org.slf4j.helpers.* < plexus.core
[DEBUG]   Imported: org.slf4j.spi.* < plexus.core
[DEBUG] Populating class realm maven.api
[DEBUG] Created adapter factory; available factories [file-lock, rwlock-local, semaphore-local, noop]; available name mappers [discriminating, file-gav, file-hgav, file-static, gav, static]
[INFO] Error stacktraces are turned on.
[DEBUG] Message scheme: color
[DEBUG] Message styles: debug info warning error success failure strong mojo project
[DEBUG] Reading global settings from C:\Users\Youcode\.m2\wrapper\dists\apache-maven-3.9.11\03d7e36a140982eea48e22c1dcac01d8862b2550b2939e09a0809bbc5182a5bc\conf\settings.xml
[DEBUG] Reading user settings from C:\Users\Youcode\.m2\settings.xml
[DEBUG] Reading global toolchains from C:\Users\Youcode\.m2\wrapper\dists\apache-maven-3.9.11\03d7e36a140982eea48e22c1dcac01d8862b2550b2939e09a0809bbc5182a5bc\conf\toolchains.xml
[DEBUG] Reading user toolchains from C:\Users\Youcode\.m2\toolchains.xml
[DEBUG] Using local repository at C:\Users\Youcode\.m2\repository
[DEBUG] Using manager EnhancedLocalRepositoryManager with priority 10.0 for C:\Users\Youcode\.m2\repository
[INFO] Scanning for projects...
[DEBUG] Creating adapter using nameMapper 'gav' and factory 'rwlock-local'
[DEBUG] Extension realms for project org.userManagement:TraceAndTrust:jar:0.0.1-SNAPSHOT: (none)
[DEBUG] Looking up lifecycle mappings for packaging jar from ClassRealm[plexus.core, parent: null]
[DEBUG] Extension realms for project org.springframework.boot:spring-boot-starter-parent:pom:3.5.7: (none)
[DEBUG] Looking up lifecycle mappings for packaging pom from ClassRealm[plexus.core, parent: null]
[DEBUG] Extension realms for project org.springframework.boot:spring-boot-dependencies:pom:3.5.7: (none)
[DEBUG] Looking up lifecycle mappings for packaging pom from ClassRealm[plexus.core, parent: null]
[DEBUG] === REACTOR BUILD PLAN ================================================
[DEBUG] Project: org.userManagement:TraceAndTrust:jar:0.0.1-SNAPSHOT
[DEBUG] Tasks:   [compile]
[DEBUG] Style:   Regular
[DEBUG] =======================================================================
[INFO] 
[INFO] ------------------< org.userManagement:TraceAndTrust >------------------
[INFO] Building TraceAndTrust 0.0.1-SNAPSHOT
[INFO]   from pom.xml
[INFO] --------------------------------[ jar ]---------------------------------
[DEBUG] Lifecycle clean -> [pre-clean, clean, post-clean]
[DEBUG] Lifecycle default -> [validate, initialize, generate-sources, process-sources, generate-resources, process-resources, compile, process-classes, generate-test-sources, process-test-sources, generate-test-resources, process-test-resources, test-compile, process-test-classes, test, prepare-package, package, pre-integration-test, integration-test, post-integration-test, verify, install, deploy]
[DEBUG] Lifecycle site -> [pre-site, site, post-site, site-deploy]
[DEBUG] Lifecycle clean -> [pre-clean, clean, post-clean]
[DEBUG] Lifecycle default -> [validate, initialize, generate-sources, process-sources, generate-resources, process-resources, compile, process-classes, generate-test-sources, process-test-sources, generate-test-resources, process-test-resources, test-compile, process-test-classes, test, prepare-package, package, pre-integration-test, integration-test, post-integration-test, verify, install, deploy]
[DEBUG] Lifecycle site -> [pre-site, site, post-site, site-deploy]
[DEBUG] Lifecycle clean -> [pre-clean, clean, post-clean]
[DEBUG] Lifecycle default -> [validate, initialize, generate-sources, process-sources, generate-resources, process-resources, compile, process-classes, generate-test-sources, process-test-sources, generate-test-resources, process-test-resources, test-compile, process-test-classes, test, prepare-package, package, pre-integration-test, integration-test, post-integration-test, verify, install, deploy]
[DEBUG] Lifecycle site -> [pre-site, site, post-site, site-deploy]
[DEBUG] Lifecycle clean -> [pre-clean, clean, post-clean]
[DEBUG] Lifecycle default -> [validate, initialize, generate-sources, process-sources, generate-resources, process-resources, compile, process-classes, generate-test-sources, process-test-sources, generate-test-resources, process-test-resources, test-compile, process-test-classes, test, prepare-package, package, pre-integration-test, integration-test, post-integration-test, verify, install, deploy]
[DEBUG] Lifecycle site -> [pre-site, site, post-site, site-deploy]
[DEBUG] === PROJECT BUILD PLAN ================================================
[DEBUG] Project:       org.userManagement:TraceAndTrust:0.0.1-SNAPSHOT
[DEBUG] Dependencies (collect): []
[DEBUG] Dependencies (resolve): [compile, runtime]
[DEBUG] Repositories (dependencies): [central (https://repo.maven.apache.org/maven2, default, releases)]
[DEBUG] Repositories (plugins)     : [central (https://repo.maven.apache.org/maven2, default, releases)]
[DEBUG] -----------------------------------------------------------------------
[DEBUG] Goal:          org.jacoco:jacoco-maven-plugin:0.8.11:prepare-agent (prepare-agent)
[DEBUG] Style:         Regular
[DEBUG] Configuration: <?xml version="1.0" encoding="UTF-8"?>
<configuration>
  <address>${jacoco.address}</address>
  <append>${jacoco.append}</append>
  <classDumpDir>${jacoco.classDumpDir}</classDumpDir>
  <destFile default-value="${project.build.directory}/jacoco.exec">${jacoco.destFile}</destFile>
  <dumpOnExit>${jacoco.dumpOnExit}</dumpOnExit>
  <exclClassLoaders>${jacoco.exclClassLoaders}</exclClassLoaders>
  <excludes>
    <exclude>**/dto/**/*</exclude>
    <exclude>**/entity/**/*</exclude>
    <exclude>**/enums/**/*</exclude>
    <exclude>**/mapper/**/*Impl.class</exclude>
    <exclude>**/TraceAndTrustApplication.class</exclude>
    <exclude>**/exception/ApiError.class</exclude>
  </excludes>
  <inclBootstrapClasses>${jacoco.inclBootstrapClasses}</inclBootstrapClasses>
  <inclNoLocationClasses>${jacoco.inclNoLocationClasses}</inclNoLocationClasses>
  <jmx>${jacoco.jmx}</jmx>
  <output>${jacoco.output}</output>
  <pluginArtifactMap>${plugin.artifactMap}</pluginArtifactMap>
  <port>${jacoco.port}</port>
  <project>${project}</project>
  <propertyName>${jacoco.propertyName}</propertyName>
  <sessionId>${jacoco.sessionId}</sessionId>
  <skip default-value="false">${jacoco.skip}</skip>
</configuration>
[DEBUG] -----------------------------------------------------------------------
[DEBUG] Goal:          org.apache.maven.plugins:maven-resources-plugin:3.3.1:resources (default-resources)
[DEBUG] Style:         Regular
[DEBUG] Configuration: <?xml version="1.0" encoding="UTF-8"?>
<configuration>
  <addDefaultExcludes default-value="true"/>
  <buildFilters default-value="${project.build.filters}"/>
  <delimiters>
    <delimiter>@</delimiter>
  </delimiters>
  <encoding default-value="${project.build.sourceEncoding}"/>
  <escapeWindowsPaths default-value="true"/>
  <fileNameFiltering default-value="false"/>
  <includeEmptyDirs default-value="false"/>
  <outputDirectory default-value="${project.build.outputDirectory}"/>
  <overwrite default-value="false"/>
  <project default-value="${project}"/>
  <propertiesEncoding>UTF-8</propertiesEncoding>
  <resources default-value="${project.resources}"/>
  <session default-value="${session}"/>
  <skip default-value="false">${maven.resources.skip}</skip>
  <supportMultiLineFiltering default-value="false"/>
  <useBuildFilters default-value="true"/>
  <useDefaultDelimiters default-value="true">false</useDefaultDelimiters>
</configuration>
[DEBUG] -----------------------------------------------------------------------
[DEBUG] Goal:          org.apache.maven.plugins:maven-compiler-plugin:3.11.0:compile (default-compile)
[DEBUG] Style:         Regular
[DEBUG] Configuration: <?xml version="1.0" encoding="UTF-8"?>
<configuration>
  <annotationProcessorPaths>
    <path>
      <groupId>org.mapstruct</groupId>
      <artifactId>mapstruct-processor</artifactId>
      <version>1.5.5.Final</version>
    </path>
    <path>
      <groupId>org.projectlombok</groupId>
      <artifactId>lombok</artifactId>
      <version>1.18.36</version>
    </path>
    <path>
      <groupId>org.projectlombok</groupId>
      <artifactId>lombok-mapstruct-binding</artifactId>
      <version>0.2.0</version>
    </path>
  </annotationProcessorPaths>
  <basedir default-value="${basedir}"/>
  <buildDirectory default-value="${project.build.directory}"/>
  <compilePath default-value="${project.compileClasspathElements}"/>
  <compileSourceRoots default-value="${project.compileSourceRoots}"/>
  <compilerId default-value="javac">${maven.compiler.compilerId}</compilerId>
  <compilerReuseStrategy default-value="${reuseCreated}">${maven.compiler.compilerReuseStrategy}</compilerReuseStrategy>
  <compilerVersion>${maven.compiler.compilerVersion}</compilerVersion>
  <createMissingPackageInfoClass default-value="true">${maven.compiler.createMissingPackageInfoClass}</createMissingPackageInfoClass>
  <debug default-value="true">${maven.compiler.debug}</debug>
  <debugFileName default-value="javac"/>
  <debuglevel>${maven.compiler.debuglevel}</debuglevel>
  <enablePreview default-value="false">${maven.compiler.enablePreview}</enablePreview>
  <encoding default-value="${project.build.sourceEncoding}">${encoding}</encoding>
  <executable>${maven.compiler.executable}</executable>
  <failOnError default-value="true">${maven.compiler.failOnError}</failOnError>
  <failOnWarning default-value="false">${maven.compiler.failOnWarning}</failOnWarning>
  <forceJavacCompilerUse default-value="false">${maven.compiler.forceJavacCompilerUse}</forceJavacCompilerUse>
  <fork default-value="false">${maven.compiler.fork}</fork>
  <generatedSourcesDirectory default-value="${project.build.directory}/generated-sources/annotations"/>
  <implicit>${maven.compiler.implicit}</implicit>
  <maxmem>${maven.compiler.maxmem}</maxmem>
  <meminitial>${maven.compiler.meminitial}</meminitial>
  <mojoExecution default-value="${mojoExecution}"/>
  <optimize default-value="false">${maven.compiler.optimize}</optimize>
  <outputDirectory default-value="${project.build.outputDirectory}"/>
  <parameters default-value="false">true</parameters>
  <project default-value="${project}"/>
  <projectArtifact default-value="${project.artifact}"/>
  <release>${maven.compiler.release}</release>
  <session default-value="${session}"/>
  <showCompilationChanges default-value="false">${maven.compiler.showCompilationChanges}</showCompilationChanges>
  <showDeprecation default-value="false">${maven.compiler.showDeprecation}</showDeprecation>
  <showWarnings default-value="true">${maven.compiler.showWarnings}</showWarnings>
  <skipMain>${maven.main.skip}</skipMain>
  <skipMultiThreadWarning default-value="false">${maven.compiler.skipMultiThreadWarning}</skipMultiThreadWarning>
  <source default-value="1.8">17</source>
  <staleMillis default-value="0">${lastModGranularityMs}</staleMillis>
  <target default-value="1.8">17</target>
  <useIncrementalCompilation default-value="true">${maven.compiler.useIncrementalCompilation}</useIncrementalCompilation>
  <verbose default-value="false">${maven.compiler.verbose}</verbose>
</configuration>
[DEBUG] =======================================================================
[DEBUG] Using mirror maven-default-http-blocker (http://0.0.0.0/) for vaadin-snapshots (http://oss.sonatype.org/content/repositories/vaadin-snapshots/).
[DEBUG] Using mirror maven-default-http-blocker (http://0.0.0.0/) for vaadin-releases (http://oss.sonatype.org/content/repositories/vaadin-releases/).
[DEBUG] Using mirror maven-default-http-blocker (http://0.0.0.0/) for apache.snapshots (http://repository.apache.org/snapshots).
[DEBUG] Dependency collection stats {ConflictMarker.analyzeTime=5016300, ConflictMarker.markTime=1223000, ConflictMarker.nodeCount=549, ConflictIdSorter.graphTime=3071700, ConflictIdSorter.topsortTime=1395900, ConflictIdSorter.conflictIdCount=188, ConflictIdSorter.conflictIdCycleCount=0, ConflictResolver.totalTime=47943600, ConflictResolver.conflictItemCount=510, DfDependencyCollector.collectTime=3933487000, DfDependencyCollector.transformTime=62906700}
[DEBUG] org.userManagement:TraceAndTrust:jar:0.0.1-SNAPSHOT
[DEBUG]    org.mapstruct:mapstruct:jar:1.5.5.Final:compile
[DEBUG]    org.mapstruct:mapstruct-processor:jar:1.5.5.Final:provided
[DEBUG]    org.springframework.boot:spring-boot-starter-aop:jar:3.5.7:compile
[DEBUG]       org.springframework.boot:spring-boot-starter:jar:3.5.7:compile (version managed from 3.5.7)
[DEBUG]          org.springframework.boot:spring-boot-starter-logging:jar:3.5.7:compile (version managed from 3.5.7)
[DEBUG]             ch.qos.logback:logback-classic:jar:1.5.20:compile (version managed from 1.5.20)
[DEBUG]                ch.qos.logback:logback-core:jar:1.5.20:compile (version managed from 1.5.20)
[DEBUG]             org.apache.logging.log4j:log4j-to-slf4j:jar:2.24.3:compile (version managed from 2.24.3)
[DEBUG]                org.apache.logging.log4j:log4j-api:jar:2.24.3:compile (version managed from 2.24.3)
[DEBUG]             org.slf4j:jul-to-slf4j:jar:2.0.17:compile (version managed from 2.0.17)
[DEBUG]          jakarta.annotation:jakarta.annotation-api:jar:2.1.1:compile (version managed from 2.1.1)
[DEBUG]          org.yaml:snakeyaml:jar:2.4:compile (version managed from 2.4)
[DEBUG]       org.springframework:spring-aop:jar:6.2.12:compile (version managed from 6.2.12)
[DEBUG]          org.springframework:spring-beans:jar:6.2.12:compile (version managed from 6.2.12)
[DEBUG]       org.aspectj:aspectjweaver:jar:1.9.24:compile (version managed from 1.9.24)
[DEBUG]    org.springframework.boot:spring-boot-starter-data-jpa:jar:3.5.7:compile
[DEBUG]       org.springframework.boot:spring-boot-starter-jdbc:jar:3.5.7:compile (version managed from 3.5.7)
[DEBUG]          com.zaxxer:HikariCP:jar:6.3.3:compile (version managed from 6.3.3)
[DEBUG]          org.springframework:spring-jdbc:jar:6.2.12:compile (version managed from 6.2.12)
[DEBUG]       org.hibernate.orm:hibernate-core:jar:6.6.33.Final:compile (version managed from 6.6.33.Final)
[DEBUG]          jakarta.persistence:jakarta.persistence-api:jar:3.1.0:compile (version managed from 3.1.0)
[DEBUG]          jakarta.transaction:jakarta.transaction-api:jar:2.0.1:compile (version managed from 2.0.1)
[DEBUG]          org.jboss.logging:jboss-logging:jar:3.6.1.Final:compile (version managed from 3.5.0.Final)
[DEBUG]          org.hibernate.common:hibernate-commons-annotations:jar:7.0.3.Final:runtime
[DEBUG]          io.smallrye:jandex:jar:3.2.0:runtime
[DEBUG]          com.fasterxml:classmate:jar:1.7.1:compile (version managed from 1.5.1)
[DEBUG]          org.glassfish.jaxb:jaxb-runtime:jar:4.0.6:runtime (version managed from 4.0.2)
[DEBUG]             org.glassfish.jaxb:jaxb-core:jar:4.0.6:runtime (version managed from 4.0.6)
[DEBUG]                org.eclipse.angus:angus-activation:jar:2.0.3:runtime (version managed from 2.0.3)
[DEBUG]                org.glassfish.jaxb:txw2:jar:4.0.6:runtime (version managed from 4.0.6)
[DEBUG]                com.sun.istack:istack-commons-runtime:jar:4.1.2:runtime (version managed from 4.1.2)
[DEBUG]          jakarta.inject:jakarta.inject-api:jar:2.0.1:runtime (version managed from 2.0.1)
[DEBUG]          org.antlr:antlr4-runtime:jar:4.13.0:compile
[DEBUG]       org.springframework.data:spring-data-jpa:jar:3.5.5:compile (version managed from 3.5.5)
[DEBUG]          org.springframework.data:spring-data-commons:jar:3.5.5:compile (version managed from 3.5.5)
[DEBUG]          org.springframework:spring-orm:jar:6.2.12:compile (version managed from 6.2.12)
[DEBUG]          org.springframework:spring-context:jar:6.2.12:compile (version managed from 6.2.12)
[DEBUG]          org.springframework:spring-tx:jar:6.2.12:compile (version managed from 6.2.12)
[DEBUG]       org.springframework:spring-aspects:jar:6.2.12:compile (version managed from 6.2.12)
[DEBUG]    org.springframework.boot:spring-boot-starter-validation:jar:3.5.7:compile
[DEBUG]       org.apache.tomcat.embed:tomcat-embed-el:jar:10.1.48:compile (version managed from 10.1.48)
[DEBUG]       org.hibernate.validator:hibernate-validator:jar:8.0.3.Final:compile (version managed from 8.0.3.Final)
[DEBUG]          jakarta.validation:jakarta.validation-api:jar:3.0.2:compile (version managed from 3.0.2)
[DEBUG]    org.springframework.boot:spring-boot-starter-web:jar:3.5.7:compile
[DEBUG]       org.springframework.boot:spring-boot-starter-json:jar:3.5.7:compile (version managed from 3.5.7)
[DEBUG]          com.fasterxml.jackson.datatype:jackson-datatype-jdk8:jar:2.19.2:compile (version managed from 2.19.2)
[DEBUG]          com.fasterxml.jackson.datatype:jackson-datatype-jsr310:jar:2.19.2:compile (version managed from 2.19.2)
[DEBUG]          com.fasterxml.jackson.module:jackson-module-parameter-names:jar:2.19.2:compile (version managed from 2.19.2)
[DEBUG]       org.springframework.boot:spring-boot-starter-tomcat:jar:3.5.7:compile (version managed from 3.5.7)
[DEBUG]          org.apache.tomcat.embed:tomcat-embed-core:jar:10.1.48:compile (version managed from 10.1.48)
[DEBUG]          org.apache.tomcat.embed:tomcat-embed-websocket:jar:10.1.48:compile (version managed from 10.1.48)
[DEBUG]       org.springframework:spring-web:jar:6.2.12:compile (version managed from 6.2.12)
[DEBUG]          io.micrometer:micrometer-observation:jar:1.15.5:compile (version managed from 1.14.12)
[DEBUG]             io.micrometer:micrometer-commons:jar:1.15.5:compile (version managed from 1.15.5)
[DEBUG]       org.springframework:spring-webmvc:jar:6.2.12:compile (version managed from 6.2.12)
[DEBUG]          org.springframework:spring-expression:jar:6.2.12:compile (version managed from 6.2.12)
[DEBUG]    org.springframework.modulith:spring-modulith-starter-core:jar:1.4.4:compile
[DEBUG]       org.springframework.modulith:spring-modulith-api:jar:1.4.4:compile (version managed from 1.4.4)
[DEBUG]       org.springframework.modulith:spring-modulith-apt:jar:1.4.4:compile (version managed from 1.4.4)
[DEBUG]          org.springframework.boot:spring-boot-configuration-processor:jar:3.5.7:compile (version managed from 3.5.7)
[DEBUG]       org.springframework.modulith:spring-modulith-core:jar:1.4.4:runtime (version managed from 1.4.4)
[DEBUG]          com.tngtech.archunit:archunit:jar:1.4.1:runtime
[DEBUG]       org.springframework.modulith:spring-modulith-moments:jar:1.4.4:compile (version managed from 1.4.4)
[DEBUG]          org.jmolecules:jmolecules-events:jar:1.10.0:compile
[DEBUG]    org.springframework.modulith:spring-modulith-starter-jpa:jar:1.4.4:compile
[DEBUG]       org.springframework.modulith:spring-modulith-events-api:jar:1.4.4:compile (version managed from 1.4.4)
[DEBUG]       org.springframework.modulith:spring-modulith-events-core:jar:1.4.4:runtime (version managed from 1.4.4)
[DEBUG]          org.slf4j:jcl-over-slf4j:jar:2.0.17:runtime (version managed from 2.0.17)
[DEBUG]       org.springframework.modulith:spring-modulith-events-jackson:jar:1.4.4:runtime (version managed from 1.4.4)
[DEBUG]       org.springframework.modulith:spring-modulith-events-jpa:jar:1.4.4:runtime (version managed from 1.4.4)
[DEBUG]    org.springframework.boot:spring-boot-starter-security:jar:3.5.7:compile
[DEBUG]       org.springframework.security:spring-security-config:jar:6.5.6:compile (version managed from 6.5.6)
[DEBUG]       org.springframework.security:spring-security-web:jar:6.5.6:compile (version managed from 6.5.6)
[DEBUG]    io.jsonwebtoken:jjwt-api:jar:0.12.6:compile
[DEBUG]    io.jsonwebtoken:jjwt-impl:jar:0.12.6:runtime
[DEBUG]    io.jsonwebtoken:jjwt-jackson:jar:0.12.6:runtime
[DEBUG]       com.fasterxml.jackson.core:jackson-databind:jar:2.19.2:compile (version managed from 2.12.7.1)
[DEBUG]          com.fasterxml.jackson.core:jackson-annotations:jar:2.19.2:compile (version managed from 2.19.2)
[DEBUG]          com.fasterxml.jackson.core:jackson-core:jar:2.19.2:compile (version managed from 2.19.2)
[DEBUG]    org.springframework.boot:spring-boot-devtools:jar:3.5.7:runtime (optional)
[DEBUG]       org.springframework.boot:spring-boot:jar:3.5.7:compile (version managed from 3.5.7)
[DEBUG]       org.springframework.boot:spring-boot-autoconfigure:jar:3.5.7:compile (version managed from 3.5.7)
[DEBUG]    org.postgresql:postgresql:jar:42.7.8:runtime
[DEBUG]       org.checkerframework:checker-qual:jar:3.49.5:runtime
[DEBUG]    org.projectlombok:lombok:jar:1.18.36:compile (optional)
[DEBUG]    org.springdoc:springdoc-openapi-starter-webmvc-ui:jar:2.7.0:compile
[DEBUG]       org.springdoc:springdoc-openapi-starter-webmvc-api:jar:2.7.0:compile
[DEBUG]          org.springdoc:springdoc-openapi-starter-common:jar:2.7.0:compile
[DEBUG]             io.swagger.core.v3:swagger-core-jakarta:jar:2.2.25:compile
[DEBUG]                org.apache.commons:commons-lang3:jar:3.17.0:compile (version managed from 3.17.0)
[DEBUG]                io.swagger.core.v3:swagger-annotations-jakarta:jar:2.2.25:compile
[DEBUG]                io.swagger.core.v3:swagger-models-jakarta:jar:2.2.25:compile
[DEBUG]                com.fasterxml.jackson.dataformat:jackson-dataformat-yaml:jar:2.19.2:compile (version managed from 2.16.2)
[DEBUG]       org.webjars:swagger-ui:jar:5.18.2:compile
[DEBUG]       org.webjars:webjars-locator-lite:jar:1.1.2:compile (version managed from 1.0.1)
[DEBUG]          org.jspecify:jspecify:jar:1.0.0:compile (version managed from 1.0.0)
[DEBUG]    org.springframework.boot:spring-boot-starter-test:jar:3.5.7:test
[DEBUG]       org.springframework.boot:spring-boot-test:jar:3.5.7:test (version managed from 3.5.7)
[DEBUG]       org.springframework.boot:spring-boot-test-autoconfigure:jar:3.5.7:test (version managed from 3.5.7)
[DEBUG]       com.jayway.jsonpath:json-path:jar:2.9.0:test (version managed from 2.9.0)
[DEBUG]       jakarta.xml.bind:jakarta.xml.bind-api:jar:4.0.4:compile (version managed from 4.0.4)
[DEBUG]          jakarta.activation:jakarta.activation-api:jar:2.1.4:compile (version managed from 2.1.4)
[DEBUG]       net.minidev:json-smart:jar:2.5.2:test (version managed from 2.5.2)
[DEBUG]          net.minidev:accessors-smart:jar:2.5.2:test
[DEBUG]             org.ow2.asm:asm:jar:9.7.1:test
[DEBUG]       org.awaitility:awaitility:jar:4.2.2:test (version managed from 4.2.2)
[DEBUG]       org.hamcrest:hamcrest:jar:3.0:test (version managed from 3.0)
[DEBUG]       org.junit.jupiter:junit-jupiter:jar:5.12.2:test (version managed from 5.12.2)
[DEBUG]          org.junit.jupiter:junit-jupiter-api:jar:5.12.2:test (version managed from 5.12.2)
[DEBUG]             org.opentest4j:opentest4j:jar:1.3.0:test
[DEBUG]             org.junit.platform:junit-platform-commons:jar:1.12.2:test (version managed from 1.12.2)
[DEBUG]             org.apiguardian:apiguardian-api:jar:1.1.2:test
[DEBUG]          org.junit.jupiter:junit-jupiter-params:jar:5.12.2:test (version managed from 5.12.2)
[DEBUG]          org.junit.jupiter:junit-jupiter-engine:jar:5.12.2:test (version managed from 5.12.2)
[DEBUG]             org.junit.platform:junit-platform-engine:jar:1.12.2:test (version managed from 1.12.2)
[DEBUG]       org.mockito:mockito-junit-jupiter:jar:5.17.0:test (version managed from 5.17.0)
[DEBUG]       org.skyscreamer:jsonassert:jar:1.5.3:test (version managed from 1.5.3)
[DEBUG]          com.vaadin.external.google:android-json:jar:0.0.20131108.vaadin1:test
[DEBUG]       org.springframework:spring-core:jar:6.2.12:compile (version managed from 6.2.12)
[DEBUG]          org.springframework:spring-jcl:jar:6.2.12:compile (version managed from 6.2.12)
[DEBUG]       org.springframework:spring-test:jar:6.2.12:test (version managed from 6.2.12)
[DEBUG]       org.xmlunit:xmlunit-core:jar:2.10.4:test (version managed from 2.10.4)
[DEBUG]    org.springframework.modulith:spring-modulith-starter-test:jar:1.4.4:test
[DEBUG]       org.springframework.modulith:spring-modulith-test:jar:1.4.4:test (version managed from 1.4.4)
[DEBUG]       org.springframework.modulith:spring-modulith-docs:jar:1.4.4:test (version managed from 1.4.4)
[DEBUG]          com.structurizr:structurizr-core:jar:3.1.0:test
[DEBUG]             com.google.code.findbugs:jsr305:jar:3.0.2:test
[DEBUG]          com.structurizr:structurizr-export:jar:3.1.0:test
[DEBUG]    org.springframework.security:spring-security-test:jar:6.5.6:test
[DEBUG]       org.springframework.security:spring-security-core:jar:6.5.6:compile (version managed from 6.5.6)
[DEBUG]          org.springframework.security:spring-security-crypto:jar:6.5.6:compile (version managed from 6.5.6)
[DEBUG]    org.jetbrains:annotations:jar:24.0.1:compile
[DEBUG]    com.h2database:h2:jar:2.3.232:test
[DEBUG]    org.mockito:mockito-core:jar:5.17.0:test
[DEBUG]       net.bytebuddy:byte-buddy:jar:1.17.8:runtime (version managed from 1.15.11)
[DEBUG]       net.bytebuddy:byte-buddy-agent:jar:1.17.8:test (version managed from 1.15.11)
[DEBUG]       org.objenesis:objenesis:jar:3.3:test
[DEBUG]    org.assertj:assertj-core:jar:3.27.6:test
[DEBUG]    net.logstash.logback:logstash-logback-encoder:jar:7.4:compile
[DEBUG]    io.awspring.cloud:spring-cloud-aws-starter-s3:jar:3.1.1:compile
[DEBUG]       io.awspring.cloud:spring-cloud-aws-s3:jar:3.1.1:compile
[DEBUG]          software.amazon.awssdk:s3:jar:2.21.46:compile
[DEBUG]             software.amazon.awssdk:aws-xml-protocol:jar:2.21.46:compile
[DEBUG]                software.amazon.awssdk:aws-query-protocol:jar:2.21.46:compile
[DEBUG]             software.amazon.awssdk:protocol-core:jar:2.21.46:compile
[DEBUG]             software.amazon.awssdk:arns:jar:2.21.46:compile
[DEBUG]             software.amazon.awssdk:profiles:jar:2.21.46:compile
[DEBUG]             software.amazon.awssdk:crt-core:jar:2.21.46:compile
[DEBUG]             software.amazon.awssdk:http-auth:jar:2.21.46:compile
[DEBUG]             software.amazon.awssdk:identity-spi:jar:2.21.46:compile
[DEBUG]             software.amazon.awssdk:http-auth-spi:jar:2.21.46:compile
[DEBUG]                org.reactivestreams:reactive-streams:jar:1.0.4:compile (version managed from 1.0.4)
[DEBUG]             software.amazon.awssdk:http-auth-aws:jar:2.21.46:compile
[DEBUG]             software.amazon.awssdk:checksums:jar:2.21.46:compile
[DEBUG]             software.amazon.awssdk:checksums-spi:jar:2.21.46:compile
[DEBUG]             software.amazon.awssdk:sdk-core:jar:2.21.46:compile
[DEBUG]             software.amazon.awssdk:auth:jar:2.21.46:compile
[DEBUG]                software.amazon.eventstream:eventstream:jar:1.0.1:compile
[DEBUG]             software.amazon.awssdk:http-client-spi:jar:2.21.46:compile
[DEBUG]             software.amazon.awssdk:regions:jar:2.21.46:compile
[DEBUG]             software.amazon.awssdk:annotations:jar:2.21.46:compile
[DEBUG]             software.amazon.awssdk:utils:jar:2.21.46:compile
[DEBUG]             software.amazon.awssdk:aws-core:jar:2.21.46:compile
[DEBUG]             software.amazon.awssdk:metrics-spi:jar:2.21.46:compile
[DEBUG]             software.amazon.awssdk:json-utils:jar:2.21.46:compile
[DEBUG]                software.amazon.awssdk:third-party-jackson-core:jar:2.21.46:compile
[DEBUG]             software.amazon.awssdk:endpoints-spi:jar:2.21.46:compile
[DEBUG]             software.amazon.awssdk:apache-client:jar:2.21.46:runtime
[DEBUG]                org.apache.httpcomponents:httpclient:jar:4.5.13:runtime
[DEBUG]                   commons-logging:commons-logging:jar:1.2:runtime
[DEBUG]                org.apache.httpcomponents:httpcore:jar:4.4.16:runtime (version managed from 4.4.13)
[DEBUG]                commons-codec:commons-codec:jar:1.18.0:runtime (version managed from 1.15)
[DEBUG]             software.amazon.awssdk:netty-nio-client:jar:2.21.46:runtime
[DEBUG]                io.netty:netty-codec-http:jar:4.1.128.Final:runtime (version managed from 4.1.100.Final)
[DEBUG]                io.netty:netty-codec-http2:jar:4.1.128.Final:runtime (version managed from 4.1.100.Final)
[DEBUG]                io.netty:netty-codec:jar:4.1.128.Final:runtime (version managed from 4.1.100.Final)
[DEBUG]                io.netty:netty-transport:jar:4.1.128.Final:runtime (version managed from 4.1.100.Final)
[DEBUG]                io.netty:netty-common:jar:4.1.128.Final:runtime (version managed from 4.1.100.Final)
[DEBUG]                io.netty:netty-buffer:jar:4.1.128.Final:runtime (version managed from 4.1.100.Final)
[DEBUG]                io.netty:netty-handler:jar:4.1.128.Final:runtime (version managed from 4.1.100.Final)
[DEBUG]                   io.netty:netty-transport-native-unix-common:jar:4.1.128.Final:runtime (version managed from 4.1.128.Final)
[DEBUG]                io.netty:netty-transport-classes-epoll:jar:4.1.128.Final:runtime (version managed from 4.1.100.Final)
[DEBUG]                io.netty:netty-resolver:jar:4.1.128.Final:runtime (version managed from 4.1.100.Final)
[DEBUG]       io.awspring.cloud:spring-cloud-aws-s3-cross-region-client:jar:3.1.1:compile
[DEBUG]       io.awspring.cloud:spring-cloud-aws-starter:jar:3.1.1:compile
[DEBUG]          io.awspring.cloud:spring-cloud-aws-autoconfigure:jar:3.1.1:compile
[DEBUG]          io.awspring.cloud:spring-cloud-aws-core:jar:3.1.1:compile
[DEBUG]       org.slf4j:slf4j-api:jar:2.0.17:compile (version managed from 2.0.9)
[INFO] 
[INFO] --- jacoco:0.8.11:prepare-agent (prepare-agent) @ TraceAndTrust ---
[DEBUG] Using mirror maven-default-http-blocker (http://0.0.0.0/) for apache.snapshots (http://people.apache.org/repo/m2-snapshot-repository).
[DEBUG] Dependency collection stats {ConflictMarker.analyzeTime=164000, ConflictMarker.markTime=75700, ConflictMarker.nodeCount=18, ConflictIdSorter.graphTime=143300, ConflictIdSorter.topsortTime=19500, ConflictIdSorter.conflictIdCount=13, ConflictIdSorter.conflictIdCycleCount=0, ConflictResolver.totalTime=555100, ConflictResolver.conflictItemCount=18, DfDependencyCollector.collectTime=155606600, DfDependencyCollector.transformTime=991300}
[DEBUG] org.jacoco:jacoco-maven-plugin:jar:0.8.11
[DEBUG]    org.codehaus.plexus:plexus-utils:jar:3.0.24:compile
[DEBUG]    org.apache.maven.shared:file-management:jar:3.1.0:compile
[DEBUG]       org.slf4j:slf4j-api:jar:1.7.36:compile
[DEBUG]       commons-io:commons-io:jar:2.11.0:compile
[DEBUG]    org.apache.maven.reporting:maven-reporting-api:jar:3.0:compile
[DEBUG]       org.apache.maven.doxia:doxia-sink-api:jar:1.0:compile
[DEBUG]    org.jacoco:org.jacoco.agent:jar:runtime:0.8.11:compile
[DEBUG]    org.jacoco:org.jacoco.core:jar:0.8.11:compile
[DEBUG]       org.ow2.asm:asm:jar:9.6:compile (version managed from default)
[DEBUG]       org.ow2.asm:asm-commons:jar:9.6:compile (version managed from default)
[DEBUG]       org.ow2.asm:asm-tree:jar:9.6:compile (version managed from default)
[DEBUG]    org.jacoco:org.jacoco.report:jar:0.8.11:compile
[DEBUG] Created new class realm plugin>org.jacoco:jacoco-maven-plugin:0.8.11
[DEBUG] Importing foreign packages into class realm plugin>org.jacoco:jacoco-maven-plugin:0.8.11
[DEBUG]   Imported:  < maven.api
[DEBUG] Populating class realm plugin>org.jacoco:jacoco-maven-plugin:0.8.11
[DEBUG]   Included: org.jacoco:jacoco-maven-plugin:jar:0.8.11
[DEBUG]   Included: org.codehaus.plexus:plexus-utils:jar:3.0.24
[DEBUG]   Included: org.apache.maven.shared:file-management:jar:3.1.0
[DEBUG]   Included: commons-io:commons-io:jar:2.11.0
[DEBUG]   Included: org.apache.maven.reporting:maven-reporting-api:jar:3.0
[DEBUG]   Included: org.apache.maven.doxia:doxia-sink-api:jar:1.0
[DEBUG]   Included: org.jacoco:org.jacoco.agent:jar:runtime:0.8.11
[DEBUG]   Included: org.jacoco:org.jacoco.core:jar:0.8.11
[DEBUG]   Included: org.ow2.asm:asm:jar:9.6
[DEBUG]   Included: org.ow2.asm:asm-commons:jar:9.6
[DEBUG]   Included: org.ow2.asm:asm-tree:jar:9.6
[DEBUG]   Included: org.jacoco:org.jacoco.report:jar:0.8.11
[DEBUG] Loading mojo org.jacoco:jacoco-maven-plugin:0.8.11:prepare-agent from plugin realm ClassRealm[plugin>org.jacoco:jacoco-maven-plugin:0.8.11, parent: jdk.internal.loader.ClassLoaders$AppClassLoader@5bc2b487]
[DEBUG] Configuring mojo execution 'org.jacoco:jacoco-maven-plugin:0.8.11:prepare-agent:prepare-agent' with basic configurator -->
[DEBUG]   (f) destFile = C:\Users\Youcode\Desktop\briefs\TraceAndTrust\target\jacoco.exec
[DEBUG]   (f) excludes = [**/dto/**/*, **/entity/**/*, **/enums/**/*, **/mapper/**/*Impl.class, **/TraceAndTrustApplication.class, **/exception/ApiError.class]
[DEBUG]   (f) pluginArtifactMap = {org.jacoco:jacoco-maven-plugin=org.jacoco:jacoco-maven-plugin:maven-plugin:0.8.11:, org.codehaus.plexus:plexus-utils=org.codehaus.plexus:plexus-utils:jar:3.0.24:compile, org.apache.maven.shared:file-management=org.apache.maven.shared:file-management:jar:3.1.0:compile, org.slf4j:slf4j-api=org.slf4j:slf4j-api:jar:1.7.36:compile, commons-io:commons-io=commons-io:commons-io:jar:2.11.0:compile, org.apache.maven.reporting:maven-reporting-api=org.apache.maven.reporting:maven-reporting-api:jar:3.0:compile, org.apache.maven.doxia:doxia-sink-api=org.apache.maven.doxia:doxia-sink-api:jar:1.0:compile, org.jacoco:org.jacoco.agent=org.jacoco:org.jacoco.agent:jar:runtime:0.8.11:compile, org.jacoco:org.jacoco.core=org.jacoco:org.jacoco.core:jar:0.8.11:compile, org.ow2.asm:asm=org.ow2.asm:asm:jar:9.6:compile, org.ow2.asm:asm-commons=org.ow2.asm:asm-commons:jar:9.6:compile, org.ow2.asm:asm-tree=org.ow2.asm:asm-tree:jar:9.6:compile, org.jacoco:org.jacoco.report=org.jacoco:org.jacoco.report:jar:0.8.11:compile}
[DEBUG]   (f) project = MavenProject: org.userManagement:TraceAndTrust:0.0.1-SNAPSHOT @ C:\Users\Youcode\Desktop\briefs\TraceAndTrust\pom.xml
[DEBUG]   (f) skip = false
[DEBUG] -- end configuration --
[INFO] argLine set to -javaagent:C:\\Users\\Youcode\\.m2\\repository\\org\\jacoco\\org.jacoco.agent\\0.8.11\\org.jacoco.agent-0.8.11-runtime.jar=destfile=C:\\Users\\Youcode\\Desktop\\briefs\\TraceAndTrust\\target\\jacoco.exec,excludes=**/dto/**/*:**/entity/**/*:**/enums/**/*:**/mapper/**/*Impl.class:**/TraceAndTrustApplication.class:**/exception/ApiError.class
[INFO] 
[INFO] --- resources:3.3.1:resources (default-resources) @ TraceAndTrust ---
[DEBUG] Dependency collection stats {ConflictMarker.analyzeTime=115100, ConflictMarker.markTime=33700, ConflictMarker.nodeCount=13, ConflictIdSorter.graphTime=70900, ConflictIdSorter.topsortTime=25100, ConflictIdSorter.conflictIdCount=9, ConflictIdSorter.conflictIdCycleCount=0, ConflictResolver.totalTime=223100, ConflictResolver.conflictItemCount=13, DfDependencyCollector.collectTime=102228500, DfDependencyCollector.transformTime=502600}
[DEBUG] org.apache.maven.plugins:maven-resources-plugin:jar:3.3.1
[DEBUG]    org.codehaus.plexus:plexus-interpolation:jar:1.26:runtime
[DEBUG]    org.codehaus.plexus:plexus-utils:jar:3.5.1:compile
[DEBUG]    org.apache.maven.shared:maven-filtering:jar:3.3.1:compile
[DEBUG]       javax.inject:javax.inject:jar:1:compile
[DEBUG]       org.slf4j:slf4j-api:jar:1.7.36:compile
[DEBUG]       org.sonatype.plexus:plexus-build-api:jar:0.0.7:compile
[DEBUG]    commons-io:commons-io:jar:2.11.0:compile
[DEBUG]    org.apache.commons:commons-lang3:jar:3.12.0:compile
[DEBUG] Created new class realm plugin>org.apache.maven.plugins:maven-resources-plugin:3.3.1
[DEBUG] Importing foreign packages into class realm plugin>org.apache.maven.plugins:maven-resources-plugin:3.3.1
[DEBUG]   Imported:  < maven.api
[DEBUG] Populating class realm plugin>org.apache.maven.plugins:maven-resources-plugin:3.3.1
[DEBUG]   Included: org.apache.maven.plugins:maven-resources-plugin:jar:3.3.1
[DEBUG]   Included: org.codehaus.plexus:plexus-interpolation:jar:1.26
[DEBUG]   Included: org.codehaus.plexus:plexus-utils:jar:3.5.1
[DEBUG]   Included: org.apache.maven.shared:maven-filtering:jar:3.3.1
[DEBUG]   Included: org.sonatype.plexus:plexus-build-api:jar:0.0.7
[DEBUG]   Included: commons-io:commons-io:jar:2.11.0
[DEBUG]   Included: org.apache.commons:commons-lang3:jar:3.12.0
[DEBUG] Loading mojo org.apache.maven.plugins:maven-resources-plugin:3.3.1:resources from plugin realm ClassRealm[plugin>org.apache.maven.plugins:maven-resources-plugin:3.3.1, parent: jdk.internal.loader.ClassLoaders$AppClassLoader@5bc2b487]
[DEBUG] Configuring mojo execution 'org.apache.maven.plugins:maven-resources-plugin:3.3.1:resources:default-resources' with basic configurator -->
[DEBUG]   (f) addDefaultExcludes = true
[DEBUG]   (f) buildFilters = []
[DEBUG]   (s) delimiters = [@]
[DEBUG]   (f) encoding = UTF-8
[DEBUG]   (f) escapeWindowsPaths = true
[DEBUG]   (f) fileNameFiltering = false
[DEBUG]   (s) includeEmptyDirs = false
[DEBUG]   (s) outputDirectory = C:\Users\Youcode\Desktop\briefs\TraceAndTrust\target\classes
[DEBUG]   (s) overwrite = false
[DEBUG]   (f) project = MavenProject: org.userManagement:TraceAndTrust:0.0.1-SNAPSHOT @ C:\Users\Youcode\Desktop\briefs\TraceAndTrust\pom.xml
[DEBUG]   (f) propertiesEncoding = UTF-8
[DEBUG]   (s) resources = [Resource {targetPath: null, filtering: true, FileSet {directory: C:\Users\Youcode\Desktop\briefs\TraceAndTrust\src\main\resources, PatternSet [includes: {**/application*.yml, **/application*.yaml, **/application*.properties}, excludes: {}]}}, Resource {targetPath: null, filtering: false, FileSet {directory: C:\Users\Youcode\Desktop\briefs\TraceAndTrust\src\main\resources, PatternSet [includes: {}, excludes: {**/application*.yml, **/application*.yaml, **/application*.properties}]}}]
[DEBUG]   (f) session = org.apache.maven.execution.MavenSession@5eea5627
[DEBUG]   (f) skip = false
[DEBUG]   (f) supportMultiLineFiltering = false
[DEBUG]   (f) useBuildFilters = true
[DEBUG]   (s) useDefaultDelimiters = false
[DEBUG] -- end configuration --
[DEBUG] properties used:
[DEBUG] activemq.version: 6.1.8
[DEBUG] angus-mail.version: 2.0.5
[DEBUG] argLine: -javaagent:C:\\Users\\Youcode\\.m2\\repository\\org\\jacoco\\org.jacoco.agent\\0.8.11\\org.jacoco.agent-0.8.11-runtime.jar=destfile=C:\\Users\\Youcode\\Desktop\\briefs\\TraceAndTrust\\target\\jacoco.exec,excludes=**/dto/**/*:**/entity/**/*:**/enums/**/*:**/mapper/**/*Impl.class:**/TraceAndTrustApplication.class:**/exception/ApiError.class
[DEBUG] artemis.version: 2.40.0
[DEBUG] aspectj.version: 1.9.24
[DEBUG] assertj.version: 3.27.6
[DEBUG] awaitility.version: 4.2.2
[DEBUG] brave.version: 6.1.0
[DEBUG] build-helper-maven-plugin.version: 3.6.1
[DEBUG] byte-buddy.version: 1.17.8
[DEBUG] cache2k.version: 2.6.1.Final
[DEBUG] caffeine.version: 3.2.2
[DEBUG] cassandra-driver.version: 4.19.1
[DEBUG] classmate.version: 1.7.1
[DEBUG] classworlds.conf: C:\Users\Youcode\.m2\wrapper\dists\apache-maven-3.9.11\03d7e36a140982eea48e22c1dcac01d8862b2550b2939e09a0809bbc5182a5bc\bin\m2.conf
[DEBUG] commons-codec.version: 1.18.0
[DEBUG] commons-dbcp2.version: 2.13.0
[DEBUG] commons-lang3.version: 3.17.0
[DEBUG] commons-pool.version: 1.6
[DEBUG] commons-pool2.version: 2.12.1
[DEBUG] couchbase-client.version: 3.8.3
[DEBUG] crac.version: 1.5.0
[DEBUG] cyclonedx-maven-plugin.version: 2.9.1
[DEBUG] db2-jdbc.version: 12.1.2.0
[DEBUG] dependency-management-plugin.version: 1.1.7
[DEBUG] derby.version: 10.16.1.1
[DEBUG] ehcache3.version: 3.10.9
[DEBUG] elasticsearch-client.version: 8.18.8
[DEBUG] env.=C:: C:\Users\Youcode\Desktop\briefs\TraceAndTrust
[DEBUG] env.=EXITCODE: 00000000
[DEBUG] env.ALLUSERSPROFILE: C:\ProgramData
[DEBUG] env.ANTIGRAVITY_AGENT: 1
[DEBUG] env.ANTIGRAVITY_CLI_ALIAS: agy
[DEBUG] env.APPDATA: C:\Users\Youcode\AppData\Roaming
[DEBUG] env.CHROME_CRASHPAD_PIPE_NAME: \\.\pipe\crashpad_65528_YQJVCQHJXTNQCLNQ
[DEBUG] env.CLASSWORLDS_JAR: "C:\Users\Youcode\.m2\wrapper\dists\apache-maven-3.9.11\03d7e36a140982eea48e22c1dcac01d8862b2550b2939e09a0809bbc5182a5bc\boot\plexus-classworlds-2.9.0.jar"
[DEBUG] env.CLASSWORLDS_LAUNCHER: org.codehaus.plexus.classworlds.launcher.Launcher
[DEBUG] env.COLORTERM: truecolor
[DEBUG] env.COMMONPROGRAMFILES: C:\Program Files\Common Files
[DEBUG] env.COMMONPROGRAMFILES(X86): C:\Program Files (x86)\Common Files
[DEBUG] env.COMMONPROGRAMW6432: C:\Program Files\Common Files
[DEBUG] env.COMPUTERNAME: DESKTOP-PPBR5KT
[DEBUG] env.COMSPEC: C:\WINDOWS\system32\cmd.exe
[DEBUG] env.DRIVERDATA: C:\Windows\System32\Drivers\DriverData
[DEBUG] env.EFC_36848_1262719628: 1
[DEBUG] env.EFC_36848_1592913036: 1
[DEBUG] env.EFC_36848_2283032206: 1
[DEBUG] env.EFC_36848_2775293581: 1
[DEBUG] env.EFC_36848_3789132940: 1
[DEBUG] env.ERROR_CODE: 0
[DEBUG] env.EXEC_DIR: C:\Users\Youcode\Desktop\briefs\TraceAndTrust
[DEBUG] env.FPS_BROWSER_APP_PROFILE_STRING: Internet Explorer
[DEBUG] env.FPS_BROWSER_USER_PROFILE_STRING: Default
[DEBUG] env.GIT_ASKPASS: c:\Users\Youcode\AppData\Local\Programs\Antigravity\resources\app\extensions\git\dist\askpass.sh
[DEBUG] env.HOMEDRIVE: C:
[DEBUG] env.HOMEPATH: \Users\Youcode
[DEBUG] env.INTELLIJ IDEA COMMUNITY EDITION: C:\Program Files\JetBrains\IntelliJ IDEA Community Edition 2025.1.1.1\bin;
[DEBUG] env.JAVACMD: C:\Program Files\Common Files\Oracle\Java\javapath\java.exe
[DEBUG] env.JVMCONFIG: \.mvn\jvm.config
[DEBUG] env.LANG: en_US.UTF-8
[DEBUG] env.LOCALAPPDATA: C:\Users\Youcode\AppData\Local
[DEBUG] env.LOGONSERVER: \\DESKTOP-PPBR5KT
[DEBUG] env.MAVEN_CMD_LINE_ARGS: compile -e -X
[DEBUG] env.MAVEN_HOME: C:\Users\Youcode\.m2\wrapper\dists\apache-maven-3.9.11\03d7e36a140982eea48e22c1dcac01d8862b2550b2939e09a0809bbc5182a5bc
[DEBUG] env.MAVEN_OPTS: --enable-native-access=ALL-UNNAMED 
[DEBUG] env.MAVEN_PROJECTBASEDIR: C:\Users\Youcode\Desktop\briefs\TraceAndTrust
[DEBUG] env.NUMBER_OF_PROCESSORS: 8
[DEBUG] env.ONEDRIVE: C:\Users\Youcode\OneDrive
[DEBUG] env.OPENSSL_CONF: C:\Program Files\PostgreSQL\psqlODBC\etc\openssl.cnf
[DEBUG] env.ORIGINAL_XDG_CURRENT_DESKTOP: undefined
[DEBUG] env.OS: Windows_NT
[DEBUG] env.PAGER: cat
[DEBUG] env.PATH: C:\Program Files\Common Files\Oracle\Java\javapath;C:\Program Files (x86)\Common Files\Oracle\Java\java8path;C:\Program Files (x86)\Common Files\Oracle\Java\javapath;C:\WINDOWS\system32;C:\WINDOWS;C:\WINDOWS\System32\Wbem;C:\WINDOWS\System32\WindowsPowerShell\v1.0\;C:\WINDOWS\System32\OpenSSH\;C:\Program Files\nodejs\;C:\Program Files\Git\cmd;C:\Program Files\Docker\Docker\resources\bin;C:\ProgramData\ComposerSetup\bin;C:\Program Files\cursor\resources\app\bin;C:\Users\Youcode\AppData\Local\Microsoft\WindowsApps;C:\Users\Youcode\AppData\Local\Programs\Microsoft VS Code\bin;C:\Users\Youcode\AppData\Roaming\npm;C:\Program Files (x86)\Java\jre1.8.0_431\bin;C:\Program Files\MariaDB 11.6\bin;C:\Program Files\PostgreSQL\17\bin;C:\laragon\bin\php\php-8.2.28-Win32-vs16-x64;C:\Program Files\Git\bin;C:\Users\Youcode\AppData\Roaming\Composer\vendor\bin;C:\Program Files\JetBrains\IntelliJ IDEA Community Edition 2025.1.1.1\bin;;C:\Users\Youcode\AppData\Local\Programs\Antigravity\bin
[DEBUG] env.PATHEXT: .COM;.EXE;.BAT;.CMD;.VBS;.VBE;.JS;.JSE;.WSF;.WSH;.MSC;.CPL
[DEBUG] env.PROCESSOR_ARCHITECTURE: AMD64
[DEBUG] env.PROCESSOR_IDENTIFIER: Intel64 Family 6 Model 140 Stepping 1, GenuineIntel
[DEBUG] env.PROCESSOR_LEVEL: 6
[DEBUG] env.PROCESSOR_REVISION: 8c01
[DEBUG] env.PROGRAMDATA: C:\ProgramData
[DEBUG] env.PROGRAMFILES: C:\Program Files
[DEBUG] env.PROGRAMFILES(X86): C:\Program Files (x86)
[DEBUG] env.PROGRAMW6432: C:\Program Files
[DEBUG] env.PROMPT: $P$G
[DEBUG] env.PSMODULEPATH: C:\Users\Youcode\Documents\WindowsPowerShell\Modules;C:\Program Files\WindowsPowerShell\Modules;C:\WINDOWS\system32\WindowsPowerShell\v1.0\Modules
[DEBUG] env.PUBLIC: C:\Users\Public
[DEBUG] env.SESSIONNAME: Console
[DEBUG] env.SYSTEMDRIVE: C:
[DEBUG] env.SYSTEMROOT: C:\WINDOWS
[DEBUG] env.TEMP: C:\Users\Youcode\AppData\Local\Temp
[DEBUG] env.TERM_PROGRAM: vscode
[DEBUG] env.TERM_PROGRAM_VERSION: 1.104.0
[DEBUG] env.TMP: C:\Users\Youcode\AppData\Local\Temp
[DEBUG] env.USERDOMAIN: DESKTOP-PPBR5KT
[DEBUG] env.USERDOMAIN_ROAMINGPROFILE: DESKTOP-PPBR5KT
[DEBUG] env.USERNAME: Youcode
[DEBUG] env.USERPROFILE: C:\Users\Youcode
[DEBUG] env.VSCODE_GIT_ASKPASS_EXTRA_ARGS: 
[DEBUG] env.VSCODE_GIT_ASKPASS_MAIN: c:\Users\Youcode\AppData\Local\Programs\Antigravity\resources\app\extensions\git\dist\askpass-main.js
[DEBUG] env.VSCODE_GIT_ASKPASS_NODE: C:\Users\Youcode\AppData\Local\Programs\Antigravity\Antigravity.exe
[DEBUG] env.VSCODE_GIT_IPC_HANDLE: \\.\pipe\vscode-git-da53539ea8-sock
[DEBUG] env.VSCODE_INJECTION: 1
[DEBUG] env.VSCODE_PYTHON_AUTOACTIVATE_GUARD: 1
[DEBUG] env.WDIR: C:\Users\Youcode\Desktop\briefs\TraceAndTrust
[DEBUG] env.WINDIR: C:\WINDOWS
[DEBUG] env.ZES_ENABLE_SYSMAN: 1
[DEBUG] env.__MVNW_CMD__: C:\Users\Youcode/.m2/wrapper/dists/apache-maven-3.9.11/03d7e36a140982eea48e22c1dcac01d8862b2550b2939e09a0809bbc5182a5bc/bin/mvn.cmd
[DEBUG] file.encoding: UTF-8
[DEBUG] file.separator: \
[DEBUG] flyway.version: 11.7.2
[DEBUG] freemarker.version: 2.3.34
[DEBUG] git-commit-id-maven-plugin.version: 9.0.2
[DEBUG] glassfish-jaxb.version: 4.0.6
[DEBUG] glassfish-jstl.version: 3.0.1
[DEBUG] graphql-java.version: 24.3
[DEBUG] groovy.version: 4.0.29
[DEBUG] gson.version: 2.13.2
[DEBUG] h2.version: 2.3.232
[DEBUG] hamcrest.version: 3.0
[DEBUG] hazelcast.version: 5.5.0
[DEBUG] hibernate-validator.version: 8.0.3.Final
[DEBUG] hibernate.version: 6.6.33.Final
[DEBUG] hikaricp.version: 6.3.3
[DEBUG] hsqldb.version: 2.7.3
[DEBUG] htmlunit.version: 4.11.1
[DEBUG] httpasyncclient.version: 4.1.5
[DEBUG] httpclient5.version: 5.5.1
[DEBUG] httpcore.version: 4.4.16
[DEBUG] httpcore5.version: 5.3.6
[DEBUG] infinispan.version: 15.2.6.Final
[DEBUG] influxdb-java.version: 2.25
[DEBUG] jackson-bom.version: 2.19.2
[DEBUG] jacoco-maven-plugin.version: 0.8.11
[DEBUG] jakarta-activation.version: 2.1.4
[DEBUG] jakarta-annotation.version: 2.1.1
[DEBUG] jakarta-inject.version: 2.0.1
[DEBUG] jakarta-jms.version: 3.1.0
[DEBUG] jakarta-json-bind.version: 3.0.1
[DEBUG] jakarta-json.version: 2.1.3
[DEBUG] jakarta-mail.version: 2.1.5
[DEBUG] jakarta-management.version: 1.1.4
[DEBUG] jakarta-persistence.version: 3.1.0
[DEBUG] jakarta-servlet-jsp-jstl.version: 3.0.2
[DEBUG] jakarta-servlet.version: 6.0.0
[DEBUG] jakarta-transaction.version: 2.0.1
[DEBUG] jakarta-validation.version: 3.0.2
[DEBUG] jakarta-websocket.version: 2.1.1
[DEBUG] jakarta-ws-rs.version: 3.1.0
[DEBUG] jakarta-xml-bind.version: 4.0.4
[DEBUG] jakarta-xml-soap.version: 3.0.2
[DEBUG] jakarta-xml-ws.version: 4.0.2
[DEBUG] janino.version: 3.1.12
[DEBUG] java.class.path: C:\Users\Youcode\.m2\wrapper\dists\apache-maven-3.9.11\03d7e36a140982eea48e22c1dcac01d8862b2550b2939e09a0809bbc5182a5bc\boot\plexus-classworlds-2.9.0.jar
[DEBUG] java.class.version: 68.0
[DEBUG] java.home: C:\Program Files\Java\jdk-24
[DEBUG] java.io.tmpdir: C:\Users\Youcode\AppData\Local\Temp\
[DEBUG] java.library.path: C:\Program Files\Java\jdk-24\bin;C:\WINDOWS\Sun\Java\bin;C:\WINDOWS\system32;C:\WINDOWS;C:\Program Files\Common Files\Oracle\Java\javapath;C:\Program Files (x86)\Common Files\Oracle\Java\java8path;C:\Program Files (x86)\Common Files\Oracle\Java\javapath;C:\WINDOWS\system32;C:\WINDOWS;C:\WINDOWS\System32\Wbem;C:\WINDOWS\System32\WindowsPowerShell\v1.0\;C:\WINDOWS\System32\OpenSSH\;C:\Program Files\nodejs\;C:\Program Files\Git\cmd;C:\Program Files\Docker\Docker\resources\bin;C:\ProgramData\ComposerSetup\bin;C:\Program Files\cursor\resources\app\bin;C:\Users\Youcode\AppData\Local\Microsoft\WindowsApps;C:\Users\Youcode\AppData\Local\Programs\Microsoft VS Code\bin;C:\Users\Youcode\AppData\Roaming\npm;C:\Program Files (x86)\Java\jre1.8.0_431\bin;C:\Program Files\MariaDB 11.6\bin;C:\Program Files\PostgreSQL\17\bin;C:\laragon\bin\php\php-8.2.28-Win32-vs16-x64;C:\Program Files\Git\bin;C:\Users\Youcode\AppData\Roaming\Composer\vendor\bin;C:\Program Files\JetBrains\IntelliJ IDEA Community Edition 2025.1.1.1\bin;;C:\Users\Youcode\AppData\Local\Programs\Antigravity\bin;.
[DEBUG] java.runtime.name: Java(TM) SE Runtime Environment
[DEBUG] java.runtime.version: 24.0.1+9-30
[DEBUG] java.specification.name: Java Platform API Specification
[DEBUG] java.specification.vendor: Oracle Corporation
[DEBUG] java.specification.version: 24
[DEBUG] java.vendor: Oracle Corporation
[DEBUG] java.vendor.url: https://java.oracle.com/
[DEBUG] java.vendor.url.bug: https://bugreport.java.com/bugreport/
[DEBUG] java.version: 24.0.1
[DEBUG] java.version.date: 2025-04-15
[DEBUG] java.vm.compressedOopsMode: Zero based
[DEBUG] java.vm.info: mixed mode, sharing
[DEBUG] java.vm.name: Java HotSpot(TM) 64-Bit Server VM
[DEBUG] java.vm.specification.name: Java Virtual Machine Specification
[DEBUG] java.vm.specification.vendor: Oracle Corporation
[DEBUG] java.vm.specification.version: 24
[DEBUG] java.vm.vendor: Oracle Corporation
[DEBUG] java.vm.version: 24.0.1+9-30
[DEBUG] javax-cache.version: 1.1.1
[DEBUG] javax-money.version: 1.1
[DEBUG] jaxen.version: 2.0.0
[DEBUG] jaybird.version: 6.0.3
[DEBUG] jboss-logging.version: 3.6.1.Final
[DEBUG] jdk.debug: release
[DEBUG] jdom2.version: 2.0.6.1
[DEBUG] jedis.version: 6.0.0
[DEBUG] jersey.version: 3.1.11
[DEBUG] jetty-reactive-httpclient.version: 4.0.12
[DEBUG] jetty.version: 12.0.29
[DEBUG] jmustache.version: 1.16
[DEBUG] jooq.version: 3.19.27
[DEBUG] json-path.version: 2.9.0
[DEBUG] json-smart.version: 2.5.2
[DEBUG] jsonassert.version: 1.5.3
[DEBUG] jtds.version: 1.3.1
[DEBUG] junit-jupiter.version: 5.12.2
[DEBUG] junit.version: 4.13.2
[DEBUG] kafka.version: 3.9.1
[DEBUG] kotlin-coroutines.version: 1.8.1
[DEBUG] kotlin-serialization.version: 1.6.3
[DEBUG] kotlin.version: 1.9.25
[DEBUG] lettuce.version: 6.6.0.RELEASE
[DEBUG] library.jansi.path: C:\Users\Youcode\.m2\wrapper\dists\apache-maven-3.9.11\03d7e36a140982eea48e22c1dcac01d8862b2550b2939e09a0809bbc5182a5bc\lib\jansi-native
[DEBUG] line.separator: 

[DEBUG] liquibase.version: 4.31.1
[DEBUG] log4j2.version: 2.24.3
[DEBUG] logback.version: 1.5.20
[DEBUG] lombok.version: 1.18.36
[DEBUG] mariadb.version: 3.5.6
[DEBUG] maven-antrun-plugin.version: 3.1.0
[DEBUG] maven-assembly-plugin.version: 3.7.1
[DEBUG] maven-clean-plugin.version: 3.4.1
[DEBUG] maven-compiler-plugin.version: 3.14.1
[DEBUG] maven-dependency-plugin.version: 3.8.1
[DEBUG] maven-deploy-plugin.version: 3.1.4
[DEBUG] maven-enforcer-plugin.version: 3.5.0
[DEBUG] maven-failsafe-plugin.version: 3.5.4
[DEBUG] maven-help-plugin.version: 3.5.1
[DEBUG] maven-install-plugin.version: 3.1.4
[DEBUG] maven-invoker-plugin.version: 3.9.1
[DEBUG] maven-jar-plugin.version: 3.4.2
[DEBUG] maven-javadoc-plugin.version: 3.11.3
[DEBUG] maven-resources-plugin.version: 3.3.1
[DEBUG] maven-shade-plugin.version: 3.6.1
[DEBUG] maven-source-plugin.version: 3.3.1
[DEBUG] maven-surefire-plugin.version: 3.2.5
[DEBUG] maven-war-plugin.version: 3.4.0
[DEBUG] maven.build.timestamp: 2026-01-29T12:32:43Z
[DEBUG] maven.build.version: Apache Maven 3.9.11 (3e54c93a704957b63ee3494413a2b544fd3d825b)
[DEBUG] maven.compiler.release: 17
[DEBUG] maven.conf: C:\Users\Youcode\.m2\wrapper\dists\apache-maven-3.9.11\03d7e36a140982eea48e22c1dcac01d8862b2550b2939e09a0809bbc5182a5bc/conf
[DEBUG] maven.home: C:\Users\Youcode\.m2\wrapper\dists\apache-maven-3.9.11\03d7e36a140982eea48e22c1dcac01d8862b2550b2939e09a0809bbc5182a5bc
[DEBUG] maven.multiModuleProjectDirectory: C:\Users\Youcode\Desktop\briefs\TraceAndTrust
[DEBUG] maven.version: 3.9.11
[DEBUG] micrometer-tracing.version: 1.5.5
[DEBUG] micrometer.version: 1.15.5
[DEBUG] mockito.version: 5.17.0
[DEBUG] mongodb.version: 5.5.2
[DEBUG] mssql-jdbc.version: 12.10.2.jre11
[DEBUG] mysql.version: 9.4.0
[DEBUG] native-build-tools-plugin.version: 0.10.6
[DEBUG] native.encoding: Cp1252
[DEBUG] nekohtml.version: 1.9.22
[DEBUG] neo4j-java-driver.version: 5.28.9
[DEBUG] netty.version: 4.1.128.Final
[DEBUG] opentelemetry.version: 1.49.0
[DEBUG] oracle-database.version: 23.7.0.25.01
[DEBUG] oracle-r2dbc.version: 1.3.0
[DEBUG] org.mapstruct.version: 1.5.5.Final
[DEBUG] os.arch: amd64
[DEBUG] os.name: Windows 11
[DEBUG] os.version: 10.0
[DEBUG] path.separator: ;
[DEBUG] pooled-jms.version: 3.1.7
[DEBUG] postgresql.version: 42.7.8
[DEBUG] project.baseUri: file:/C:/Users/Youcode/Desktop/briefs/TraceAndTrust/
[DEBUG] project.build.sourceEncoding: UTF-8
[DEBUG] project.reporting.outputEncoding: UTF-8
[DEBUG] prometheus-client.version: 1.3.10
[DEBUG] prometheus-simpleclient.version: 0.16.0
[DEBUG] pulsar-reactive.version: 0.6.0
[DEBUG] pulsar.version: 4.0.7
[DEBUG] quartz.version: 2.5.0
[DEBUG] querydsl.version: 5.1.0
[DEBUG] r2dbc-h2.version: 1.0.1.RELEASE
[DEBUG] r2dbc-mariadb.version: 1.3.0
[DEBUG] r2dbc-mssql.version: 1.0.3.RELEASE
[DEBUG] r2dbc-mysql.version: 1.4.1
[DEBUG] r2dbc-pool.version: 1.0.2.RELEASE
[DEBUG] r2dbc-postgresql.version: 1.0.8.RELEASE
[DEBUG] r2dbc-proxy.version: 1.1.6.RELEASE
[DEBUG] r2dbc-spi.version: 1.0.0.RELEASE
[DEBUG] rabbit-amqp-client.version: 5.25.0
[DEBUG] rabbit-stream-client.version: 0.23.0
[DEBUG] reactive-streams.version: 1.0.4
[DEBUG] reactor-bom.version: 2024.0.11
[DEBUG] resource.delimiter: @
[DEBUG] rest-assured.version: 5.5.6
[DEBUG] rsocket.version: 1.1.5
[DEBUG] rxjava3.version: 3.1.12
[DEBUG] saaj-impl.version: 3.0.4
[DEBUG] selenium-htmlunit.version: 4.30.0
[DEBUG] selenium.version: 4.31.0
[DEBUG] sendgrid.version: 4.10.3
[DEBUG] slf4j.version: 2.0.17
[DEBUG] snakeyaml.version: 2.4
[DEBUG] sonar.coverage.exclusions: **/dto/**,
            **/entity/**,
            **/enums/**,
            **/mapper/**/*Impl.java,
            **/TraceAndTrustApplication.java,
            **/exception/ApiError.java
[DEBUG] sonar.host.url: http://localhost:9000
[DEBUG] sonar.organization: votre-organisation
[DEBUG] spring-amqp.version: 3.2.8
[DEBUG] spring-authorization-server.version: 1.5.3
[DEBUG] spring-batch.version: 5.2.4
[DEBUG] spring-boot.run.main-class: ${start-class}
[DEBUG] spring-data-bom.version: 2025.0.5
[DEBUG] spring-framework.version: 6.2.12
[DEBUG] spring-graphql.version: 1.4.3
[DEBUG] spring-hateoas.version: 2.5.1
[DEBUG] spring-integration.version: 6.5.3
[DEBUG] spring-kafka.version: 3.3.10
[DEBUG] spring-ldap.version: 3.3.4
[DEBUG] spring-modulith.version: 1.4.4
[DEBUG] spring-pulsar.version: 1.2.11
[DEBUG] spring-restdocs.version: 3.0.5
[DEBUG] spring-retry.version: 2.0.12
[DEBUG] spring-security.version: 6.5.6
[DEBUG] spring-session.version: 3.5.3
[DEBUG] spring-ws.version: 4.1.2
[DEBUG] sqlite-jdbc.version: 3.49.1.0
[DEBUG] stderr.encoding: Cp1252
[DEBUG] stdout.encoding: Cp1252
[DEBUG] sun.arch.data.model: 64
[DEBUG] sun.boot.library.path: C:\Program Files\Java\jdk-24\bin
[DEBUG] sun.cpu.endian: little
[DEBUG] sun.cpu.isalist: amd64
[DEBUG] sun.io.unicode.encoding: UnicodeLittle
[DEBUG] sun.java.command: org.codehaus.plexus.classworlds.launcher.Launcher compile -e -X
[DEBUG] sun.java.launcher: SUN_STANDARD
[DEBUG] sun.jnu.encoding: Cp1252
[DEBUG] sun.management.compiler: HotSpot 64-Bit Tiered Compilers
[DEBUG] sun.os.patch.level: 
[DEBUG] testcontainers-redis-module.version: 2.2.4
[DEBUG] testcontainers.version: 1.21.3
[DEBUG] thymeleaf-extras-data-attribute.version: 2.0.1
[DEBUG] thymeleaf-extras-springsecurity.version: 3.1.3.RELEASE
[DEBUG] thymeleaf-layout-dialect.version: 3.4.0
[DEBUG] thymeleaf.version: 3.1.3.RELEASE
[DEBUG] tomcat.version: 10.1.48
[DEBUG] unboundid-ldapsdk.version: 7.0.3
[DEBUG] undertow.version: 2.3.20.Final
[DEBUG] user.country: US
[DEBUG] user.dir: C:\Users\Youcode\Desktop\briefs\TraceAndTrust
[DEBUG] user.home: C:\Users\Youcode
[DEBUG] user.language: en
[DEBUG] user.name: Youcode
[DEBUG] user.script: 
[DEBUG] user.variant: 
[DEBUG] versions-maven-plugin.version: 2.18.0
[DEBUG] vibur.version: 26.0
[DEBUG] webjars-locator-core.version: 0.59
[DEBUG] webjars-locator-lite.version: 1.1.2
[DEBUG] wsdl4j.version: 1.6.3
[DEBUG] xml-maven-plugin.version: 1.1.0
[DEBUG] xmlunit2.version: 2.10.4
[DEBUG] yasson.version: 3.0.4
[DEBUG] zipkin-reporter.version: 3.5.1
[DEBUG] Using 'UTF-8' encoding to copy filtered resources.
[DEBUG] Using 'UTF-8' encoding to copy filtered properties files.
[DEBUG] resource with targetPath null
directory C:\Users\Youcode\Desktop\briefs\TraceAndTrust\src\main\resources
excludes []
includes [**/application*.yml, **/application*.yaml, **/application*.properties]
[DEBUG] ignoreDelta true
[INFO] Copying 1 resource from src\main\resources to target\classes
[DEBUG] Copying file application.properties
[DEBUG] file application.properties has a filtered file extension
[DEBUG] Using 'UTF-8' encoding to copy filtered resource 'application.properties'.
[DEBUG] filtering C:\Users\Youcode\Desktop\briefs\TraceAndTrust\src\main\resources\application.properties to C:\Users\Youcode\Desktop\briefs\TraceAndTrust\target\classes\application.properties
[DEBUG] resource with targetPath null
directory C:\Users\Youcode\Desktop\briefs\TraceAndTrust\src\main\resources
excludes [**/application*.yml, **/application*.yaml, **/application*.properties]
includes []
[DEBUG] ignoreDelta true
[INFO] Copying 1 resource from src\main\resources to target\classes
[DEBUG] Copying file logback-spring.xml
[DEBUG] file logback-spring.xml has a filtered file extension
[DEBUG] Using 'UTF-8' encoding to copy filtered resource 'logback-spring.xml'.
[DEBUG] copy C:\Users\Youcode\Desktop\briefs\TraceAndTrust\src\main\resources\logback-spring.xml to C:\Users\Youcode\Desktop\briefs\TraceAndTrust\target\classes\logback-spring.xml
[DEBUG] no user filter components
[INFO] 
[INFO] --- compiler:3.11.0:compile (default-compile) @ TraceAndTrust ---
[DEBUG] Dependency collection stats {ConflictMarker.analyzeTime=115100, ConflictMarker.markTime=35800, ConflictMarker.nodeCount=17, ConflictIdSorter.graphTime=41200, ConflictIdSorter.topsortTime=28600, ConflictIdSorter.conflictIdCount=12, ConflictIdSorter.conflictIdCycleCount=0, ConflictResolver.totalTime=260000, ConflictResolver.conflictItemCount=17, DfDependencyCollector.collectTime=168706300, DfDependencyCollector.transformTime=551900}
[DEBUG] org.apache.maven.plugins:maven-compiler-plugin:jar:3.11.0
[DEBUG]    org.apache.maven.shared:maven-shared-utils:jar:3.3.4:compile
[DEBUG]       commons-io:commons-io:jar:2.6:compile
[DEBUG]    org.apache.maven.shared:maven-shared-incremental:jar:1.1:compile
[DEBUG]       org.codehaus.plexus:plexus-component-annotations:jar:1.5.5:compile
[DEBUG]    org.codehaus.plexus:plexus-java:jar:1.1.2:compile
[DEBUG]       org.ow2.asm:asm:jar:9.4:compile
[DEBUG]       com.thoughtworks.qdox:qdox:jar:2.0.3:compile (version managed from default)
[DEBUG]    org.codehaus.plexus:plexus-compiler-api:jar:2.13.0:compile
[DEBUG]       org.codehaus.plexus:plexus-utils:jar:3.5.0:compile (version managed from default)
[DEBUG]    org.codehaus.plexus:plexus-compiler-manager:jar:2.13.0:compile
[DEBUG]    org.codehaus.plexus:plexus-compiler-javac:jar:2.13.0:runtime
[DEBUG] Created new class realm plugin>org.apache.maven.plugins:maven-compiler-plugin:3.11.0
[DEBUG] Importing foreign packages into class realm plugin>org.apache.maven.plugins:maven-compiler-plugin:3.11.0
[DEBUG]   Imported:  < maven.api
[DEBUG] Populating class realm plugin>org.apache.maven.plugins:maven-compiler-plugin:3.11.0
[DEBUG]   Included: org.apache.maven.plugins:maven-compiler-plugin:jar:3.11.0
[DEBUG]   Included: org.apache.maven.shared:maven-shared-utils:jar:3.3.4
[DEBUG]   Included: commons-io:commons-io:jar:2.6
[DEBUG]   Included: org.apache.maven.shared:maven-shared-incremental:jar:1.1
[DEBUG]   Included: org.codehaus.plexus:plexus-component-annotations:jar:1.5.5
[DEBUG]   Included: org.codehaus.plexus:plexus-java:jar:1.1.2
[DEBUG]   Included: org.ow2.asm:asm:jar:9.4
[DEBUG]   Included: com.thoughtworks.qdox:qdox:jar:2.0.3
[DEBUG]   Included: org.codehaus.plexus:plexus-compiler-api:jar:2.13.0
[DEBUG]   Included: org.codehaus.plexus:plexus-utils:jar:3.5.0
[DEBUG]   Included: org.codehaus.plexus:plexus-compiler-manager:jar:2.13.0
[DEBUG]   Included: org.codehaus.plexus:plexus-compiler-javac:jar:2.13.0
[DEBUG] Loading mojo org.apache.maven.plugins:maven-compiler-plugin:3.11.0:compile from plugin realm ClassRealm[plugin>org.apache.maven.plugins:maven-compiler-plugin:3.11.0, parent: jdk.internal.loader.ClassLoaders$AppClassLoader@5bc2b487]
[DEBUG] Configuring mojo execution 'org.apache.maven.plugins:maven-compiler-plugin:3.11.0:compile:default-compile' with basic configurator -->
[DEBUG]   (s) groupId = org.mapstruct
[DEBUG]   (s) artifactId = mapstruct-processor
[DEBUG]   (s) version = 1.5.5.Final
[DEBUG]   (s) groupId = org.projectlombok
[DEBUG]   (s) artifactId = lombok
[DEBUG]   (s) version = 1.18.36
[DEBUG]   (s) groupId = org.projectlombok
[DEBUG]   (s) artifactId = lombok-mapstruct-binding
[DEBUG]   (s) version = 0.2.0
[DEBUG]   (f) annotationProcessorPaths = [org.mapstruct:mapstruct-processor:1.5.5.Final.jar, org.projectlombok:lombok:1.18.36.jar, org.projectlombok:lombok-mapstruct-binding:0.2.0.jar]
[DEBUG]   (f) basedir = C:\Users\Youcode\Desktop\briefs\TraceAndTrust
[DEBUG]   (f) buildDirectory = C:\Users\Youcode\Desktop\briefs\TraceAndTrust\target
[DEBUG]   (f) compilePath = [C:\Users\Youcode\Desktop\briefs\TraceAndTrust\target\classes, C:\Users\Youcode\.m2\repository\org\mapstruct\mapstruct\1.5.5.Final\mapstruct-1.5.5.Final.jar, C:\Users\Youcode\.m2\repository\org\mapstruct\mapstruct-processor\1.5.5.Final\mapstruct-processor-1.5.5.Final.jar, C:\Users\Youcode\.m2\repository\org\springframework\boot\spring-boot-starter-aop\3.5.7\spring-boot-starter-aop-3.5.7.jar, C:\Users\Youcode\.m2\repository\org\springframework\boot\spring-boot-starter\3.5.7\spring-boot-starter-3.5.7.jar, C:\Users\Youcode\.m2\repository\org\springframework\boot\spring-boot-starter-logging\3.5.7\spring-boot-starter-logging-3.5.7.jar, C:\Users\Youcode\.m2\repository\ch\qos\logback\logback-classic\1.5.20\logback-classic-1.5.20.jar, C:\Users\Youcode\.m2\repository\ch\qos\logback\logback-core\1.5.20\logback-core-1.5.20.jar, C:\Users\Youcode\.m2\repository\org\apache\logging\log4j\log4j-to-slf4j\2.24.3\log4j-to-slf4j-2.24.3.jar, C:\Users\Youcode\.m2\repository\org\apache\logging\log4j\log4j-api\2.24.3\log4j-api-2.24.3.jar, C:\Users\Youcode\.m2\repository\org\slf4j\jul-to-slf4j\2.0.17\jul-to-slf4j-2.0.17.jar, C:\Users\Youcode\.m2\repository\jakarta\annotation\jakarta.annotation-api\2.1.1\jakarta.annotation-api-2.1.1.jar, C:\Users\Youcode\.m2\repository\org\yaml\snakeyaml\2.4\snakeyaml-2.4.jar, C:\Users\Youcode\.m2\repository\org\springframework\spring-aop\6.2.12\spring-aop-6.2.12.jar, C:\Users\Youcode\.m2\repository\org\springframework\spring-beans\6.2.12\spring-beans-6.2.12.jar, C:\Users\Youcode\.m2\repository\org\aspectj\aspectjweaver\1.9.24\aspectjweaver-1.9.24.jar, C:\Users\Youcode\.m2\repository\org\springframework\boot\spring-boot-starter-data-jpa\3.5.7\spring-boot-starter-data-jpa-3.5.7.jar, C:\Users\Youcode\.m2\repository\org\springframework\boot\spring-boot-starter-jdbc\3.5.7\spring-boot-starter-jdbc-3.5.7.jar, C:\Users\Youcode\.m2\repository\com\zaxxer\HikariCP\6.3.3\HikariCP-6.3.3.jar, C:\Users\Youcode\.m2\repository\org\springframework\spring-jdbc\6.2.12\spring-jdbc-6.2.12.jar, C:\Users\Youcode\.m2\repository\org\hibernate\orm\hibernate-core\6.6.33.Final\hibernate-core-6.6.33.Final.jar, C:\Users\Youcode\.m2\repository\jakarta\persistence\jakarta.persistence-api\3.1.0\jakarta.persistence-api-3.1.0.jar, C:\Users\Youcode\.m2\repository\jakarta\transaction\jakarta.transaction-api\2.0.1\jakarta.transaction-api-2.0.1.jar, C:\Users\Youcode\.m2\repository\org\jboss\logging\jboss-logging\3.6.1.Final\jboss-logging-3.6.1.Final.jar, C:\Users\Youcode\.m2\repository\com\fasterxml\classmate\1.7.1\classmate-1.7.1.jar, C:\Users\Youcode\.m2\repository\org\antlr\antlr4-runtime\4.13.0\antlr4-runtime-4.13.0.jar, C:\Users\Youcode\.m2\repository\org\springframework\data\spring-data-jpa\3.5.5\spring-data-jpa-3.5.5.jar, C:\Users\Youcode\.m2\repository\org\springframework\data\spring-data-commons\3.5.5\spring-data-commons-3.5.5.jar, C:\Users\Youcode\.m2\repository\org\springframework\spring-orm\6.2.12\spring-orm-6.2.12.jar, C:\Users\Youcode\.m2\repository\org\springframework\spring-context\6.2.12\spring-context-6.2.12.jar, C:\Users\Youcode\.m2\repository\org\springframework\spring-tx\6.2.12\spring-tx-6.2.12.jar, C:\Users\Youcode\.m2\repository\org\springframework\spring-aspects\6.2.12\spring-aspects-6.2.12.jar, C:\Users\Youcode\.m2\repository\org\springframework\boot\spring-boot-starter-validation\3.5.7\spring-boot-starter-validation-3.5.7.jar, C:\Users\Youcode\.m2\repository\org\apache\tomcat\embed\tomcat-embed-el\10.1.48\tomcat-embed-el-10.1.48.jar, C:\Users\Youcode\.m2\repository\org\hibernate\validator\hibernate-validator\8.0.3.Final\hibernate-validator-8.0.3.Final.jar, C:\Users\Youcode\.m2\repository\jakarta\validation\jakarta.validation-api\3.0.2\jakarta.validation-api-3.0.2.jar, C:\Users\Youcode\.m2\repository\org\springframework\boot\spring-boot-starter-web\3.5.7\spring-boot-starter-web-3.5.7.jar, C:\Users\Youcode\.m2\repository\org\springframework\boot\spring-boot-starter-json\3.5.7\spring-boot-starter-json-3.5.7.jar, C:\Users\Youcode\.m2\repository\com\fasterxml\jackson\datatype\jackson-datatype-jdk8\2.19.2\jackson-datatype-jdk8-2.19.2.jar, C:\Users\Youcode\.m2\repository\com\fasterxml\jackson\datatype\jackson-datatype-jsr310\2.19.2\jackson-datatype-jsr310-2.19.2.jar, C:\Users\Youcode\.m2\repository\com\fasterxml\jackson\module\jackson-module-parameter-names\2.19.2\jackson-module-parameter-names-2.19.2.jar, C:\Users\Youcode\.m2\repository\org\springframework\boot\spring-boot-starter-tomcat\3.5.7\spring-boot-starter-tomcat-3.5.7.jar, C:\Users\Youcode\.m2\repository\org\apache\tomcat\embed\tomcat-embed-core\10.1.48\tomcat-embed-core-10.1.48.jar, C:\Users\Youcode\.m2\repository\org\apache\tomcat\embed\tomcat-embed-websocket\10.1.48\tomcat-embed-websocket-10.1.48.jar, C:\Users\Youcode\.m2\repository\org\springframework\spring-web\6.2.12\spring-web-6.2.12.jar, C:\Users\Youcode\.m2\repository\io\micrometer\micrometer-observation\1.15.5\micrometer-observation-1.15.5.jar, C:\Users\Youcode\.m2\repository\io\micrometer\micrometer-commons\1.15.5\micrometer-commons-1.15.5.jar, C:\Users\Youcode\.m2\repository\org\springframework\spring-webmvc\6.2.12\spring-webmvc-6.2.12.jar, C:\Users\Youcode\.m2\repository\org\springframework\spring-expression\6.2.12\spring-expression-6.2.12.jar, C:\Users\Youcode\.m2\repository\org\springframework\modulith\spring-modulith-starter-core\1.4.4\spring-modulith-starter-core-1.4.4.jar, C:\Users\Youcode\.m2\repository\org\springframework\modulith\spring-modulith-api\1.4.4\spring-modulith-api-1.4.4.jar, C:\Users\Youcode\.m2\repository\org\springframework\modulith\spring-modulith-apt\1.4.4\spring-modulith-apt-1.4.4.jar, C:\Users\Youcode\.m2\repository\org\springframework\boot\spring-boot-configuration-processor\3.5.7\spring-boot-configuration-processor-3.5.7.jar, C:\Users\Youcode\.m2\repository\org\springframework\modulith\spring-modulith-moments\1.4.4\spring-modulith-moments-1.4.4.jar, C:\Users\Youcode\.m2\repository\org\jmolecules\jmolecules-events\1.10.0\jmolecules-events-1.10.0.jar, C:\Users\Youcode\.m2\repository\org\springframework\modulith\spring-modulith-starter-jpa\1.4.4\spring-modulith-starter-jpa-1.4.4.jar, C:\Users\Youcode\.m2\repository\org\springframework\modulith\spring-modulith-events-api\1.4.4\spring-modulith-events-api-1.4.4.jar, C:\Users\Youcode\.m2\repository\org\springframework\boot\spring-boot-starter-security\3.5.7\spring-boot-starter-security-3.5.7.jar, C:\Users\Youcode\.m2\repository\org\springframework\security\spring-security-config\6.5.6\spring-security-config-6.5.6.jar, C:\Users\Youcode\.m2\repository\org\springframework\security\spring-security-web\6.5.6\spring-security-web-6.5.6.jar, C:\Users\Youcode\.m2\repository\io\jsonwebtoken\jjwt-api\0.12.6\jjwt-api-0.12.6.jar, C:\Users\Youcode\.m2\repository\com\fasterxml\jackson\core\jackson-databind\2.19.2\jackson-databind-2.19.2.jar, C:\Users\Youcode\.m2\repository\com\fasterxml\jackson\core\jackson-annotations\2.19.2\jackson-annotations-2.19.2.jar, C:\Users\Youcode\.m2\repository\com\fasterxml\jackson\core\jackson-core\2.19.2\jackson-core-2.19.2.jar, C:\Users\Youcode\.m2\repository\org\springframework\boot\spring-boot\3.5.7\spring-boot-3.5.7.jar, C:\Users\Youcode\.m2\repository\org\springframework\boot\spring-boot-autoconfigure\3.5.7\spring-boot-autoconfigure-3.5.7.jar, C:\Users\Youcode\.m2\repository\org\projectlombok\lombok\1.18.36\lombok-1.18.36.jar, C:\Users\Youcode\.m2\repository\org\springdoc\springdoc-openapi-starter-webmvc-ui\2.7.0\springdoc-openapi-starter-webmvc-ui-2.7.0.jar, C:\Users\Youcode\.m2\repository\org\springdoc\springdoc-openapi-starter-webmvc-api\2.7.0\springdoc-openapi-starter-webmvc-api-2.7.0.jar, C:\Users\Youcode\.m2\repository\org\springdoc\springdoc-openapi-starter-common\2.7.0\springdoc-openapi-starter-common-2.7.0.jar, C:\Users\Youcode\.m2\repository\io\swagger\core\v3\swagger-core-jakarta\2.2.25\swagger-core-jakarta-2.2.25.jar, C:\Users\Youcode\.m2\repository\org\apache\commons\commons-lang3\3.17.0\commons-lang3-3.17.0.jar, C:\Users\Youcode\.m2\repository\io\swagger\core\v3\swagger-annotations-jakarta\2.2.25\swagger-annotations-jakarta-2.2.25.jar, C:\Users\Youcode\.m2\repository\io\swagger\core\v3\swagger-models-jakarta\2.2.25\swagger-models-jakarta-2.2.25.jar, C:\Users\Youcode\.m2\repository\com\fasterxml\jackson\dataformat\jackson-dataformat-yaml\2.19.2\jackson-dataformat-yaml-2.19.2.jar, C:\Users\Youcode\.m2\repository\org\webjars\swagger-ui\5.18.2\swagger-ui-5.18.2.jar, C:\Users\Youcode\.m2\repository\org\webjars\webjars-locator-lite\1.1.2\webjars-locator-lite-1.1.2.jar, C:\Users\Youcode\.m2\repository\org\jspecify\jspecify\1.0.0\jspecify-1.0.0.jar, C:\Users\Youcode\.m2\repository\jakarta\xml\bind\jakarta.xml.bind-api\4.0.4\jakarta.xml.bind-api-4.0.4.jar, C:\Users\Youcode\.m2\repository\jakarta\activation\jakarta.activation-api\2.1.4\jakarta.activation-api-2.1.4.jar, C:\Users\Youcode\.m2\repository\org\springframework\spring-core\6.2.12\spring-core-6.2.12.jar, C:\Users\Youcode\.m2\repository\org\springframework\spring-jcl\6.2.12\spring-jcl-6.2.12.jar, C:\Users\Youcode\.m2\repository\org\springframework\security\spring-security-core\6.5.6\spring-security-core-6.5.6.jar, C:\Users\Youcode\.m2\repository\org\springframework\security\spring-security-crypto\6.5.6\spring-security-crypto-6.5.6.jar, C:\Users\Youcode\.m2\repository\org\jetbrains\annotations\24.0.1\annotations-24.0.1.jar, C:\Users\Youcode\.m2\repository\net\logstash\logback\logstash-logback-encoder\7.4\logstash-logback-encoder-7.4.jar, C:\Users\Youcode\.m2\repository\io\awspring\cloud\spring-cloud-aws-starter-s3\3.1.1\spring-cloud-aws-starter-s3-3.1.1.jar, C:\Users\Youcode\.m2\repository\io\awspring\cloud\spring-cloud-aws-s3\3.1.1\spring-cloud-aws-s3-3.1.1.jar, C:\Users\Youcode\.m2\repository\software\amazon\awssdk\s3\2.21.46\s3-2.21.46.jar, C:\Users\Youcode\.m2\repository\software\amazon\awssdk\aws-xml-protocol\2.21.46\aws-xml-protocol-2.21.46.jar, C:\Users\Youcode\.m2\repository\software\amazon\awssdk\aws-query-protocol\2.21.46\aws-query-protocol-2.21.46.jar, C:\Users\Youcode\.m2\repository\software\amazon\awssdk\protocol-core\2.21.46\protocol-core-2.21.46.jar, C:\Users\Youcode\.m2\repository\software\amazon\awssdk\arns\2.21.46\arns-2.21.46.jar, C:\Users\Youcode\.m2\repository\software\amazon\awssdk\profiles\2.21.46\profiles-2.21.46.jar, C:\Users\Youcode\.m2\repository\software\amazon\awssdk\crt-core\2.21.46\crt-core-2.21.46.jar, C:\Users\Youcode\.m2\repository\software\amazon\awssdk\http-auth\2.21.46\http-auth-2.21.46.jar, C:\Users\Youcode\.m2\repository\software\amazon\awssdk\identity-spi\2.21.46\identity-spi-2.21.46.jar, C:\Users\Youcode\.m2\repository\software\amazon\awssdk\http-auth-spi\2.21.46\http-auth-spi-2.21.46.jar, C:\Users\Youcode\.m2\repository\org\reactivestreams\reactive-streams\1.0.4\reactive-streams-1.0.4.jar, C:\Users\Youcode\.m2\repository\software\amazon\awssdk\http-auth-aws\2.21.46\http-auth-aws-2.21.46.jar, C:\Users\Youcode\.m2\repository\software\amazon\awssdk\checksums\2.21.46\checksums-2.21.46.jar, C:\Users\Youcode\.m2\repository\software\amazon\awssdk\checksums-spi\2.21.46\checksums-spi-2.21.46.jar, C:\Users\Youcode\.m2\repository\software\amazon\awssdk\sdk-core\2.21.46\sdk-core-2.21.46.jar, C:\Users\Youcode\.m2\repository\software\amazon\awssdk\auth\2.21.46\auth-2.21.46.jar, C:\Users\Youcode\.m2\repository\software\amazon\eventstream\eventstream\1.0.1\eventstream-1.0.1.jar, C:\Users\Youcode\.m2\repository\software\amazon\awssdk\http-client-spi\2.21.46\http-client-spi-2.21.46.jar, C:\Users\Youcode\.m2\repository\software\amazon\awssdk\regions\2.21.46\regions-2.21.46.jar, C:\Users\Youcode\.m2\repository\software\amazon\awssdk\annotations\2.21.46\annotations-2.21.46.jar, C:\Users\Youcode\.m2\repository\software\amazon\awssdk\utils\2.21.46\utils-2.21.46.jar, C:\Users\Youcode\.m2\repository\software\amazon\awssdk\aws-core\2.21.46\aws-core-2.21.46.jar, C:\Users\Youcode\.m2\repository\software\amazon\awssdk\metrics-spi\2.21.46\metrics-spi-2.21.46.jar, C:\Users\Youcode\.m2\repository\software\amazon\awssdk\json-utils\2.21.46\json-utils-2.21.46.jar, C:\Users\Youcode\.m2\repository\software\amazon\awssdk\third-party-jackson-core\2.21.46\third-party-jackson-core-2.21.46.jar, C:\Users\Youcode\.m2\repository\software\amazon\awssdk\endpoints-spi\2.21.46\endpoints-spi-2.21.46.jar, C:\Users\Youcode\.m2\repository\io\awspring\cloud\spring-cloud-aws-s3-cross-region-client\3.1.1\spring-cloud-aws-s3-cross-region-client-3.1.1.jar, C:\Users\Youcode\.m2\repository\io\awspring\cloud\spring-cloud-aws-starter\3.1.1\spring-cloud-aws-starter-3.1.1.jar, C:\Users\Youcode\.m2\repository\io\awspring\cloud\spring-cloud-aws-autoconfigure\3.1.1\spring-cloud-aws-autoconfigure-3.1.1.jar, C:\Users\Youcode\.m2\repository\io\awspring\cloud\spring-cloud-aws-core\3.1.1\spring-cloud-aws-core-3.1.1.jar, C:\Users\Youcode\.m2\repository\org\slf4j\slf4j-api\2.0.17\slf4j-api-2.0.17.jar]
[DEBUG]   (f) compileSourceRoots = [C:\Users\Youcode\Desktop\briefs\TraceAndTrust\src\main\java]
[DEBUG]   (f) compilerId = javac
[DEBUG]   (f) createMissingPackageInfoClass = true
[DEBUG]   (f) debug = true
[DEBUG]   (f) debugFileName = javac
[DEBUG]   (f) enablePreview = false
[DEBUG]   (f) encoding = UTF-8
[DEBUG]   (f) failOnError = true
[DEBUG]   (f) failOnWarning = false
[DEBUG]   (f) forceJavacCompilerUse = false
[DEBUG]   (f) fork = false
[DEBUG]   (f) generatedSourcesDirectory = C:\Users\Youcode\Desktop\briefs\TraceAndTrust\target\generated-sources\annotations
[DEBUG]   (f) mojoExecution = org.apache.maven.plugins:maven-compiler-plugin:3.11.0:compile {execution: default-compile}
[DEBUG]   (f) optimize = false
[DEBUG]   (f) outputDirectory = C:\Users\Youcode\Desktop\briefs\TraceAndTrust\target\classes
[DEBUG]   (f) parameters = true
[DEBUG]   (f) project = MavenProject: org.userManagement:TraceAndTrust:0.0.1-SNAPSHOT @ C:\Users\Youcode\Desktop\briefs\TraceAndTrust\pom.xml
[DEBUG]   (f) projectArtifact = org.userManagement:TraceAndTrust:jar:0.0.1-SNAPSHOT
[DEBUG]   (s) release = 17
[DEBUG]   (f) session = org.apache.maven.execution.MavenSession@5eea5627
[DEBUG]   (f) showCompilationChanges = false
[DEBUG]   (f) showDeprecation = false
[DEBUG]   (f) showWarnings = true
[DEBUG]   (f) skipMultiThreadWarning = false
[DEBUG]   (f) source = 17
[DEBUG]   (f) staleMillis = 0
[DEBUG]   (s) target = 17
[DEBUG]   (f) useIncrementalCompilation = true
[DEBUG]   (f) verbose = false
[DEBUG] -- end configuration --
[DEBUG] Using compiler 'javac'.
[DEBUG] Adding C:\Users\Youcode\Desktop\briefs\TraceAndTrust\target\generated-sources\annotations to compile source roots:
  C:\Users\Youcode\Desktop\briefs\TraceAndTrust\src\main\java
[DEBUG] New compile source roots:
  C:\Users\Youcode\Desktop\briefs\TraceAndTrust\src\main\java
  C:\Users\Youcode\Desktop\briefs\TraceAndTrust\target\generated-sources\annotations
[DEBUG] Dependency collection stats {ConflictMarker.analyzeTime=50200, ConflictMarker.markTime=40000, ConflictMarker.nodeCount=4, ConflictIdSorter.graphTime=6200, ConflictIdSorter.topsortTime=17800, ConflictIdSorter.conflictIdCount=3, ConflictIdSorter.conflictIdCycleCount=0, ConflictResolver.totalTime=120500, ConflictResolver.conflictItemCount=3, DfDependencyCollector.collectTime=18971900, DfDependencyCollector.transformTime=264100}
[DEBUG] CompilerReuseStrategy: reuseCreated
[DEBUG] useIncrementalCompilation enabled
[DEBUG] Stale source detected: C:\Users\Youcode\Desktop\briefs\TraceAndTrust\src\main\java\org\usermanagement\traceandtrust\service\ProductService.java
[DEBUG] Stale source detected: C:\Users\Youcode\Desktop\briefs\TraceAndTrust\src\main\java\org\usermanagement\traceandtrust\entity\InventoryMovement.java
[DEBUG] Stale source detected: C:\Users\Youcode\Desktop\briefs\TraceAndTrust\src\main\java\org\usermanagement\traceandtrust\mapper\ShipmentMapper.java
[DEBUG] Stale source detected: C:\Users\Youcode\Desktop\briefs\TraceAndTrust\src\main\java\org\usermanagement\traceandtrust\service\S3Service.java
[DEBUG] Stale source detected: C:\Users\Youcode\Desktop\briefs\TraceAndTrust\src\main\java\org\usermanagement\traceandtrust\exception\ErrorResponse.java
[DEBUG] Stale source detected: C:\Users\Youcode\Desktop\briefs\TraceAndTrust\src\main\java\org\usermanagement\traceandtrust\service\WarehouseService.java
[DEBUG] Stale source detected: C:\Users\Youcode\Desktop\briefs\TraceAndTrust\src\main\java\org\usermanagement\traceandtrust\mapper\ProductMapper.java
[DEBUG] Stale source detected: C:\Users\Youcode\Desktop\briefs\TraceAndTrust\src\main\java\org\usermanagement\traceandtrust\exception\StockUnavailableException.java
[DEBUG] Stale source detected: C:\Users\Youcode\Desktop\briefs\TraceAndTrust\src\main\java\org\usermanagement\traceandtrust\repository\SalesOrderLineRepository.java
[DEBUG] Stale source detected: C:\Users\Youcode\Desktop\briefs\TraceAndTrust\src\main\java\org\usermanagement\traceandtrust\service\CarrierServiceImpl.java
[DEBUG] Stale source detected: C:\Users\Youcode\Desktop\briefs\TraceAndTrust\src\main\java\org\usermanagement\traceandtrust\service\SalesOrderServiceImpl.java
[DEBUG] Stale source detected: C:\Users\Youcode\Desktop\briefs\TraceAndTrust\src\main\java\org\usermanagement\traceandtrust\service\AuthService.java
[DEBUG] Stale source detected: C:\Users\Youcode\Desktop\briefs\TraceAndTrust\src\main\java\org\usermanagement\traceandtrust\repository\SalesOrderBackorderRepository.java
[DEBUG] Stale source detected: C:\Users\Youcode\Desktop\briefs\TraceAndTrust\src\main\java\org\usermanagement\traceandtrust\repository\SupplierRepository.java
[DEBUG] Stale source detected: C:\Users\Youcode\Desktop\briefs\TraceAndTrust\src\main\java\org\usermanagement\traceandtrust\repository\WarehouseRepository.java
[DEBUG] Stale source detected: C:\Users\Youcode\Desktop\briefs\TraceAndTrust\src\main\java\org\usermanagement\traceandtrust\repository\CarrierRepository.java
[DEBUG] Stale source detected: C:\Users\Youcode\Desktop\briefs\TraceAndTrust\src\main\java\org\usermanagement\traceandtrust\dto\CreateProductRequest.java
[DEBUG] Stale source detected: C:\Users\Youcode\Desktop\briefs\TraceAndTrust\src\main\java\org\usermanagement\traceandtrust\service\UserServiceImpl.java
[DEBUG] Stale source detected: C:\Users\Youcode\Desktop\briefs\TraceAndTrust\src\main\java\org\usermanagement\traceandtrust\entity\SalesOrder.java
[DEBUG] Stale source detected: C:\Users\Youcode\Desktop\briefs\TraceAndTrust\src\main\java\org\usermanagement\traceandtrust\controller\UserController.java
[DEBUG] Stale source detected: C:\Users\Youcode\Desktop\briefs\TraceAndTrust\src\main\java\org\usermanagement\traceandtrust\dto\CreateSupplierRequest.java
[DEBUG] Stale source detected: C:\Users\Youcode\Desktop\briefs\TraceAndTrust\src\main\java\org\usermanagement\traceandtrust\entity\SalesOrderLine.java
[DEBUG] Stale source detected: C:\Users\Youcode\Desktop\briefs\TraceAndTrust\src\main\java\org\usermanagement\traceandtrust\exception\ApiError.java
[DEBUG] Stale source detected: C:\Users\Youcode\Desktop\briefs\TraceAndTrust\src\main\java\org\usermanagement\traceandtrust\service\JwtService.java
[DEBUG] Stale source detected: C:\Users\Youcode\Desktop\briefs\TraceAndTrust\src\main\java\org\usermanagement\traceandtrust\enums\SalesOrderStatus.java
[DEBUG] Stale source detected: C:\Users\Youcode\Desktop\briefs\TraceAndTrust\src\main\java\org\usermanagement\traceandtrust\dto\UserDto.java
[DEBUG] Stale source detected: C:\Users\Youcode\Desktop\briefs\TraceAndTrust\src\main\java\org\usermanagement\traceandtrust\config\CorsConfig.java
[DEBUG] Stale source detected: C:\Users\Youcode\Desktop\briefs\TraceAndTrust\src\main\java\org\usermanagement\traceandtrust\service\PurchaseOrderService.java
[DEBUG] Stale source detected: C:\Users\Youcode\Desktop\briefs\TraceAndTrust\src\main\java\org\usermanagement\traceandtrust\repository\InventoryMovementRepository.java
[DEBUG] Stale source detected: C:\Users\Youcode\Desktop\briefs\TraceAndTrust\src\main\java\org\usermanagement\traceandtrust\repository\ShipmentRepository.java
[DEBUG] Stale source detected: C:\Users\Youcode\Desktop\briefs\TraceAndTrust\src\main\java\org\usermanagement\traceandtrust\dto\RefreshTokenRequest.java
[DEBUG] Stale source detected: C:\Users\Youcode\Desktop\briefs\TraceAndTrust\src\main\java\org\usermanagement\traceandtrust\repository\UserRepository.java
[DEBUG] Stale source detected: C:\Users\Youcode\Desktop\briefs\TraceAndTrust\src\main\java\org\usermanagement\traceandtrust\dto\CarrierDto.java
[DEBUG] Stale source detected: C:\Users\Youcode\Desktop\briefs\TraceAndTrust\src\main\java\org\usermanagement\traceandtrust\mapper\CarrierMapper.java
[DEBUG] Stale source detected: C:\Users\Youcode\Desktop\briefs\TraceAndTrust\src\main\java\org\usermanagement\traceandtrust\controller\PurchaseOrderController.java
[DEBUG] Stale source detected: C:\Users\Youcode\Desktop\briefs\TraceAndTrust\src\main\java\org\usermanagement\traceandtrust\entity\Supplier.java
[DEBUG] Stale source detected: C:\Users\Youcode\Desktop\briefs\TraceAndTrust\src\main\java\org\usermanagement\traceandtrust\service\PurchaseOrderServiceImpl.java
[DEBUG] Stale source detected: C:\Users\Youcode\Desktop\briefs\TraceAndTrust\src\main\java\org\usermanagement\traceandtrust\exception\DuplicateResourceException.java
[DEBUG] Stale source detected: C:\Users\Youcode\Desktop\briefs\TraceAndTrust\src\main\java\org\usermanagement\traceandtrust\service\SupplierServiceImpl.java
[DEBUG] Stale source detected: C:\Users\Youcode\Desktop\briefs\TraceAndTrust\src\main\java\org\usermanagement\traceandtrust\dto\CreateSalesOrderRequest.java
[DEBUG] Stale source detected: C:\Users\Youcode\Desktop\briefs\TraceAndTrust\src\main\java\org\usermanagement\traceandtrust\repository\PurchaseOrderLineRepository.java
[DEBUG] Stale source detected: C:\Users\Youcode\Desktop\briefs\TraceAndTrust\src\main\java\org\usermanagement\traceandtrust\service\CustomUserDetailsService.java
[DEBUG] Stale source detected: C:\Users\Youcode\Desktop\briefs\TraceAndTrust\src\main\java\org\usermanagement\traceandtrust\dto\InventoryDto.java
[DEBUG] Stale source detected: C:\Users\Youcode\Desktop\briefs\TraceAndTrust\src\main\java\org\usermanagement\traceandtrust\mapper\SalesOrderMapper.java
[DEBUG] Stale source detected: C:\Users\Youcode\Desktop\briefs\TraceAndTrust\src\main\java\org\usermanagement\traceandtrust\service\SalesOrderService.java
[DEBUG] Stale source detected: C:\Users\Youcode\Desktop\briefs\TraceAndTrust\src\main\java\org\usermanagement\traceandtrust\entity\PurchaseOrderLine.java
[DEBUG] Stale source detected: C:\Users\Youcode\Desktop\briefs\TraceAndTrust\src\main\java\org\usermanagement\traceandtrust\TraceAndTrustApplication.java
[DEBUG] Stale source detected: C:\Users\Youcode\Desktop\briefs\TraceAndTrust\src\main\java\org\usermanagement\traceandtrust\service\WarehouseServiceImpl.java
[DEBUG] Stale source detected: C:\Users\Youcode\Desktop\briefs\TraceAndTrust\src\main\java\org\usermanagement\traceandtrust\entity\Shipment.java
[DEBUG] Stale source detected: C:\Users\Youcode\Desktop\briefs\TraceAndTrust\src\main\java\org\usermanagement\traceandtrust\dto\CreateWarehouseRequest.java
[DEBUG] Stale source detected: C:\Users\Youcode\Desktop\briefs\TraceAndTrust\src\main\java\org\usermanagement\traceandtrust\dto\PurchaseOrderLineDto.java
[DEBUG] Stale source detected: C:\Users\Youcode\Desktop\briefs\TraceAndTrust\src\main\java\org\usermanagement\traceandtrust\mapper\PurchaseOrderMapper.java
[DEBUG] Stale source detected: C:\Users\Youcode\Desktop\briefs\TraceAndTrust\src\main\java\org\usermanagement\traceandtrust\dto\UpdateUserRequest.java
[DEBUG] Stale source detected: C:\Users\Youcode\Desktop\briefs\TraceAndTrust\src\main\java\org\usermanagement\traceandtrust\exception\GlobalExceptionHandler.java
[DEBUG] Stale source detected: C:\Users\Youcode\Desktop\briefs\TraceAndTrust\src\main\java\org\usermanagement\traceandtrust\exception\ResourceNotFoundException.java
[DEBUG] Stale source detected: C:\Users\Youcode\Desktop\briefs\TraceAndTrust\src\main\java\org\usermanagement\traceandtrust\repository\SalesOrderRepository.java
[DEBUG] Stale source detected: C:\Users\Youcode\Desktop\briefs\TraceAndTrust\src\main\java\org\usermanagement\traceandtrust\mapper\SupplierMapper.java
[DEBUG] Stale source detected: C:\Users\Youcode\Desktop\briefs\TraceAndTrust\src\main\java\org\usermanagement\traceandtrust\dto\InventoryMovementDto.java
[DEBUG] Stale source detected: C:\Users\Youcode\Desktop\briefs\TraceAndTrust\src\main\java\org\usermanagement\traceandtrust\exception\AuthenticationException.java
[DEBUG] Stale source detected: C:\Users\Youcode\Desktop\briefs\TraceAndTrust\src\main\java\org\usermanagement\traceandtrust\dto\UpdateWarehouseRequest.java
[DEBUG] Stale source detected: C:\Users\Youcode\Desktop\briefs\TraceAndTrust\src\main\java\org\usermanagement\traceandtrust\repository\PurchaseOrderRepository.java
[DEBUG] Stale source detected: C:\Users\Youcode\Desktop\briefs\TraceAndTrust\src\main\java\org\usermanagement\traceandtrust\entity\Warehouse.java
[DEBUG] Stale source detected: C:\Users\Youcode\Desktop\briefs\TraceAndTrust\src\main\java\org\usermanagement\traceandtrust\aspect\LoggingAspect.java
[DEBUG] Stale source detected: C:\Users\Youcode\Desktop\briefs\TraceAndTrust\src\main\java\org\usermanagement\traceandtrust\entity\User.java
[DEBUG] Stale source detected: C:\Users\Youcode\Desktop\briefs\TraceAndTrust\src\main\java\org\usermanagement\traceandtrust\repository\InventoryRepository.java
[DEBUG] Stale source detected: C:\Users\Youcode\Desktop\briefs\TraceAndTrust\src\main\java\org\usermanagement\traceandtrust\security\JwtAuthenticationFilter.java
[DEBUG] Stale source detected: C:\Users\Youcode\Desktop\briefs\TraceAndTrust\src\main\java\org\usermanagement\traceandtrust\dto\CreateMovementRequest.java
[DEBUG] Stale source detected: C:\Users\Youcode\Desktop\briefs\TraceAndTrust\src\main\java\org\usermanagement\traceandtrust\service\ShipmentService.java
[DEBUG] Stale source detected: C:\Users\Youcode\Desktop\briefs\TraceAndTrust\src\main\java\org\usermanagement\traceandtrust\dto\BackorderDto.java
[DEBUG] Stale source detected: C:\Users\Youcode\Desktop\briefs\TraceAndTrust\src\main\java\org\usermanagement\traceandtrust\dto\LoginRequest.java
[DEBUG] Stale source detected: C:\Users\Youcode\Desktop\briefs\TraceAndTrust\src\main\java\org\usermanagement\traceandtrust\service\ShipmentServiceImpl.java
[DEBUG] Stale source detected: C:\Users\Youcode\Desktop\briefs\TraceAndTrust\src\main\java\org\usermanagement\traceandtrust\dto\SupplierDto.java
[DEBUG] Stale source detected: C:\Users\Youcode\Desktop\briefs\TraceAndTrust\src\main\java\org\usermanagement\traceandtrust\exception\ForbiddenAccessException.java
[DEBUG] Stale source detected: C:\Users\Youcode\Desktop\briefs\TraceAndTrust\src\main\java\org\usermanagement\traceandtrust\security\MdcLogFilter.java
[DEBUG] Stale source detected: C:\Users\Youcode\Desktop\briefs\TraceAndTrust\src\main\java\org\usermanagement\traceandtrust\service\CarrierService.java
[DEBUG] Stale source detected: C:\Users\Youcode\Desktop\briefs\TraceAndTrust\src\main\java\org\usermanagement\traceandtrust\dto\CreatePurchaseOrderRequest.java
[DEBUG] Stale source detected: C:\Users\Youcode\Desktop\briefs\TraceAndTrust\src\main\java\org\usermanagement\traceandtrust\dto\ReservationResult.java
[DEBUG] Stale source detected: C:\Users\Youcode\Desktop\briefs\TraceAndTrust\src\main\java\org\usermanagement\traceandtrust\controller\AuthController.java
[DEBUG] Stale source detected: C:\Users\Youcode\Desktop\briefs\TraceAndTrust\src\main\java\org\usermanagement\traceandtrust\service\InventoryService.java
[DEBUG] Stale source detected: C:\Users\Youcode\Desktop\briefs\TraceAndTrust\src\main\java\org\usermanagement\traceandtrust\dto\ShipmentDto.java
[DEBUG] Stale source detected: C:\Users\Youcode\Desktop\briefs\TraceAndTrust\src\main\java\org\usermanagement\traceandtrust\service\SupplierService.java
[DEBUG] Stale source detected: C:\Users\Youcode\Desktop\briefs\TraceAndTrust\src\main\java\org\usermanagement\traceandtrust\mapper\WarehouseMapper.java
[DEBUG] Stale source detected: C:\Users\Youcode\Desktop\briefs\TraceAndTrust\src\main\java\org\usermanagement\traceandtrust\controller\ProductController.java
[DEBUG] Stale source detected: C:\Users\Youcode\Desktop\briefs\TraceAndTrust\src\main\java\org\usermanagement\traceandtrust\dto\SalesOrderDto.java
[DEBUG] Stale source detected: C:\Users\Youcode\Desktop\briefs\TraceAndTrust\src\main\java\org\usermanagement\traceandtrust\entity\Product.java
[DEBUG] Stale source detected: C:\Users\Youcode\Desktop\briefs\TraceAndTrust\src\main\java\org\usermanagement\traceandtrust\dto\PurchaseOrderDto.java
[DEBUG] Stale source detected: C:\Users\Youcode\Desktop\briefs\TraceAndTrust\src\main\java\org\usermanagement\traceandtrust\controller\SalesOrderController.java
[DEBUG] Stale source detected: C:\Users\Youcode\Desktop\briefs\TraceAndTrust\src\main\java\org\usermanagement\traceandtrust\dto\CreateUserRequest.java
[DEBUG] Stale source detected: C:\Users\Youcode\Desktop\briefs\TraceAndTrust\src\main\java\org\usermanagement\traceandtrust\controller\WarehouseController.java
[DEBUG] Stale source detected: C:\Users\Youcode\Desktop\briefs\TraceAndTrust\src\main\java\org\usermanagement\traceandtrust\mapper\InventoryMapper.java
[DEBUG] Stale source detected: C:\Users\Youcode\Desktop\briefs\TraceAndTrust\src\main\java\org\usermanagement\traceandtrust\entity\SalesOrderBackorder.java
[DEBUG] Stale source detected: C:\Users\Youcode\Desktop\briefs\TraceAndTrust\src\main\java\org\usermanagement\traceandtrust\controller\HealthCheckController.java
[DEBUG] Stale source detected: C:\Users\Youcode\Desktop\briefs\TraceAndTrust\src\main\java\org\usermanagement\traceandtrust\service\RefreshTokenService.java
[DEBUG] Stale source detected: C:\Users\Youcode\Desktop\briefs\TraceAndTrust\src\main\java\org\usermanagement\traceandtrust\repository\ProductRepository.java
[DEBUG] Stale source detected: C:\Users\Youcode\Desktop\briefs\TraceAndTrust\src\main\java\org\usermanagement\traceandtrust\dto\CreateCarrierRequest.java
[DEBUG] Stale source detected: C:\Users\Youcode\Desktop\briefs\TraceAndTrust\src\main\java\org\usermanagement\traceandtrust\entity\PurchaseOrder.java
[DEBUG] Stale source detected: C:\Users\Youcode\Desktop\briefs\TraceAndTrust\src\main\java\org\usermanagement\traceandtrust\controller\SupplierController.java
[DEBUG] Stale source detected: C:\Users\Youcode\Desktop\briefs\TraceAndTrust\src\main\java\org\usermanagement\traceandtrust\dto\WarehouseDto.java
[DEBUG] Stale source detected: C:\Users\Youcode\Desktop\briefs\TraceAndTrust\src\main\java\org\usermanagement\traceandtrust\dto\AuthResponse.java
[DEBUG] Stale source detected: C:\Users\Youcode\Desktop\briefs\TraceAndTrust\src\main\java\org\usermanagement\traceandtrust\dto\ReceivePurchaseOrderRequest.java
[DEBUG] Stale source detected: C:\Users\Youcode\Desktop\briefs\TraceAndTrust\src\main\java\org\usermanagement\traceandtrust\entity\RefreshToken.java
[DEBUG] Stale source detected: C:\Users\Youcode\Desktop\briefs\TraceAndTrust\src\main\java\org\usermanagement\traceandtrust\controller\ShipmentController.java
[DEBUG] Stale source detected: C:\Users\Youcode\Desktop\briefs\TraceAndTrust\src\main\java\org\usermanagement\traceandtrust\enums\MovementType.java
[DEBUG] Stale source detected: C:\Users\Youcode\Desktop\briefs\TraceAndTrust\src\main\java\org\usermanagement\traceandtrust\repository\RefreshTokenRepository.java
[DEBUG] Stale source detected: C:\Users\Youcode\Desktop\briefs\TraceAndTrust\src\main\java\org\usermanagement\traceandtrust\config\SwaggerConfig.java
[DEBUG] Stale source detected: C:\Users\Youcode\Desktop\briefs\TraceAndTrust\src\main\java\org\usermanagement\traceandtrust\controller\CarrierController.java
[DEBUG] Stale source detected: C:\Users\Youcode\Desktop\briefs\TraceAndTrust\src\main\java\org\usermanagement\traceandtrust\config\DataInitializer.java
[DEBUG] Stale source detected: C:\Users\Youcode\Desktop\briefs\TraceAndTrust\src\main\java\org\usermanagement\traceandtrust\controller\InventoryController.java
[DEBUG] Stale source detected: C:\Users\Youcode\Desktop\briefs\TraceAndTrust\src\main\java\org\usermanagement\traceandtrust\dto\ReceivePurchaseOrderLineDto.java
[DEBUG] Stale source detected: C:\Users\Youcode\Desktop\briefs\TraceAndTrust\src\main\java\org\usermanagement\traceandtrust\dto\ProductDto.java
[DEBUG] Stale source detected: C:\Users\Youcode\Desktop\briefs\TraceAndTrust\src\main\java\org\usermanagement\traceandtrust\entity\Inventory.java
[DEBUG] Stale source detected: C:\Users\Youcode\Desktop\briefs\TraceAndTrust\src\main\java\org\usermanagement\traceandtrust\exception\BusinessException.java
[DEBUG] Stale source detected: C:\Users\Youcode\Desktop\briefs\TraceAndTrust\src\main\java\org\usermanagement\traceandtrust\enums\PurchaseOrderStatus.java
[DEBUG] Stale source detected: C:\Users\Youcode\Desktop\briefs\TraceAndTrust\src\main\java\org\usermanagement\traceandtrust\security\SecurityConfig.java
[DEBUG] Stale source detected: C:\Users\Youcode\Desktop\briefs\TraceAndTrust\src\main\java\org\usermanagement\traceandtrust\service\InventoryServiceImpl.java
[DEBUG] Stale source detected: C:\Users\Youcode\Desktop\briefs\TraceAndTrust\src\main\java\org\usermanagement\traceandtrust\entity\Carrier.java
[DEBUG] Stale source detected: C:\Users\Youcode\Desktop\briefs\TraceAndTrust\src\main\java\org\usermanagement\traceandtrust\enums\ShipmentStatus.java
[DEBUG] Stale source detected: C:\Users\Youcode\Desktop\briefs\TraceAndTrust\src\main\java\org\usermanagement\traceandtrust\enums\Role.java
[DEBUG] Stale source detected: C:\Users\Youcode\Desktop\briefs\TraceAndTrust\src\main\java\org\usermanagement\traceandtrust\service\ProductServiceImpl.java
[DEBUG] Stale source detected: C:\Users\Youcode\Desktop\briefs\TraceAndTrust\src\main\java\org\usermanagement\traceandtrust\dto\CreateShipmentRequest.java
[DEBUG] Stale source detected: C:\Users\Youcode\Desktop\briefs\TraceAndTrust\src\main\java\org\usermanagement\traceandtrust\service\UserService.java
[DEBUG] Stale source detected: C:\Users\Youcode\Desktop\briefs\TraceAndTrust\src\main\java\org\usermanagement\traceandtrust\dto\SalesOrderLineDto.java
[DEBUG] Stale source detected: C:\Users\Youcode\Desktop\briefs\TraceAndTrust\src\main\java\org\usermanagement\traceandtrust\mapper\UserMapper.java
[DEBUG] Stale source detected: C:\Users\Youcode\Desktop\briefs\TraceAndTrust\src\main\java\org\usermanagement\traceandtrust\service\OwnershipService.java
[DEBUG] Stale source detected: C:\Users\Youcode\Desktop\briefs\TraceAndTrust\src\main\java\org\usermanagement\traceandtrust\dto\UpdateProductRequest.java
[INFO] Changes detected - recompiling the module! :source
[DEBUG] Classpath:
[DEBUG]  C:\Users\Youcode\Desktop\briefs\TraceAndTrust\target\classes
[DEBUG]  C:\Users\Youcode\.m2\repository\org\mapstruct\mapstruct\1.5.5.Final\mapstruct-1.5.5.Final.jar
[DEBUG]  C:\Users\Youcode\.m2\repository\org\mapstruct\mapstruct-processor\1.5.5.Final\mapstruct-processor-1.5.5.Final.jar
[DEBUG]  C:\Users\Youcode\.m2\repository\org\springframework\boot\spring-boot-starter-aop\3.5.7\spring-boot-starter-aop-3.5.7.jar
[DEBUG]  C:\Users\Youcode\.m2\repository\org\springframework\boot\spring-boot-starter\3.5.7\spring-boot-starter-3.5.7.jar
[DEBUG]  C:\Users\Youcode\.m2\repository\org\springframework\boot\spring-boot-starter-logging\3.5.7\spring-boot-starter-logging-3.5.7.jar
[DEBUG]  C:\Users\Youcode\.m2\repository\ch\qos\logback\logback-classic\1.5.20\logback-classic-1.5.20.jar
[DEBUG]  C:\Users\Youcode\.m2\repository\ch\qos\logback\logback-core\1.5.20\logback-core-1.5.20.jar
[DEBUG]  C:\Users\Youcode\.m2\repository\org\apache\logging\log4j\log4j-to-slf4j\2.24.3\log4j-to-slf4j-2.24.3.jar
[DEBUG]  C:\Users\Youcode\.m2\repository\org\apache\logging\log4j\log4j-api\2.24.3\log4j-api-2.24.3.jar
[DEBUG]  C:\Users\Youcode\.m2\repository\org\slf4j\jul-to-slf4j\2.0.17\jul-to-slf4j-2.0.17.jar
[DEBUG]  C:\Users\Youcode\.m2\repository\jakarta\annotation\jakarta.annotation-api\2.1.1\jakarta.annotation-api-2.1.1.jar
[DEBUG]  C:\Users\Youcode\.m2\repository\org\yaml\snakeyaml\2.4\snakeyaml-2.4.jar
[DEBUG]  C:\Users\Youcode\.m2\repository\org\springframework\spring-aop\6.2.12\spring-aop-6.2.12.jar
[DEBUG]  C:\Users\Youcode\.m2\repository\org\springframework\spring-beans\6.2.12\spring-beans-6.2.12.jar
[DEBUG]  C:\Users\Youcode\.m2\repository\org\aspectj\aspectjweaver\1.9.24\aspectjweaver-1.9.24.jar
[DEBUG]  C:\Users\Youcode\.m2\repository\org\springframework\boot\spring-boot-starter-data-jpa\3.5.7\spring-boot-starter-data-jpa-3.5.7.jar
[DEBUG]  C:\Users\Youcode\.m2\repository\org\springframework\boot\spring-boot-starter-jdbc\3.5.7\spring-boot-starter-jdbc-3.5.7.jar
[DEBUG]  C:\Users\Youcode\.m2\repository\com\zaxxer\HikariCP\6.3.3\HikariCP-6.3.3.jar
[DEBUG]  C:\Users\Youcode\.m2\repository\org\springframework\spring-jdbc\6.2.12\spring-jdbc-6.2.12.jar
[DEBUG]  C:\Users\Youcode\.m2\repository\org\hibernate\orm\hibernate-core\6.6.33.Final\hibernate-core-6.6.33.Final.jar
[DEBUG]  C:\Users\Youcode\.m2\repository\jakarta\persistence\jakarta.persistence-api\3.1.0\jakarta.persistence-api-3.1.0.jar
[DEBUG]  C:\Users\Youcode\.m2\repository\jakarta\transaction\jakarta.transaction-api\2.0.1\jakarta.transaction-api-2.0.1.jar
[DEBUG]  C:\Users\Youcode\.m2\repository\org\jboss\logging\jboss-logging\3.6.1.Final\jboss-logging-3.6.1.Final.jar
[DEBUG]  C:\Users\Youcode\.m2\repository\com\fasterxml\classmate\1.7.1\classmate-1.7.1.jar
[DEBUG]  C:\Users\Youcode\.m2\repository\org\antlr\antlr4-runtime\4.13.0\antlr4-runtime-4.13.0.jar
[DEBUG]  C:\Users\Youcode\.m2\repository\org\springframework\data\spring-data-jpa\3.5.5\spring-data-jpa-3.5.5.jar
[DEBUG]  C:\Users\Youcode\.m2\repository\org\springframework\data\spring-data-commons\3.5.5\spring-data-commons-3.5.5.jar
[DEBUG]  C:\Users\Youcode\.m2\repository\org\springframework\spring-orm\6.2.12\spring-orm-6.2.12.jar
[DEBUG]  C:\Users\Youcode\.m2\repository\org\springframework\spring-context\6.2.12\spring-context-6.2.12.jar
[DEBUG]  C:\Users\Youcode\.m2\repository\org\springframework\spring-tx\6.2.12\spring-tx-6.2.12.jar
[DEBUG]  C:\Users\Youcode\.m2\repository\org\springframework\spring-aspects\6.2.12\spring-aspects-6.2.12.jar
[DEBUG]  C:\Users\Youcode\.m2\repository\org\springframework\boot\spring-boot-starter-validation\3.5.7\spring-boot-starter-validation-3.5.7.jar
[DEBUG]  C:\Users\Youcode\.m2\repository\org\apache\tomcat\embed\tomcat-embed-el\10.1.48\tomcat-embed-el-10.1.48.jar
[DEBUG]  C:\Users\Youcode\.m2\repository\org\hibernate\validator\hibernate-validator\8.0.3.Final\hibernate-validator-8.0.3.Final.jar
[DEBUG]  C:\Users\Youcode\.m2\repository\jakarta\validation\jakarta.validation-api\3.0.2\jakarta.validation-api-3.0.2.jar
[DEBUG]  C:\Users\Youcode\.m2\repository\org\springframework\boot\spring-boot-starter-web\3.5.7\spring-boot-starter-web-3.5.7.jar
[DEBUG]  C:\Users\Youcode\.m2\repository\org\springframework\boot\spring-boot-starter-json\3.5.7\spring-boot-starter-json-3.5.7.jar
[DEBUG]  C:\Users\Youcode\.m2\repository\com\fasterxml\jackson\datatype\jackson-datatype-jdk8\2.19.2\jackson-datatype-jdk8-2.19.2.jar
[DEBUG]  C:\Users\Youcode\.m2\repository\com\fasterxml\jackson\datatype\jackson-datatype-jsr310\2.19.2\jackson-datatype-jsr310-2.19.2.jar
[DEBUG]  C:\Users\Youcode\.m2\repository\com\fasterxml\jackson\module\jackson-module-parameter-names\2.19.2\jackson-module-parameter-names-2.19.2.jar
[DEBUG]  C:\Users\Youcode\.m2\repository\org\springframework\boot\spring-boot-starter-tomcat\3.5.7\spring-boot-starter-tomcat-3.5.7.jar
[DEBUG]  C:\Users\Youcode\.m2\repository\org\apache\tomcat\embed\tomcat-embed-core\10.1.48\tomcat-embed-core-10.1.48.jar
[DEBUG]  C:\Users\Youcode\.m2\repository\org\apache\tomcat\embed\tomcat-embed-websocket\10.1.48\tomcat-embed-websocket-10.1.48.jar
[DEBUG]  C:\Users\Youcode\.m2\repository\org\springframework\spring-web\6.2.12\spring-web-6.2.12.jar
[DEBUG]  C:\Users\Youcode\.m2\repository\io\micrometer\micrometer-observation\1.15.5\micrometer-observation-1.15.5.jar
[DEBUG]  C:\Users\Youcode\.m2\repository\io\micrometer\micrometer-commons\1.15.5\micrometer-commons-1.15.5.jar
[DEBUG]  C:\Users\Youcode\.m2\repository\org\springframework\spring-webmvc\6.2.12\spring-webmvc-6.2.12.jar
[DEBUG]  C:\Users\Youcode\.m2\repository\org\springframework\spring-expression\6.2.12\spring-expression-6.2.12.jar
[DEBUG]  C:\Users\Youcode\.m2\repository\org\springframework\modulith\spring-modulith-starter-core\1.4.4\spring-modulith-starter-core-1.4.4.jar
[DEBUG]  C:\Users\Youcode\.m2\repository\org\springframework\modulith\spring-modulith-api\1.4.4\spring-modulith-api-1.4.4.jar
[DEBUG]  C:\Users\Youcode\.m2\repository\org\springframework\modulith\spring-modulith-apt\1.4.4\spring-modulith-apt-1.4.4.jar
[DEBUG]  C:\Users\Youcode\.m2\repository\org\springframework\boot\spring-boot-configuration-processor\3.5.7\spring-boot-configuration-processor-3.5.7.jar
[DEBUG]  C:\Users\Youcode\.m2\repository\org\springframework\modulith\spring-modulith-moments\1.4.4\spring-modulith-moments-1.4.4.jar
[DEBUG]  C:\Users\Youcode\.m2\repository\org\jmolecules\jmolecules-events\1.10.0\jmolecules-events-1.10.0.jar
[DEBUG]  C:\Users\Youcode\.m2\repository\org\springframework\modulith\spring-modulith-starter-jpa\1.4.4\spring-modulith-starter-jpa-1.4.4.jar
[DEBUG]  C:\Users\Youcode\.m2\repository\org\springframework\modulith\spring-modulith-events-api\1.4.4\spring-modulith-events-api-1.4.4.jar
[DEBUG]  C:\Users\Youcode\.m2\repository\org\springframework\boot\spring-boot-starter-security\3.5.7\spring-boot-starter-security-3.5.7.jar
[DEBUG]  C:\Users\Youcode\.m2\repository\org\springframework\security\spring-security-config\6.5.6\spring-security-config-6.5.6.jar
[DEBUG]  C:\Users\Youcode\.m2\repository\org\springframework\security\spring-security-web\6.5.6\spring-security-web-6.5.6.jar
[DEBUG]  C:\Users\Youcode\.m2\repository\io\jsonwebtoken\jjwt-api\0.12.6\jjwt-api-0.12.6.jar
[DEBUG]  C:\Users\Youcode\.m2\repository\com\fasterxml\jackson\core\jackson-databind\2.19.2\jackson-databind-2.19.2.jar
[DEBUG]  C:\Users\Youcode\.m2\repository\com\fasterxml\jackson\core\jackson-annotations\2.19.2\jackson-annotations-2.19.2.jar
[DEBUG]  C:\Users\Youcode\.m2\repository\com\fasterxml\jackson\core\jackson-core\2.19.2\jackson-core-2.19.2.jar
[DEBUG]  C:\Users\Youcode\.m2\repository\org\springframework\boot\spring-boot\3.5.7\spring-boot-3.5.7.jar
[DEBUG]  C:\Users\Youcode\.m2\repository\org\springframework\boot\spring-boot-autoconfigure\3.5.7\spring-boot-autoconfigure-3.5.7.jar
[DEBUG]  C:\Users\Youcode\.m2\repository\org\projectlombok\lombok\1.18.36\lombok-1.18.36.jar
[DEBUG]  C:\Users\Youcode\.m2\repository\org\springdoc\springdoc-openapi-starter-webmvc-ui\2.7.0\springdoc-openapi-starter-webmvc-ui-2.7.0.jar
[DEBUG]  C:\Users\Youcode\.m2\repository\org\springdoc\springdoc-openapi-starter-webmvc-api\2.7.0\springdoc-openapi-starter-webmvc-api-2.7.0.jar
[DEBUG]  C:\Users\Youcode\.m2\repository\org\springdoc\springdoc-openapi-starter-common\2.7.0\springdoc-openapi-starter-common-2.7.0.jar
[DEBUG]  C:\Users\Youcode\.m2\repository\io\swagger\core\v3\swagger-core-jakarta\2.2.25\swagger-core-jakarta-2.2.25.jar
[DEBUG]  C:\Users\Youcode\.m2\repository\org\apache\commons\commons-lang3\3.17.0\commons-lang3-3.17.0.jar
[DEBUG]  C:\Users\Youcode\.m2\repository\io\swagger\core\v3\swagger-annotations-jakarta\2.2.25\swagger-annotations-jakarta-2.2.25.jar
[DEBUG]  C:\Users\Youcode\.m2\repository\io\swagger\core\v3\swagger-models-jakarta\2.2.25\swagger-models-jakarta-2.2.25.jar
[DEBUG]  C:\Users\Youcode\.m2\repository\com\fasterxml\jackson\dataformat\jackson-dataformat-yaml\2.19.2\jackson-dataformat-yaml-2.19.2.jar
[DEBUG]  C:\Users\Youcode\.m2\repository\org\webjars\swagger-ui\5.18.2\swagger-ui-5.18.2.jar
[DEBUG]  C:\Users\Youcode\.m2\repository\org\webjars\webjars-locator-lite\1.1.2\webjars-locator-lite-1.1.2.jar
[DEBUG]  C:\Users\Youcode\.m2\repository\org\jspecify\jspecify\1.0.0\jspecify-1.0.0.jar
[DEBUG]  C:\Users\Youcode\.m2\repository\jakarta\xml\bind\jakarta.xml.bind-api\4.0.4\jakarta.xml.bind-api-4.0.4.jar
[DEBUG]  C:\Users\Youcode\.m2\repository\jakarta\activation\jakarta.activation-api\2.1.4\jakarta.activation-api-2.1.4.jar
[DEBUG]  C:\Users\Youcode\.m2\repository\org\springframework\spring-core\6.2.12\spring-core-6.2.12.jar
[DEBUG]  C:\Users\Youcode\.m2\repository\org\springframework\spring-jcl\6.2.12\spring-jcl-6.2.12.jar
[DEBUG]  C:\Users\Youcode\.m2\repository\org\springframework\security\spring-security-core\6.5.6\spring-security-core-6.5.6.jar
[DEBUG]  C:\Users\Youcode\.m2\repository\org\springframework\security\spring-security-crypto\6.5.6\spring-security-crypto-6.5.6.jar
[DEBUG]  C:\Users\Youcode\.m2\repository\org\jetbrains\annotations\24.0.1\annotations-24.0.1.jar
[DEBUG]  C:\Users\Youcode\.m2\repository\net\logstash\logback\logstash-logback-encoder\7.4\logstash-logback-encoder-7.4.jar
[DEBUG]  C:\Users\Youcode\.m2\repository\io\awspring\cloud\spring-cloud-aws-starter-s3\3.1.1\spring-cloud-aws-starter-s3-3.1.1.jar
[DEBUG]  C:\Users\Youcode\.m2\repository\io\awspring\cloud\spring-cloud-aws-s3\3.1.1\spring-cloud-aws-s3-3.1.1.jar
[DEBUG]  C:\Users\Youcode\.m2\repository\software\amazon\awssdk\s3\2.21.46\s3-2.21.46.jar
[DEBUG]  C:\Users\Youcode\.m2\repository\software\amazon\awssdk\aws-xml-protocol\2.21.46\aws-xml-protocol-2.21.46.jar
[DEBUG]  C:\Users\Youcode\.m2\repository\software\amazon\awssdk\aws-query-protocol\2.21.46\aws-query-protocol-2.21.46.jar
[DEBUG]  C:\Users\Youcode\.m2\repository\software\amazon\awssdk\protocol-core\2.21.46\protocol-core-2.21.46.jar
[DEBUG]  C:\Users\Youcode\.m2\repository\software\amazon\awssdk\arns\2.21.46\arns-2.21.46.jar
[DEBUG]  C:\Users\Youcode\.m2\repository\software\amazon\awssdk\profiles\2.21.46\profiles-2.21.46.jar
[DEBUG]  C:\Users\Youcode\.m2\repository\software\amazon\awssdk\crt-core\2.21.46\crt-core-2.21.46.jar
[DEBUG]  C:\Users\Youcode\.m2\repository\software\amazon\awssdk\http-auth\2.21.46\http-auth-2.21.46.jar
[DEBUG]  C:\Users\Youcode\.m2\repository\software\amazon\awssdk\identity-spi\2.21.46\identity-spi-2.21.46.jar
[DEBUG]  C:\Users\Youcode\.m2\repository\software\amazon\awssdk\http-auth-spi\2.21.46\http-auth-spi-2.21.46.jar
[DEBUG]  C:\Users\Youcode\.m2\repository\org\reactivestreams\reactive-streams\1.0.4\reactive-streams-1.0.4.jar
[DEBUG]  C:\Users\Youcode\.m2\repository\software\amazon\awssdk\http-auth-aws\2.21.46\http-auth-aws-2.21.46.jar
[DEBUG]  C:\Users\Youcode\.m2\repository\software\amazon\awssdk\checksums\2.21.46\checksums-2.21.46.jar
[DEBUG]  C:\Users\Youcode\.m2\repository\software\amazon\awssdk\checksums-spi\2.21.46\checksums-spi-2.21.46.jar
[DEBUG]  C:\Users\Youcode\.m2\repository\software\amazon\awssdk\sdk-core\2.21.46\sdk-core-2.21.46.jar
[DEBUG]  C:\Users\Youcode\.m2\repository\software\amazon\awssdk\auth\2.21.46\auth-2.21.46.jar
[DEBUG]  C:\Users\Youcode\.m2\repository\software\amazon\eventstream\eventstream\1.0.1\eventstream-1.0.1.jar
[DEBUG]  C:\Users\Youcode\.m2\repository\software\amazon\awssdk\http-client-spi\2.21.46\http-client-spi-2.21.46.jar
[DEBUG]  C:\Users\Youcode\.m2\repository\software\amazon\awssdk\regions\2.21.46\regions-2.21.46.jar
[DEBUG]  C:\Users\Youcode\.m2\repository\software\amazon\awssdk\annotations\2.21.46\annotations-2.21.46.jar
[DEBUG]  C:\Users\Youcode\.m2\repository\software\amazon\awssdk\utils\2.21.46\utils-2.21.46.jar
[DEBUG]  C:\Users\Youcode\.m2\repository\software\amazon\awssdk\aws-core\2.21.46\aws-core-2.21.46.jar
[DEBUG]  C:\Users\Youcode\.m2\repository\software\amazon\awssdk\metrics-spi\2.21.46\metrics-spi-2.21.46.jar
[DEBUG]  C:\Users\Youcode\.m2\repository\software\amazon\awssdk\json-utils\2.21.46\json-utils-2.21.46.jar
[DEBUG]  C:\Users\Youcode\.m2\repository\software\amazon\awssdk\third-party-jackson-core\2.21.46\third-party-jackson-core-2.21.46.jar
[DEBUG]  C:\Users\Youcode\.m2\repository\software\amazon\awssdk\endpoints-spi\2.21.46\endpoints-spi-2.21.46.jar
[DEBUG]  C:\Users\Youcode\.m2\repository\io\awspring\cloud\spring-cloud-aws-s3-cross-region-client\3.1.1\spring-cloud-aws-s3-cross-region-client-3.1.1.jar
[DEBUG]  C:\Users\Youcode\.m2\repository\io\awspring\cloud\spring-cloud-aws-starter\3.1.1\spring-cloud-aws-starter-3.1.1.jar
[DEBUG]  C:\Users\Youcode\.m2\repository\io\awspring\cloud\spring-cloud-aws-autoconfigure\3.1.1\spring-cloud-aws-autoconfigure-3.1.1.jar
[DEBUG]  C:\Users\Youcode\.m2\repository\io\awspring\cloud\spring-cloud-aws-core\3.1.1\spring-cloud-aws-core-3.1.1.jar
[DEBUG]  C:\Users\Youcode\.m2\repository\org\slf4j\slf4j-api\2.0.17\slf4j-api-2.0.17.jar
[DEBUG] Source roots:
[DEBUG]  C:\Users\Youcode\Desktop\briefs\TraceAndTrust\src\main\java
[DEBUG]  C:\Users\Youcode\Desktop\briefs\TraceAndTrust\target\generated-sources\annotations
[DEBUG] Command line options:
[DEBUG] -d C:\Users\Youcode\Desktop\briefs\TraceAndTrust\target\classes -classpath C:\Users\Youcode\Desktop\briefs\TraceAndTrust\target\classes;C:\Users\Youcode\.m2\repository\org\mapstruct\mapstruct\1.5.5.Final\mapstruct-1.5.5.Final.jar;C:\Users\Youcode\.m2\repository\org\mapstruct\mapstruct-processor\1.5.5.Final\mapstruct-processor-1.5.5.Final.jar;C:\Users\Youcode\.m2\repository\org\springframework\boot\spring-boot-starter-aop\3.5.7\spring-boot-starter-aop-3.5.7.jar;C:\Users\Youcode\.m2\repository\org\springframework\boot\spring-boot-starter\3.5.7\spring-boot-starter-3.5.7.jar;C:\Users\Youcode\.m2\repository\org\springframework\boot\spring-boot-starter-logging\3.5.7\spring-boot-starter-logging-3.5.7.jar;C:\Users\Youcode\.m2\repository\ch\qos\logback\logback-classic\1.5.20\logback-classic-1.5.20.jar;C:\Users\Youcode\.m2\repository\ch\qos\logback\logback-core\1.5.20\logback-core-1.5.20.jar;C:\Users\Youcode\.m2\repository\org\apache\logging\log4j\log4j-to-slf4j\2.24.3\log4j-to-slf4j-2.24.3.jar;C:\Users\Youcode\.m2\repository\org\apache\logging\log4j\log4j-api\2.24.3\log4j-api-2.24.3.jar;C:\Users\Youcode\.m2\repository\org\slf4j\jul-to-slf4j\2.0.17\jul-to-slf4j-2.0.17.jar;C:\Users\Youcode\.m2\repository\jakarta\annotation\jakarta.annotation-api\2.1.1\jakarta.annotation-api-2.1.1.jar;C:\Users\Youcode\.m2\repository\org\yaml\snakeyaml\2.4\snakeyaml-2.4.jar;C:\Users\Youcode\.m2\repository\org\springframework\spring-aop\6.2.12\spring-aop-6.2.12.jar;C:\Users\Youcode\.m2\repository\org\springframework\spring-beans\6.2.12\spring-beans-6.2.12.jar;C:\Users\Youcode\.m2\repository\org\aspectj\aspectjweaver\1.9.24\aspectjweaver-1.9.24.jar;C:\Users\Youcode\.m2\repository\org\springframework\boot\spring-boot-starter-data-jpa\3.5.7\spring-boot-starter-data-jpa-3.5.7.jar;C:\Users\Youcode\.m2\repository\org\springframework\boot\spring-boot-starter-jdbc\3.5.7\spring-boot-starter-jdbc-3.5.7.jar;C:\Users\Youcode\.m2\repository\com\zaxxer\HikariCP\6.3.3\HikariCP-6.3.3.jar;C:\Users\Youcode\.m2\repository\org\springframework\spring-jdbc\6.2.12\spring-jdbc-6.2.12.jar;C:\Users\Youcode\.m2\repository\org\hibernate\orm\hibernate-core\6.6.33.Final\hibernate-core-6.6.33.Final.jar;C:\Users\Youcode\.m2\repository\jakarta\persistence\jakarta.persistence-api\3.1.0\jakarta.persistence-api-3.1.0.jar;C:\Users\Youcode\.m2\repository\jakarta\transaction\jakarta.transaction-api\2.0.1\jakarta.transaction-api-2.0.1.jar;C:\Users\Youcode\.m2\repository\org\jboss\logging\jboss-logging\3.6.1.Final\jboss-logging-3.6.1.Final.jar;C:\Users\Youcode\.m2\repository\com\fasterxml\classmate\1.7.1\classmate-1.7.1.jar;C:\Users\Youcode\.m2\repository\org\antlr\antlr4-runtime\4.13.0\antlr4-runtime-4.13.0.jar;C:\Users\Youcode\.m2\repository\org\springframework\data\spring-data-jpa\3.5.5\spring-data-jpa-3.5.5.jar;C:\Users\Youcode\.m2\repository\org\springframework\data\spring-data-commons\3.5.5\spring-data-commons-3.5.5.jar;C:\Users\Youcode\.m2\repository\org\springframework\spring-orm\6.2.12\spring-orm-6.2.12.jar;C:\Users\Youcode\.m2\repository\org\springframework\spring-context\6.2.12\spring-context-6.2.12.jar;C:\Users\Youcode\.m2\repository\org\springframework\spring-tx\6.2.12\spring-tx-6.2.12.jar;C:\Users\Youcode\.m2\repository\org\springframework\spring-aspects\6.2.12\spring-aspects-6.2.12.jar;C:\Users\Youcode\.m2\repository\org\springframework\boot\spring-boot-starter-validation\3.5.7\spring-boot-starter-validation-3.5.7.jar;C:\Users\Youcode\.m2\repository\org\apache\tomcat\embed\tomcat-embed-el\10.1.48\tomcat-embed-el-10.1.48.jar;C:\Users\Youcode\.m2\repository\org\hibernate\validator\hibernate-validator\8.0.3.Final\hibernate-validator-8.0.3.Final.jar;C:\Users\Youcode\.m2\repository\jakarta\validation\jakarta.validation-api\3.0.2\jakarta.validation-api-3.0.2.jar;C:\Users\Youcode\.m2\repository\org\springframework\boot\spring-boot-starter-web\3.5.7\spring-boot-starter-web-3.5.7.jar;C:\Users\Youcode\.m2\repository\org\springframework\boot\spring-boot-starter-json\3.5.7\spring-boot-starter-json-3.5.7.jar;C:\Users\Youcode\.m2\repository\com\fasterxml\jackson\datatype\jackson-datatype-jdk8\2.19.2\jackson-datatype-jdk8-2.19.2.jar;C:\Users\Youcode\.m2\repository\com\fasterxml\jackson\datatype\jackson-datatype-jsr310\2.19.2\jackson-datatype-jsr310-2.19.2.jar;C:\Users\Youcode\.m2\repository\com\fasterxml\jackson\module\jackson-module-parameter-names\2.19.2\jackson-module-parameter-names-2.19.2.jar;C:\Users\Youcode\.m2\repository\org\springframework\boot\spring-boot-starter-tomcat\3.5.7\spring-boot-starter-tomcat-3.5.7.jar;C:\Users\Youcode\.m2\repository\org\apache\tomcat\embed\tomcat-embed-core\10.1.48\tomcat-embed-core-10.1.48.jar;C:\Users\Youcode\.m2\repository\org\apache\tomcat\embed\tomcat-embed-websocket\10.1.48\tomcat-embed-websocket-10.1.48.jar;C:\Users\Youcode\.m2\repository\org\springframework\spring-web\6.2.12\spring-web-6.2.12.jar;C:\Users\Youcode\.m2\repository\io\micrometer\micrometer-observation\1.15.5\micrometer-observation-1.15.5.jar;C:\Users\Youcode\.m2\repository\io\micrometer\micrometer-commons\1.15.5\micrometer-commons-1.15.5.jar;C:\Users\Youcode\.m2\repository\org\springframework\spring-webmvc\6.2.12\spring-webmvc-6.2.12.jar;C:\Users\Youcode\.m2\repository\org\springframework\spring-expression\6.2.12\spring-expression-6.2.12.jar;C:\Users\Youcode\.m2\repository\org\springframework\modulith\spring-modulith-starter-core\1.4.4\spring-modulith-starter-core-1.4.4.jar;C:\Users\Youcode\.m2\repository\org\springframework\modulith\spring-modulith-api\1.4.4\spring-modulith-api-1.4.4.jar;C:\Users\Youcode\.m2\repository\org\springframework\modulith\spring-modulith-apt\1.4.4\spring-modulith-apt-1.4.4.jar;C:\Users\Youcode\.m2\repository\org\springframework\boot\spring-boot-configuration-processor\3.5.7\spring-boot-configuration-processor-3.5.7.jar;C:\Users\Youcode\.m2\repository\org\springframework\modulith\spring-modulith-moments\1.4.4\spring-modulith-moments-1.4.4.jar;C:\Users\Youcode\.m2\repository\org\jmolecules\jmolecules-events\1.10.0\jmolecules-events-1.10.0.jar;C:\Users\Youcode\.m2\repository\org\springframework\modulith\spring-modulith-starter-jpa\1.4.4\spring-modulith-starter-jpa-1.4.4.jar;C:\Users\Youcode\.m2\repository\org\springframework\modulith\spring-modulith-events-api\1.4.4\spring-modulith-events-api-1.4.4.jar;C:\Users\Youcode\.m2\repository\org\springframework\boot\spring-boot-starter-security\3.5.7\spring-boot-starter-security-3.5.7.jar;C:\Users\Youcode\.m2\repository\org\springframework\security\spring-security-config\6.5.6\spring-security-config-6.5.6.jar;C:\Users\Youcode\.m2\repository\org\springframework\security\spring-security-web\6.5.6\spring-security-web-6.5.6.jar;C:\Users\Youcode\.m2\repository\io\jsonwebtoken\jjwt-api\0.12.6\jjwt-api-0.12.6.jar;C:\Users\Youcode\.m2\repository\com\fasterxml\jackson\core\jackson-databind\2.19.2\jackson-databind-2.19.2.jar;C:\Users\Youcode\.m2\repository\com\fasterxml\jackson\core\jackson-annotations\2.19.2\jackson-annotations-2.19.2.jar;C:\Users\Youcode\.m2\repository\com\fasterxml\jackson\core\jackson-core\2.19.2\jackson-core-2.19.2.jar;C:\Users\Youcode\.m2\repository\org\springframework\boot\spring-boot\3.5.7\spring-boot-3.5.7.jar;C:\Users\Youcode\.m2\repository\org\springframework\boot\spring-boot-autoconfigure\3.5.7\spring-boot-autoconfigure-3.5.7.jar;C:\Users\Youcode\.m2\repository\org\projectlombok\lombok\1.18.36\lombok-1.18.36.jar;C:\Users\Youcode\.m2\repository\org\springdoc\springdoc-openapi-starter-webmvc-ui\2.7.0\springdoc-openapi-starter-webmvc-ui-2.7.0.jar;C:\Users\Youcode\.m2\repository\org\springdoc\springdoc-openapi-starter-webmvc-api\2.7.0\springdoc-openapi-starter-webmvc-api-2.7.0.jar;C:\Users\Youcode\.m2\repository\org\springdoc\springdoc-openapi-starter-common\2.7.0\springdoc-openapi-starter-common-2.7.0.jar;C:\Users\Youcode\.m2\repository\io\swagger\core\v3\swagger-core-jakarta\2.2.25\swagger-core-jakarta-2.2.25.jar;C:\Users\Youcode\.m2\repository\org\apache\commons\commons-lang3\3.17.0\commons-lang3-3.17.0.jar;C:\Users\Youcode\.m2\repository\io\swagger\core\v3\swagger-annotations-jakarta\2.2.25\swagger-annotations-jakarta-2.2.25.jar;C:\Users\Youcode\.m2\repository\io\swagger\core\v3\swagger-models-jakarta\2.2.25\swagger-models-jakarta-2.2.25.jar;C:\Users\Youcode\.m2\repository\com\fasterxml\jackson\dataformat\jackson-dataformat-yaml\2.19.2\jackson-dataformat-yaml-2.19.2.jar;C:\Users\Youcode\.m2\repository\org\webjars\swagger-ui\5.18.2\swagger-ui-5.18.2.jar;C:\Users\Youcode\.m2\repository\org\webjars\webjars-locator-lite\1.1.2\webjars-locator-lite-1.1.2.jar;C:\Users\Youcode\.m2\repository\org\jspecify\jspecify\1.0.0\jspecify-1.0.0.jar;C:\Users\Youcode\.m2\repository\jakarta\xml\bind\jakarta.xml.bind-api\4.0.4\jakarta.xml.bind-api-4.0.4.jar;C:\Users\Youcode\.m2\repository\jakarta\activation\jakarta.activation-api\2.1.4\jakarta.activation-api-2.1.4.jar;C:\Users\Youcode\.m2\repository\org\springframework\spring-core\6.2.12\spring-core-6.2.12.jar;C:\Users\Youcode\.m2\repository\org\springframework\spring-jcl\6.2.12\spring-jcl-6.2.12.jar;C:\Users\Youcode\.m2\repository\org\springframework\security\spring-security-core\6.5.6\spring-security-core-6.5.6.jar;C:\Users\Youcode\.m2\repository\org\springframework\security\spring-security-crypto\6.5.6\spring-security-crypto-6.5.6.jar;C:\Users\Youcode\.m2\repository\org\jetbrains\annotations\24.0.1\annotations-24.0.1.jar;C:\Users\Youcode\.m2\repository\net\logstash\logback\logstash-logback-encoder\7.4\logstash-logback-encoder-7.4.jar;C:\Users\Youcode\.m2\repository\io\awspring\cloud\spring-cloud-aws-starter-s3\3.1.1\spring-cloud-aws-starter-s3-3.1.1.jar;C:\Users\Youcode\.m2\repository\io\awspring\cloud\spring-cloud-aws-s3\3.1.1\spring-cloud-aws-s3-3.1.1.jar;C:\Users\Youcode\.m2\repository\software\amazon\awssdk\s3\2.21.46\s3-2.21.46.jar;C:\Users\Youcode\.m2\repository\software\amazon\awssdk\aws-xml-protocol\2.21.46\aws-xml-protocol-2.21.46.jar;C:\Users\Youcode\.m2\repository\software\amazon\awssdk\aws-query-protocol\2.21.46\aws-query-protocol-2.21.46.jar;C:\Users\Youcode\.m2\repository\software\amazon\awssdk\protocol-core\2.21.46\protocol-core-2.21.46.jar;C:\Users\Youcode\.m2\repository\software\amazon\awssdk\arns\2.21.46\arns-2.21.46.jar;C:\Users\Youcode\.m2\repository\software\amazon\awssdk\profiles\2.21.46\profiles-2.21.46.jar;C:\Users\Youcode\.m2\repository\software\amazon\awssdk\crt-core\2.21.46\crt-core-2.21.46.jar;C:\Users\Youcode\.m2\repository\software\amazon\awssdk\http-auth\2.21.46\http-auth-2.21.46.jar;C:\Users\Youcode\.m2\repository\software\amazon\awssdk\identity-spi\2.21.46\identity-spi-2.21.46.jar;C:\Users\Youcode\.m2\repository\software\amazon\awssdk\http-auth-spi\2.21.46\http-auth-spi-2.21.46.jar;C:\Users\Youcode\.m2\repository\org\reactivestreams\reactive-streams\1.0.4\reactive-streams-1.0.4.jar;C:\Users\Youcode\.m2\repository\software\amazon\awssdk\http-auth-aws\2.21.46\http-auth-aws-2.21.46.jar;C:\Users\Youcode\.m2\repository\software\amazon\awssdk\checksums\2.21.46\checksums-2.21.46.jar;C:\Users\Youcode\.m2\repository\software\amazon\awssdk\checksums-spi\2.21.46\checksums-spi-2.21.46.jar;C:\Users\Youcode\.m2\repository\software\amazon\awssdk\sdk-core\2.21.46\sdk-core-2.21.46.jar;C:\Users\Youcode\.m2\repository\software\amazon\awssdk\auth\2.21.46\auth-2.21.46.jar;C:\Users\Youcode\.m2\repository\software\amazon\eventstream\eventstream\1.0.1\eventstream-1.0.1.jar;C:\Users\Youcode\.m2\repository\software\amazon\awssdk\http-client-spi\2.21.46\http-client-spi-2.21.46.jar;C:\Users\Youcode\.m2\repository\software\amazon\awssdk\regions\2.21.46\regions-2.21.46.jar;C:\Users\Youcode\.m2\repository\software\amazon\awssdk\annotations\2.21.46\annotations-2.21.46.jar;C:\Users\Youcode\.m2\repository\software\amazon\awssdk\utils\2.21.46\utils-2.21.46.jar;C:\Users\Youcode\.m2\repository\software\amazon\awssdk\aws-core\2.21.46\aws-core-2.21.46.jar;C:\Users\Youcode\.m2\repository\software\amazon\awssdk\metrics-spi\2.21.46\metrics-spi-2.21.46.jar;C:\Users\Youcode\.m2\repository\software\amazon\awssdk\json-utils\2.21.46\json-utils-2.21.46.jar;C:\Users\Youcode\.m2\repository\software\amazon\awssdk\third-party-jackson-core\2.21.46\third-party-jackson-core-2.21.46.jar;C:\Users\Youcode\.m2\repository\software\amazon\awssdk\endpoints-spi\2.21.46\endpoints-spi-2.21.46.jar;C:\Users\Youcode\.m2\repository\io\awspring\cloud\spring-cloud-aws-s3-cross-region-client\3.1.1\spring-cloud-aws-s3-cross-region-client-3.1.1.jar;C:\Users\Youcode\.m2\repository\io\awspring\cloud\spring-cloud-aws-starter\3.1.1\spring-cloud-aws-starter-3.1.1.jar;C:\Users\Youcode\.m2\repository\io\awspring\cloud\spring-cloud-aws-autoconfigure\3.1.1\spring-cloud-aws-autoconfigure-3.1.1.jar;C:\Users\Youcode\.m2\repository\io\awspring\cloud\spring-cloud-aws-core\3.1.1\spring-cloud-aws-core-3.1.1.jar;C:\Users\Youcode\.m2\repository\org\slf4j\slf4j-api\2.0.17\slf4j-api-2.0.17.jar; -sourcepath C:\Users\Youcode\Desktop\briefs\TraceAndTrust\src\main\java;C:\Users\Youcode\Desktop\briefs\TraceAndTrust\target\generated-sources\annotations; -s C:\Users\Youcode\Desktop\briefs\TraceAndTrust\target\generated-sources\annotations -processorpath C:\Users\Youcode\.m2\repository\org\mapstruct\mapstruct-processor\1.5.5.Final\mapstruct-processor-1.5.5.Final.jar;C:\Users\Youcode\.m2\repository\org\projectlombok\lombok\1.18.36\lombok-1.18.36.jar;C:\Users\Youcode\.m2\repository\org\projectlombok\lombok-mapstruct-binding\0.2.0\lombok-mapstruct-binding-0.2.0.jar; -g -parameters --release 17 -encoding UTF-8
[DEBUG] incrementalBuildHelper#beforeRebuildExecution
[INFO] Compiling 125 source files with javac [debug release 17] to target\classes
[INFO] ------------------------------------------------------------------------
[INFO] BUILD FAILURE
[INFO] ------------------------------------------------------------------------
[INFO] Total time:  11.776 s
[INFO] Finished at: 2026-01-29T13:32:48+01:00
[INFO] ------------------------------------------------------------------------
[ERROR] Failed to execute goal org.apache.maven.plugins:maven-compiler-plugin:3.11.0:compile (default-compile) on project TraceAndTrust: Fatal error compiling: java.lang.ExceptionInInitializerError: com.sun.tools.javac.code.TypeTag :: UNKNOWN -> [Help 1]
org.apache.maven.lifecycle.LifecycleExecutionException: Failed to execute goal org.apache.maven.plugins:maven-compiler-plugin:3.11.0:compile (default-compile) on project TraceAndTrust: Fatal error compiling
    at org.apache.maven.lifecycle.internal.MojoExecutor.doExecute2 (MojoExecutor.java:333)
    at org.apache.maven.lifecycle.internal.MojoExecutor.doExecute (MojoExecutor.java:316)
    at org.apache.maven.lifecycle.internal.MojoExecutor.execute (MojoExecutor.java:212)
    at org.apache.maven.lifecycle.internal.MojoExecutor.execute (MojoExecutor.java:174)
    at org.apache.maven.lifecycle.internal.MojoExecutor.access$000 (MojoExecutor.java:75)
    at org.apache.maven.lifecycle.internal.MojoExecutor$1.run (MojoExecutor.java:162)
    at org.apache.maven.plugin.DefaultMojosExecutionStrategy.execute (DefaultMojosExecutionStrategy.java:39)
    at org.apache.maven.lifecycle.internal.MojoExecutor.execute (MojoExecutor.java:159)
    at org.apache.maven.lifecycle.internal.LifecycleModuleBuilder.buildProject (LifecycleModuleBuilder.java:105)
    at org.apache.maven.lifecycle.internal.LifecycleModuleBuilder.buildProject (LifecycleModuleBuilder.java:73)
    at org.apache.maven.lifecycle.internal.builder.singlethreaded.SingleThreadedBuilder.build (SingleThreadedBuilder.java:53)
    at org.apache.maven.lifecycle.internal.LifecycleStarter.execute (LifecycleStarter.java:118)
    at org.apache.maven.DefaultMaven.doExecute (DefaultMaven.java:261)
    at org.apache.maven.DefaultMaven.doExecute (DefaultMaven.java:173)
    at org.apache.maven.DefaultMaven.execute (DefaultMaven.java:101)
    at org.apache.maven.cli.MavenCli.execute (MavenCli.java:906)
    at org.apache.maven.cli.MavenCli.doMain (MavenCli.java:283)
    at org.apache.maven.cli.MavenCli.main (MavenCli.java:206)
    at jdk.internal.reflect.DirectMethodHandleAccessor.invoke (DirectMethodHandleAccessor.java:104)
    at java.lang.reflect.Method.invoke (Method.java:565)
    at org.codehaus.plexus.classworlds.launcher.Launcher.launchEnhanced (Launcher.java:255)
    at org.codehaus.plexus.classworlds.launcher.Launcher.launch (Launcher.java:201)
    at org.codehaus.plexus.classworlds.launcher.Launcher.mainWithExitCode (Launcher.java:361)
    at org.codehaus.plexus.classworlds.launcher.Launcher.main (Launcher.java:314)
Caused by: org.apache.maven.plugin.MojoExecutionException: Fatal error compiling
    at org.apache.maven.plugin.compiler.AbstractCompilerMojo.execute (AbstractCompilerMojo.java:1143)
    at org.apache.maven.plugin.compiler.CompilerMojo.execute (CompilerMojo.java:193)
    at org.apache.maven.plugin.DefaultBuildPluginManager.executeMojo (DefaultBuildPluginManager.java:126)
    at org.apache.maven.lifecycle.internal.MojoExecutor.doExecute2 (MojoExecutor.java:328)
    at org.apache.maven.lifecycle.internal.MojoExecutor.doExecute (MojoExecutor.java:316)
    at org.apache.maven.lifecycle.internal.MojoExecutor.execute (MojoExecutor.java:212)
    at org.apache.maven.lifecycle.internal.MojoExecutor.execute (MojoExecutor.java:174)
    at org.apache.maven.lifecycle.internal.MojoExecutor.access$000 (MojoExecutor.java:75)
    at org.apache.maven.lifecycle.internal.MojoExecutor$1.run (MojoExecutor.java:162)
    at org.apache.maven.plugin.DefaultMojosExecutionStrategy.execute (DefaultMojosExecutionStrategy.java:39)
    at org.apache.maven.lifecycle.internal.MojoExecutor.execute (MojoExecutor.java:159)
    at org.apache.maven.lifecycle.internal.LifecycleModuleBuilder.buildProject (LifecycleModuleBuilder.java:105)
    at org.apache.maven.lifecycle.internal.LifecycleModuleBuilder.buildProject (LifecycleModuleBuilder.java:73)
    at org.apache.maven.lifecycle.internal.builder.singlethreaded.SingleThreadedBuilder.build (SingleThreadedBuilder.java:53)
    at org.apache.maven.lifecycle.internal.LifecycleStarter.execute (LifecycleStarter.java:118)
    at org.apache.maven.DefaultMaven.doExecute (DefaultMaven.java:261)
    at org.apache.maven.DefaultMaven.doExecute (DefaultMaven.java:173)
    at org.apache.maven.DefaultMaven.execute (DefaultMaven.java:101)
    at org.apache.maven.cli.MavenCli.execute (MavenCli.java:906)
    at org.apache.maven.cli.MavenCli.doMain (MavenCli.java:283)
    at org.apache.maven.cli.MavenCli.main (MavenCli.java:206)
    at jdk.internal.reflect.DirectMethodHandleAccessor.invoke (DirectMethodHandleAccessor.java:104)
    at java.lang.reflect.Method.invoke (Method.java:565)
    at org.codehaus.plexus.classworlds.launcher.Launcher.launchEnhanced (Launcher.java:255)
    at org.codehaus.plexus.classworlds.launcher.Launcher.launch (Launcher.java:201)
    at org.codehaus.plexus.classworlds.launcher.Launcher.mainWithExitCode (Launcher.java:361)
    at org.codehaus.plexus.classworlds.launcher.Launcher.main (Launcher.java:314)
Caused by: org.codehaus.plexus.compiler.CompilerException: java.lang.ExceptionInInitializerError
    at org.codehaus.plexus.compiler.javac.JavaxToolsCompiler.compileInProcess (JavaxToolsCompiler.java:198)
    at org.codehaus.plexus.compiler.javac.JavacCompiler.performCompile (JavacCompiler.java:183)
    at org.apache.maven.plugin.compiler.AbstractCompilerMojo.execute (AbstractCompilerMojo.java:1140)
    at org.apache.maven.plugin.compiler.CompilerMojo.execute (CompilerMojo.java:193)
    at org.apache.maven.plugin.DefaultBuildPluginManager.executeMojo (DefaultBuildPluginManager.java:126)
    at org.apache.maven.lifecycle.internal.MojoExecutor.doExecute2 (MojoExecutor.java:328)
    at org.apache.maven.lifecycle.internal.MojoExecutor.doExecute (MojoExecutor.java:316)
    at org.apache.maven.lifecycle.internal.MojoExecutor.execute (MojoExecutor.java:212)
    at org.apache.maven.lifecycle.internal.MojoExecutor.execute (MojoExecutor.java:174)
    at org.apache.maven.lifecycle.internal.MojoExecutor.access$000 (MojoExecutor.java:75)
    at org.apache.maven.lifecycle.internal.MojoExecutor$1.run (MojoExecutor.java:162)
    at org.apache.maven.plugin.DefaultMojosExecutionStrategy.execute (DefaultMojosExecutionStrategy.java:39)
    at org.apache.maven.lifecycle.internal.MojoExecutor.execute (MojoExecutor.java:159)
    at org.apache.maven.lifecycle.internal.LifecycleModuleBuilder.buildProject (LifecycleModuleBuilder.java:105)
    at org.apache.maven.lifecycle.internal.LifecycleModuleBuilder.buildProject (LifecycleModuleBuilder.java:73)
    at org.apache.maven.lifecycle.internal.builder.singlethreaded.SingleThreadedBuilder.build (SingleThreadedBuilder.java:53)
    at org.apache.maven.lifecycle.internal.LifecycleStarter.execute (LifecycleStarter.java:118)
    at org.apache.maven.DefaultMaven.doExecute (DefaultMaven.java:261)
    at org.apache.maven.DefaultMaven.doExecute (DefaultMaven.java:173)
    at org.apache.maven.DefaultMaven.execute (DefaultMaven.java:101)
    at org.apache.maven.cli.MavenCli.execute (MavenCli.java:906)
    at org.apache.maven.cli.MavenCli.doMain (MavenCli.java:283)
    at org.apache.maven.cli.MavenCli.main (MavenCli.java:206)
    at jdk.internal.reflect.DirectMethodHandleAccessor.invoke (DirectMethodHandleAccessor.java:104)
    at java.lang.reflect.Method.invoke (Method.java:565)
    at org.codehaus.plexus.classworlds.launcher.Launcher.launchEnhanced (Launcher.java:255)
    at org.codehaus.plexus.classworlds.launcher.Launcher.launch (Launcher.java:201)
    at org.codehaus.plexus.classworlds.launcher.Launcher.mainWithExitCode (Launcher.java:361)
    at org.codehaus.plexus.classworlds.launcher.Launcher.main (Launcher.java:314)
Caused by: java.lang.RuntimeException: java.lang.ExceptionInInitializerError
    at com.sun.tools.javac.api.JavacTaskImpl.invocationHelper (JavacTaskImpl.java:168)
    at com.sun.tools.javac.api.JavacTaskImpl.doCall (JavacTaskImpl.java:100)
    at com.sun.tools.javac.api.JavacTaskImpl.call (JavacTaskImpl.java:94)
    at org.codehaus.plexus.compiler.javac.JavaxToolsCompiler.compileInProcess (JavaxToolsCompiler.java:136)
    at org.codehaus.plexus.compiler.javac.JavacCompiler.performCompile (JavacCompiler.java:183)
    at org.apache.maven.plugin.compiler.AbstractCompilerMojo.execute (AbstractCompilerMojo.java:1140)
    at org.apache.maven.plugin.compiler.CompilerMojo.execute (CompilerMojo.java:193)
    at org.apache.maven.plugin.DefaultBuildPluginManager.executeMojo (DefaultBuildPluginManager.java:126)
    at org.apache.maven.lifecycle.internal.MojoExecutor.doExecute2 (MojoExecutor.java:328)
    at org.apache.maven.lifecycle.internal.MojoExecutor.doExecute (MojoExecutor.java:316)
    at org.apache.maven.lifecycle.internal.MojoExecutor.execute (MojoExecutor.java:212)
    at org.apache.maven.lifecycle.internal.MojoExecutor.execute (MojoExecutor.java:174)
    at org.apache.maven.lifecycle.internal.MojoExecutor.access$000 (MojoExecutor.java:75)
    at org.apache.maven.lifecycle.internal.MojoExecutor$1.run (MojoExecutor.java:162)
    at org.apache.maven.plugin.DefaultMojosExecutionStrategy.execute (DefaultMojosExecutionStrategy.java:39)
    at org.apache.maven.lifecycle.internal.MojoExecutor.execute (MojoExecutor.java:159)
    at org.apache.maven.lifecycle.internal.LifecycleModuleBuilder.buildProject (LifecycleModuleBuilder.java:105)
    at org.apache.maven.lifecycle.internal.LifecycleModuleBuilder.buildProject (LifecycleModuleBuilder.java:73)
    at org.apache.maven.lifecycle.internal.builder.singlethreaded.SingleThreadedBuilder.build (SingleThreadedBuilder.java:53)
    at org.apache.maven.lifecycle.internal.LifecycleStarter.execute (LifecycleStarter.java:118)
    at org.apache.maven.DefaultMaven.doExecute (DefaultMaven.java:261)
    at org.apache.maven.DefaultMaven.doExecute (DefaultMaven.java:173)
    at org.apache.maven.DefaultMaven.execute (DefaultMaven.java:101)
    at org.apache.maven.cli.MavenCli.execute (MavenCli.java:906)
    at org.apache.maven.cli.MavenCli.doMain (MavenCli.java:283)
    at org.apache.maven.cli.MavenCli.main (MavenCli.java:206)
    at jdk.internal.reflect.DirectMethodHandleAccessor.invoke (DirectMethodHandleAccessor.java:104)
    at java.lang.reflect.Method.invoke (Method.java:565)
    at org.codehaus.plexus.classworlds.launcher.Launcher.launchEnhanced (Launcher.java:255)
    at org.codehaus.plexus.classworlds.launcher.Launcher.launch (Launcher.java:201)
    at org.codehaus.plexus.classworlds.launcher.Launcher.mainWithExitCode (Launcher.java:361)
    at org.codehaus.plexus.classworlds.launcher.Launcher.main (Launcher.java:314)
Caused by: java.lang.ExceptionInInitializerError
    at lombok.javac.apt.LombokProcessor.placePostCompileAndDontMakeForceRoundDummiesHook (LombokProcessor.java:174)
    at lombok.javac.apt.LombokProcessor.init (LombokProcessor.java:96)
    at lombok.core.AnnotationProcessor$JavacDescriptor.want (AnnotationProcessor.java:160)
    at lombok.core.AnnotationProcessor.init (AnnotationProcessor.java:213)
    at lombok.launch.AnnotationProcessorHider$AnnotationProcessor.init (AnnotationProcessor.java:64)
    at com.sun.tools.javac.processing.JavacProcessingEnvironment$ProcessorState.<init> (JavacProcessingEnvironment.java:633)
    at com.sun.tools.javac.processing.JavacProcessingEnvironment$DiscoveredProcessors$ProcessorStateIterator.next (JavacProcessingEnvironment.java:760)
    at com.sun.tools.javac.processing.JavacProcessingEnvironment.discoverAndRunProcs (JavacProcessingEnvironment.java:856)
    at com.sun.tools.javac.processing.JavacProcessingEnvironment$Round.run (JavacProcessingEnvironment.java:1199)
    at com.sun.tools.javac.processing.JavacProcessingEnvironment.doProcessing (JavacProcessingEnvironment.java:1312)
    at com.sun.tools.javac.main.JavaCompiler.processAnnotations (JavaCompiler.java:1272)
    at com.sun.tools.javac.main.JavaCompiler.compile (JavaCompiler.java:948)
    at com.sun.tools.javac.api.JavacTaskImpl.lambda$doCall$0 (JavacTaskImpl.java:104)
    at com.sun.tools.javac.api.JavacTaskImpl.invocationHelper (JavacTaskImpl.java:152)
    at com.sun.tools.javac.api.JavacTaskImpl.doCall (JavacTaskImpl.java:100)
    at com.sun.tools.javac.api.JavacTaskImpl.call (JavacTaskImpl.java:94)
    at org.codehaus.plexus.compiler.javac.JavaxToolsCompiler.compileInProcess (JavaxToolsCompiler.java:136)
    at org.codehaus.plexus.compiler.javac.JavacCompiler.performCompile (JavacCompiler.java:183)
    at org.apache.maven.plugin.compiler.AbstractCompilerMojo.execute (AbstractCompilerMojo.java:1140)
    at org.apache.maven.plugin.compiler.CompilerMojo.execute (CompilerMojo.java:193)
    at org.apache.maven.plugin.DefaultBuildPluginManager.executeMojo (DefaultBuildPluginManager.java:126)
    at org.apache.maven.lifecycle.internal.MojoExecutor.doExecute2 (MojoExecutor.java:328)
    at org.apache.maven.lifecycle.internal.MojoExecutor.doExecute (MojoExecutor.java:316)
    at org.apache.maven.lifecycle.internal.MojoExecutor.execute (MojoExecutor.java:212)
    at org.apache.maven.lifecycle.internal.MojoExecutor.execute (MojoExecutor.java:174)
    at org.apache.maven.lifecycle.internal.MojoExecutor.access$000 (MojoExecutor.java:75)
    at org.apache.maven.lifecycle.internal.MojoExecutor$1.run (MojoExecutor.java:162)
    at org.apache.maven.plugin.DefaultMojosExecutionStrategy.execute (DefaultMojosExecutionStrategy.java:39)
    at org.apache.maven.lifecycle.internal.MojoExecutor.execute (MojoExecutor.java:159)
    at org.apache.maven.lifecycle.internal.LifecycleModuleBuilder.buildProject (LifecycleModuleBuilder.java:105)
    at org.apache.maven.lifecycle.internal.LifecycleModuleBuilder.buildProject (LifecycleModuleBuilder.java:73)
    at org.apache.maven.lifecycle.internal.builder.singlethreaded.SingleThreadedBuilder.build (SingleThreadedBuilder.java:53)
    at org.apache.maven.lifecycle.internal.LifecycleStarter.execute (LifecycleStarter.java:118)
    at org.apache.maven.DefaultMaven.doExecute (DefaultMaven.java:261)
    at org.apache.maven.DefaultMaven.doExecute (DefaultMaven.java:173)
    at org.apache.maven.DefaultMaven.execute (DefaultMaven.java:101)
    at org.apache.maven.cli.MavenCli.execute (MavenCli.java:906)
    at org.apache.maven.cli.MavenCli.doMain (MavenCli.java:283)
    at org.apache.maven.cli.MavenCli.main (MavenCli.java:206)
    at jdk.internal.reflect.DirectMethodHandleAccessor.invoke (DirectMethodHandleAccessor.java:104)
    at java.lang.reflect.Method.invoke (Method.java:565)
    at org.codehaus.plexus.classworlds.launcher.Launcher.launchEnhanced (Launcher.java:255)
    at org.codehaus.plexus.classworlds.launcher.Launcher.launch (Launcher.java:201)
    at org.codehaus.plexus.classworlds.launcher.Launcher.mainWithExitCode (Launcher.java:361)
    at org.codehaus.plexus.classworlds.launcher.Launcher.main (Launcher.java:314)
Caused by: java.lang.NoSuchFieldException: com.sun.tools.javac.code.TypeTag :: UNKNOWN
    at lombok.permit.Permit.getField (Permit.java:144)
    at lombok.javac.JavacTreeMaker$SchroedingerType.getFieldCached (JavacTreeMaker.java:171)
    at lombok.javac.JavacTreeMaker$TypeTag.typeTag (JavacTreeMaker.java:259)
    at lombok.javac.Javac.<clinit> (Javac.java:187)
    at lombok.javac.apt.LombokProcessor.placePostCompileAndDontMakeForceRoundDummiesHook (LombokProcessor.java:174)
    at lombok.javac.apt.LombokProcessor.init (LombokProcessor.java:96)
    at lombok.core.AnnotationProcessor$JavacDescriptor.want (AnnotationProcessor.java:160)
    at lombok.core.AnnotationProcessor.init (AnnotationProcessor.java:213)
    at lombok.launch.AnnotationProcessorHider$AnnotationProcessor.init (AnnotationProcessor.java:64)
    at com.sun.tools.javac.processing.JavacProcessingEnvironment$ProcessorState.<init> (JavacProcessingEnvironment.java:633)
    at com.sun.tools.javac.processing.JavacProcessingEnvironment$DiscoveredProcessors$ProcessorStateIterator.next (JavacProcessingEnvironment.java:760)
    at com.sun.tools.javac.processing.JavacProcessingEnvironment.discoverAndRunProcs (JavacProcessingEnvironment.java:856)
    at com.sun.tools.javac.processing.JavacProcessingEnvironment$Round.run (JavacProcessingEnvironment.java:1199)
    at com.sun.tools.javac.processing.JavacProcessingEnvironment.doProcessing (JavacProcessingEnvironment.java:1312)
    at com.sun.tools.javac.main.JavaCompiler.processAnnotations (JavaCompiler.java:1272)
    at com.sun.tools.javac.main.JavaCompiler.compile (JavaCompiler.java:948)
    at com.sun.tools.javac.api.JavacTaskImpl.lambda$doCall$0 (JavacTaskImpl.java:104)
    at com.sun.tools.javac.api.JavacTaskImpl.invocationHelper (JavacTaskImpl.java:152)
    at com.sun.tools.javac.api.JavacTaskImpl.doCall (JavacTaskImpl.java:100)
    at com.sun.tools.javac.api.JavacTaskImpl.call (JavacTaskImpl.java:94)
    at org.codehaus.plexus.compiler.javac.JavaxToolsCompiler.compileInProcess (JavaxToolsCompiler.java:136)
    at org.codehaus.plexus.compiler.javac.JavacCompiler.performCompile (JavacCompiler.java:183)
    at org.apache.maven.plugin.compiler.AbstractCompilerMojo.execute (AbstractCompilerMojo.java:1140)
    at org.apache.maven.plugin.compiler.CompilerMojo.execute (CompilerMojo.java:193)
    at org.apache.maven.plugin.DefaultBuildPluginManager.executeMojo (DefaultBuildPluginManager.java:126)
    at org.apache.maven.lifecycle.internal.MojoExecutor.doExecute2 (MojoExecutor.java:328)
    at org.apache.maven.lifecycle.internal.MojoExecutor.doExecute (MojoExecutor.java:316)
    at org.apache.maven.lifecycle.internal.MojoExecutor.execute (MojoExecutor.java:212)
    at org.apache.maven.lifecycle.internal.MojoExecutor.execute (MojoExecutor.java:174)
    at org.apache.maven.lifecycle.internal.MojoExecutor.access$000 (MojoExecutor.java:75)
    at org.apache.maven.lifecycle.internal.MojoExecutor$1.run (MojoExecutor.java:162)
    at org.apache.maven.plugin.DefaultMojosExecutionStrategy.execute (DefaultMojosExecutionStrategy.java:39)
    at org.apache.maven.lifecycle.internal.MojoExecutor.execute (MojoExecutor.java:159)
    at org.apache.maven.lifecycle.internal.LifecycleModuleBuilder.buildProject (LifecycleModuleBuilder.java:105)
    at org.apache.maven.lifecycle.internal.LifecycleModuleBuilder.buildProject (LifecycleModuleBuilder.java:73)
    at org.apache.maven.lifecycle.internal.builder.singlethreaded.SingleThreadedBuilder.build (SingleThreadedBuilder.java:53)
    at org.apache.maven.lifecycle.internal.LifecycleStarter.execute (LifecycleStarter.java:118)
    at org.apache.maven.DefaultMaven.doExecute (DefaultMaven.java:261)
    at org.apache.maven.DefaultMaven.doExecute (DefaultMaven.java:173)
    at org.apache.maven.DefaultMaven.execute (DefaultMaven.java:101)
    at org.apache.maven.cli.MavenCli.execute (MavenCli.java:906)
    at org.apache.maven.cli.MavenCli.doMain (MavenCli.java:283)
    at org.apache.maven.cli.MavenCli.main (MavenCli.java:206)
    at jdk.internal.reflect.DirectMethodHandleAccessor.invoke (DirectMethodHandleAccessor.java:104)
    at java.lang.reflect.Method.invoke (Method.java:565)
    at org.codehaus.plexus.classworlds.launcher.Launcher.launchEnhanced (Launcher.java:255)
    at org.codehaus.plexus.classworlds.launcher.Launcher.launch (Launcher.java:201)
    at org.codehaus.plexus.classworlds.launcher.Launcher.mainWithExitCode (Launcher.java:361)
    at org.codehaus.plexus.classworlds.launcher.Launcher.main (Launcher.java:314)
[ERROR] 
[ERROR] 
[ERROR] For more information about the errors and possible solutions, please read the following articles:
[ERROR] [Help 1] http://cwiki.apache.org/confluence/display/MAVEN/MojoExecutionException
[DEBUG] Shutting down adapter factory; available factories [file-lock, rwlock-local, semaphore-local, noop]; available name mappers [discriminating, file-gav, file-hgav, file-static, gav, static]
[DEBUG] Shutting down 'file-lock' factory
[DEBUG] Shutting down 'rwlock-local' factory
[DEBUG] Shutting down 'semaphore-local' factory
[DEBUG] Shutting down 'noop' factory
